"name","address","phone","website","profileUrl","isPremiumMember"
"JPEV Logistics SRL","Av.Corrientes 753 piso 13 B, CABA, Buenos Aires, 1407","+5491169196475","","https://www.freightnet.com/profile/227465.htm","Yes"
"AFFARI GROUP SRL","LAVALLE 437 4º  A, CABA, Buenos Aires, C1047AAI","5411 4394-2735","http://www.affari.com.ar/","https://www.freightnet.com/profile/51520.htm","Yes"
"Permex SRL","Av Vélez Sarfield 4100 , Ricchieri 3331, CORDOBA - CORDOBA CAPITAL, CORDOBA, 5016","","","https://www.freightnet.com/profile/264771.htm","No"
"All America Freight Services Corp","Soface, S.A. , Alsina 495 - 3er. Piso, Buenos Aires, C1087AAE","","","https://www.freightnet.com/profile/9977.htm","No"
"Global Starship S.R.L.","Florida 15 , CABA, CABA, 1005","","","https://www.freightnet.com/profile/257606.htm","No"
"Argentina Comercio Internacional S.R.L.","Piedras 335, Piso 2 Of. 10 , , Buenos Aires, C1070AAG","","","https://www.freightnet.com/profile/12392.htm","No"
"CUPA SHIPPING, S.A.","Olazabal 3876 , Lanus Oeste, Buenos Aires, Buenos Aires, 1824","","","https://www.freightnet.com/profile/218646.htm","No"
"ESTUDIO LIGORI","BALCARCE 226  , CABA, ARGENTINA, 1064","","","https://www.freightnet.com/profile/255899.htm","No"
"Cargas del Sur del Plata","Belgrano 615 , Buenos Aires, Buenos Aires, 1092","","","https://www.freightnet.com/profile/242710.htm","No"
"Swan Logistics","268 Suipacha St. , CABA, ARGENTINA, 1008","","","https://www.freightnet.com/profile/251761.htm","No"
"FINVESA LOGISTICA SA","CERRITO 1320 PISO 12, OF C , CIUDAD AUTONOMA DE BUENOS AIRES, BUENOS AIRES, 1010","","","https://www.freightnet.com/profile/160073.htm","No"
"Anaya San Martín Freight Forwarder","Alem 424  , Caba, Buenos Aires, 1003AAR","","","https://www.freightnet.com/profile/21815.htm","No"
"Americana Shipping Group SRL","Av. Corrientes 640 - 3er Piso - 40 A , , Buenos Aires, C1043AAS","","","https://www.freightnet.com/profile/12811.htm","No"
"Tlogistica","Lobato 996 , Almirante Brown, Argentina, 1849","","","https://www.freightnet.com/profile/148365.htm","No"
"FIRST LOGISTIC CARGO SA","RIOBAMBA 429 - PISO 3 - OF. 310 , CABA - BUENOS AIRES, ARGENTINA, C1025ABI","","","https://www.freightnet.com/profile/151202.htm","No"
"Smart Logistics SA","Avda Belgrano 485 4th floor 9 , , Buenos Aires, 1092","","","https://www.freightnet.com/profile/23121.htm","No"
"MissionLine Logistics S.A.","Acassuso 548 , San Isidro, Buenos Aires, B1642CGL","","","https://www.freightnet.com/profile/13300.htm","No"
"ATA LOGISTICS ARGENTINA (IATA CARGO AGENT)","Bco encalada 2192 , San Isidro, Bs As, 1609","","","https://www.freightnet.com/profile/119737.htm","No"
"GOLD LOGISTICS S.A","Bolivar 238 4to A , Capital Federal, Argentina, 1066","","","https://www.freightnet.com/profile/223943.htm","No"
"Delia R. Flores Logística Internacional S.A.","Azopardo 477 - 1º Of. 1 , , Buenos Aires, C1107ADE","","","https://www.freightnet.com/profile/3014.htm","No"
"SIGMA INTERNATIONAL LOGISTICS SRL","FLORIDA 253 9TH FLOOR , SUITE L, C.A.B.A, ARGENTINA, C1005AAE","","","https://www.freightnet.com/profile/137339.htm","No"
"TMI SA","Huarpes 539 , Mendoza, Argentina, 5500","","","https://www.freightnet.com/profile/166739.htm","No"
"Almar Rosario S.R.L.","Corrientes 653 - P 6 , Rosario, Santa Fe, 2000","","","https://www.freightnet.com/profile/216802.htm","No"
"Neocargo","Defensa 275 1 8 , Buenos Aires, CABA, 1065","","","https://www.freightnet.com/profile/215285.htm","No"
"SIF Argentina","Adolfo Alsina N° 756 Piso 9 , Buenos Aires, Buenos Aires, C1087AAL","","","https://www.freightnet.com/profile/158733.htm","No"
"Crossing Continents Logistics S.R.L.","Rivadavia 1157 Piso 5 , , Buenos Aires, 1033","","","https://www.freightnet.com/profile/20861.htm","No"
"GM CARGO SRL","BELGRANO AVENUE 687 , 3rd Floor - Room 12, BUENOS AIRES CITY, C1092AAG","","","https://www.freightnet.com/profile/15145.htm","No"
"Comexarg SRL","Sarmiento 1031 9B , Rosario, Argentina, 2000","","","https://www.freightnet.com/profile/129043.htm","No"
"Almar Internacional SA","Monseñor Magliano 3051 , San Isidro, Buenos Aires, 1642","","","https://www.freightnet.com/profile/181727.htm","No"
"Ganimai S.R.L.","Moreno 748 , CABA, Buenos Aires, 1067","","","https://www.freightnet.com/profile/152452.htm","No"
"atlas shipping","bernardo irigoyen 972  , buenos aires, argentina buenos aires, 1072","","","https://www.freightnet.com/profile/172923.htm","No"
"GREEN LOG SRL","RECONQUISTA 572 , BUENOS AIRES, ARGENTINA, 1003","","","https://www.freightnet.com/profile/166507.htm","No"
"Grupo Operadores sa","Av Rivadavia 1367 1B , Buenos Aires, Buenos Aires Argentina, 1033","","","https://www.freightnet.com/profile/171742.htm","No"
"Bymar Transforwarding SRL","Mexico 441  Floor 2 Suite C , Buenos Aires, Argentina, 1097","","","https://www.freightnet.com/profile/129880.htm","No"
"Sietemares Cargas","Beruti 3737 4º , , Buenos Aires,","","","https://www.freightnet.com/profile/8515.htm","No"
"TICARGAS Intl. Logistics Services SA","Defensa 269 PB 1 , Buenos Aires, Argentina, 1065","","","https://www.freightnet.com/profile/157253.htm","No"
"NEOCARGO S.A.","Defensa 275 1º Loft 8 , , Capital Federal, 1407","","","https://www.freightnet.com/profile/20628.htm","No"
"JD Logistics","Av. Leandro N. Alem 530 , Buenos Aires, CABA, 1001","","","https://www.freightnet.com/profile/153327.htm","No"
"EUROPARTNERS ARGENTINA SA","Lima 555 OF. 603 , CABA, Buenos Aires, C1073AAK","","","https://www.freightnet.com/profile/158108.htm","No"
"Transter Logistica SRL","Caboto 663 , Buenos Aires, CABA, 1157ABK","","","https://www.freightnet.com/profile/143732.htm","No"
"Speed Customs SRL","Esmeralda 155 Floor 2 Of. 11 , CABA, Argentina, C1035ABC","","","https://www.freightnet.com/profile/120913.htm","No"
"Aramis Global Trading SRL","Av Belgrano 748 , Buenos Aires, Argentina, 1092","","","https://www.freightnet.com/profile/64574.htm","No"
"BTG Argentina","Av. Bernardo Ader 2250 , Munro, Buenos Aires / Argentina, 1605","","","https://www.freightnet.com/profile/150065.htm","No"
"SKY CARGO SRL","LAVALLE 391 2B , , Buenos Aires, 1037","","","https://www.freightnet.com/profile/45077.htm","No"
"Najman Solutions","Esmeralda 819, 1er piso B , Buenos Aires, Argentina, C1007ABI","","","https://www.freightnet.com/profile/55758.htm","No"
"SASH LOGISTICS SRL","AV BELGRANO 634 , BUENOS AIRES, BUENOS AIRES/ARGENTINA, 1092","","","https://www.freightnet.com/profile/149353.htm","No"
"Acosta Logistica","Cno. Gral. Belgrano 8782 , J.M. Gutierrez, BUENOS AIRES / ARGENTINA, 1890","","","https://www.freightnet.com/profile/148127.htm","No"
"Aramis Global Trading SRL","Av Belgrano 748, 10th Floor, Office 102 , Buenos Aires, Argentina, 1092","","","https://www.freightnet.com/profile/64575.htm","No"
"DIAGONAL TRADE S.A.","Av. Julio A Roca 695 9º B , , Buenos Aires, 1067","","","https://www.freightnet.com/profile/12621.htm","No"
"SPeed Shipping S.A.","Av. Pres. R. Saenz Peña 651 Piso 4to Of 65 , Buenos Aires, Argentina, C1035AAB","","","https://www.freightnet.com/profile/139060.htm","No"
"PARON SRL","Av Julio A Roca 590 - Piso 9 , Capital Federal, Buenos Aires - Argentina, 1067","","","https://www.freightnet.com/profile/132416.htm","No"
"VS Cargo - Freight Forwarder","Av. Cordoba 652 - 2b , , Buenos Aires, C1054","","","https://www.freightnet.com/profile/19502.htm","No"
"Donaldson Logística S.R.L","Garro 3053, Of. B , federicor@donaldsonlogistica.com.ar, Buenos Aires, Argentina, 1243","","","https://www.freightnet.com/profile/134661.htm","No"
"ALL TRADE FORWARDING S.R.L.","Perú 457 P.1º Of. ""C"" - C1067AAJ , Buenos Aires, Argentina, C1067AAJ","","","https://www.freightnet.com/profile/54378.htm","No"
"Decma Cargas SRL","Bv. Avellaneda 1018 , Rosario, Argentina, 2000","","","https://www.freightnet.com/profile/129566.htm","No"
"Addax Cargo de Asav  S.A","Marcelo T. de Alvear 624 - 5 piso Of 34 , , Buenos Aires, C1058AAH","","","https://www.freightnet.com/profile/1171.htm","No"
"Decma Cargas S.R.L.","Venezuela 110, Piso 12°, Oficina ""F"" , Ciudad Autonoma de Buenos Aires, Argentina, C1095AAD","","","https://www.freightnet.com/profile/84783.htm","No"
"Liber Line SRL","Maipu 763 - 5° \\ , CABA, Buenos Aires, C1006ACI","","","https://www.freightnet.com/profile/107533.htm","No"
"Argentina Cargo S.R.L.","Adolfo Alsina 495 11th Floor , Caba, Buenos Aires, C1087AAE","","","https://www.freightnet.com/profile/18350.htm","No"
"Pandion","Mariano Acha 1066, 7F , Capital Federal, Buenos Aires / Argentina, 1427","","","https://www.freightnet.com/profile/118343.htm","No"
"Containers Service SRL","Alicia Moreau de Justo 1180 Piso 1 Oficina 101 “C” , Puerto Madero, CABA, Argentina, C1107AAX","","","https://www.freightnet.com/profile/101882.htm","No"
"CV TRADE INTERNATIONAL","Gral Guido 2068 , Capital Federal, Buenos Aires - Argentina, 1824","","","https://www.freightnet.com/profile/82509.htm","No"
"ESTUDIO FRASSIA CUSTOM BROKER","MEXICO 668 2 C , CIUDAD AUTONOMA BUENOS AIRES, ARGENTINA, 1097","","","https://www.freightnet.com/profile/118211.htm","No"
"Netz Global SRL","Maipu 234 , of. 70, Buenos Aires, Argentina, 1000","","","https://www.freightnet.com/profile/116971.htm","No"
"SVP Business Development","Ciudad de la Paz 353 - Office 302 , Buenos Aires, Argentina, 1426","","","https://www.freightnet.com/profile/98966.htm","No"
"Solutions Logistics SRL","Suipacha 612 3F , , Buenos Aires,","","","https://www.freightnet.com/profile/13627.htm","No"
"Southatlantic Maritime S.A.","Peru 359 , Floor 7 Of 705, Buenos Aires, C1067AAG","","","https://www.freightnet.com/profile/2824.htm","No"
"INOLSUR SEA & AIR CARGO S.A.","Sarmiento 732-2nd Floor , Buenos Aires, Buenos Aires, Argentina, (C1041AAP)","","","https://www.freightnet.com/profile/101425.htm","No"
"IN & OUT GLOBAL LOGISTICS","Sarmiento 1438, Piso 2°, Oficina: ""B"" , Capital Federal, Argentina, 1043","","","https://www.freightnet.com/profile/109353.htm","No"
"Regional Cargo S.A.","Sarmiento 983, piso 11 of a , 11, Caba, 1041","","","https://www.freightnet.com/profile/105959.htm","No"
"Latin Mundo S.A.","25 de Mayo 252 2º Floor - UF 40 , , Capital Federal, C1002ABF","","","https://www.freightnet.com/profile/10958.htm","No"
"TPF Forwarding Network (Argentina)","Reconquista 715 3ro. A , Buenos Aires, Argentina, C1003ABO","","","https://www.freightnet.com/profile/108466.htm","No"
"ADS Cargas Internacionales","Paraguay 390, Floor 7 , Buenos Aires, Argentina, 1057","","","https://www.freightnet.com/profile/85211.htm","No"
"3PLatam","Lima 1225 , Buenos Aires, CABA, 2416","","","https://www.freightnet.com/profile/97756.htm","No"
"N.V.O.C.C. Trans S.R.L.","Defensa 649 - 2° Piso - Of. C , , Buenos Aires, 1065","","","https://www.freightnet.com/profile/3341.htm","No"
"Marlink S.R.L.","Av. Corrientes 640 - 3 Rd- Floor , , Buenos Aires, C1043AAT","","","https://www.freightnet.com/profile/2144.htm","No"
"Aerodoc Inc SA","Libertador 250 , , Buenos Aires, B1638 BEX","","","https://www.freightnet.com/profile/14623.htm","No"
"BRENG Logistic","466 1553 , lL plata, Buenos Aires, 1896","","","https://www.freightnet.com/profile/94540.htm","No"
"A PATAGONIA CARGO S.A.","Esmeralda 634, Piso 1°, Of. E , Buenos Aires, Argentina, C1007ADB","","","https://www.freightnet.com/profile/82885.htm","No"
"World Global Logistic","Tucuman 540 8°F , , Buenos Aires, 1049","","","https://www.freightnet.com/profile/12854.htm","No"
"Francamar Logistics","Tucumán 540 - 14th Floor Office B , , Buenos Aires, C1049AAL","","","https://www.freightnet.com/profile/12085.htm","No"
"International Transport  Services","Av. Belgrano 845 8 A , , Buenos Aires, 1092AAI","","","https://www.freightnet.com/profile/1762.htm","No"
"OSH GLOBAL SERVICES","Esmeralda 561, floor 14, of. 170 (CP1007) , BUENOS AIRES, CAPITAL FEDERAL, ARGENTINA, 1007","","","https://www.freightnet.com/profile/62645.htm","No"
"Go To Buenos Aires SRL","Balcarce 353 1. Floor 3 off , Capital Federal, Argentina, 1067","","","https://www.freightnet.com/profile/85971.htm","No"
"Ganbatte","Av. Belgrano 835 2º D , Aeropuerto Internacional de Ezeiza (EZE), Buenos Aires, C1092AAI","","","https://www.freightnet.com/profile/7244.htm","No"
"Transportes Internacionales S.R.L.","Av. Belgrano 225, 5°piso, Dto. A , , Buenos Aires, C1092AAC","","","https://www.freightnet.com/profile/4406.htm","No"
"Devco SRL","Av. de Mayo 666 3rd floor , , Buenos Aires, 1084","","","https://www.freightnet.com/profile/14264.htm","No"
"Argead Star Shipping","Maipu 671 Piso 2º Of.21º , Buenos Aires, Argentina, C1006ACG","","","https://www.freightnet.com/profile/64620.htm","No"
"POINTS CARGO INTERNATIONAL","MEDRANO 184 4º Floor , Office B, CABA, BUENOS AIRES, C1179AAB","","","https://www.freightnet.com/profile/51669.htm","No"
"Excelcargo S.A.","Sarmiento 944, piso 1A , Buenos Aires, Buenos Aires, C1041AAT","","","https://www.freightnet.com/profile/55583.htm","No"
"Global Express Argentina S.A.","Corrientes 543 - P5a , , Buenos Aires, 1043","","","https://www.freightnet.com/profile/367.htm","No"
"BAS Logistics SRL","Cerrito 484 -1 A , Buenos Aires, Argentina, 1010","","","https://www.freightnet.com/profile/56567.htm","No"
"Sea Condor srl","Adolfo Alsina 440  2A , , Buenos Aires, C1087AAF","","","https://www.freightnet.com/profile/52843.htm","No"
"Premium International Freight Argentina","Av. Corrientes, 676, 11º, D. , , Capital Federal, 1403","","","https://www.freightnet.com/profile/24021.htm","No"
"FULL CARGO S.R.L.","Carlos Pellegrini 1055 3rd Floor Suite , , Buenos Aires, C1009ABU","","","https://www.freightnet.com/profile/42497.htm","No"
"POINTS CARGO INTERNATIONAL","MEDRANO 184 4ºth Floor Office , Valentin Gomez 3843 4ºth Floor Office, Buenos Aires, C1189AAB","","","https://www.freightnet.com/profile/49910.htm","No"
"BREINKEMIN SRL","Cordoba 392 1A , , Capital Federal, 1054","","","https://www.freightnet.com/profile/49746.htm","No"
"N.V.O.C.C. Trans S.R.L.","Cochabamba 566 - Floor 1 - Loft 1 , , Capital Federal, C1150AAH","","","https://www.freightnet.com/profile/48659.htm","No"
"Ketras Cargo Argentina S.A.","Av. Callao 257 P. 1 A , Capital Federal, Buenos Aires, 1022","","","https://www.freightnet.com/profile/225.htm","No"
"Max Global S.R.L.","Talcahuano 316 , 5th Floor, Buenos Aires, 1013","","","https://www.freightnet.com/profile/226.htm","No"
"Talwin Transport Service S.A.","Av. Belgrano 634 Piso 2 Of. M , , Buenos Aires, 1092","","","https://www.freightnet.com/profile/1162.htm","No"
"Viacarga Sa","Maipu 871 4th A , , Buenos Aires, 1006","","","https://www.freightnet.com/profile/1465.htm","No"
"Emerson Freightwork","Talcahuano 316 5to Piso , , Buenos Aires, 1013","","","https://www.freightnet.com/profile/1721.htm","No"
"Hra Consultora S.R.L.","Bdo. De Irigoyen 582 1° C-D , , Buenos Aires, 1072","","","https://www.freightnet.com/profile/1761.htm","No"
"Outland Logistics","Moreno 786 , , Buenos Aires, C1091AAP","","","https://www.freightnet.com/profile/2038.htm","No"
"Cargo S.A.","Av. Sarmiento 1190 7ºfloor Of: C , , Buenos Aires, C1041AAX","","","https://www.freightnet.com/profile/2055.htm","No"
"Mediterraneo Cargo","Av. Belgrano 407 Floor 3 , , Buenos Aires, C1092AAE","","","https://www.freightnet.com/profile/3916.htm","No"
"Atlantic Cargo S.A.","J. Salguero 2731 7° , , Buenos Aires, C1425DEL","","","https://www.freightnet.com/profile/4174.htm","No"
"Sab Logistica S.A.","Sucre 2480 1er. Of. B , Beccar, Buenos Aires, 1642","","","https://www.freightnet.com/profile/4371.htm","No"
"Trade Express Int´l","Av. Belgrano 225 Piso 8 Dto A Cp C1092AAC Capital Federal , , Buenos Aires, C1092AAC","","","https://www.freightnet.com/profile/4424.htm","No"
"T.S.L. S.A.","Peru 367 Piso 12 , , Buenos Aires, C1067AAG","","","https://www.freightnet.com/profile/4765.htm","No"
"Esadin Int´l  S.A.","Av. Cordoba 918, Piso 4º Of: B - Capital Federal , , Buenos Aires, (C1054AAV)","","","https://www.freightnet.com/profile/4961.htm","No"
"Trade Baires International S.A.","Av. Belgrano 406 - Piso 4to. , , Buenos Aires, 1092","","","https://www.freightnet.com/profile/5050.htm","No"
"Fox Cargo","Adolfo Alsina 495 4to piso , , Buenos Aires, C1087AAE","","","https://www.freightnet.com/profile/5150.htm","No"
"All Cargo S.A.","Av. Rivadavia 893 - 10th floor , , Buenos Aires,","","","https://www.freightnet.com/profile/5768.htm","No"
"JCPCargo","Venezuela 110 1er Piso Of 11 , Ciudad Autonoma de Buenos Aires, , Buenos Aires,","","","https://www.freightnet.com/profile/5889.htm","No"
"New Harbour s.a.","Hipolito Yrigoyen 710 2º , , Buenos Aires,","","","https://www.freightnet.com/profile/6487.htm","No"
"CG Logistica","Maipu 42 8 Floor , , Buenos Aires,","","","https://www.freightnet.com/profile/6805.htm","No"
"International Cargo Co","Av Corrientes 922 , 1st Fl  Room 5, Buenos Aires,","","","https://www.freightnet.com/profile/7256.htm","No"
"Containers Global","Hernandarias 110 , , Capital Federal,","","","https://www.freightnet.com/profile/7442.htm","No"
"Logistica Internacional S.R.L.","Av. Belgrano 265 4th floor , , Buenos Aires,","","","https://www.freightnet.com/profile/8310.htm","No"
"Triton International S R L","Viamonte 464 10th Floor , , Buenos Aires, C1053ABJ","","","https://www.freightnet.com/profile/9499.htm","No"
"Comexar Shipping S A","Agustín Alvarez 232 , Off 3, Mendoza, Capital Federal, 5500","","","https://www.freightnet.com/profile/9597.htm","No"
"Uniocean Shipping S.A","San Martín 686 5th Floor , Cdad. Autónoma de Bs. As., Buenos Aires, C1004AAN","","","https://www.freightnet.com/profile/10357.htm","No"
"Chinf S.R.L.","Suipacha 519 - 1st Floor , , Buenos Aires, C1003AAK","","","https://www.freightnet.com/profile/12673.htm","No"
"A&Z Comercio Exterior","Castañares 4555 Piso 1 Dto. G , , Capital Federal, 1439","","","https://www.freightnet.com/profile/12921.htm","No"
"WB Internacional S.R.L.","Av. Belgrano 265 - 4º Piso , , Capital Federal, 1092","","","https://www.freightnet.com/profile/13558.htm","No"
"Caladan S.R.L.","Perú 457 6º ""D"" , , Buenos Aires, C1067AAI","","","https://www.freightnet.com/profile/13684.htm","No"
"MTM Internacional S.A.","Bolivar 391 Floor 7. Suite A , , Buenos Aires, C1066AAG","","","https://www.freightnet.com/profile/13954.htm","No"
"Novocargo Argentina S.R.L.","Peru 590 Piso 13 Of. B , , Capital Federal, 1068","","","https://www.freightnet.com/profile/14358.htm","No"
"Desarrolllos a Medida","O'Higgins 2.506 4º ""B"" , , Capital Federal, 1428","","","https://www.freightnet.com/profile/16089.htm","No"
"Slade Shipping","Tucuman 540 , , Capital Federal, 1049","","","https://www.freightnet.com/profile/16972.htm","No"
"Air Sea Cargo S.R.L.","Sarmiento 559  7º 113/115 , , Capital Federal, 1041","","","https://www.freightnet.com/profile/18001.htm","No"
"Impextrade srl","Rawson 3581 2A La Lucila , , Buenos Aires, 1637","","","https://www.freightnet.com/profile/18244.htm","No"
"Atlantic Cargo de Argentina S.A.","Av. Belgrano 430 - 6th Floor - Off. C , , Capital Federal, C1092AAR","","","https://www.freightnet.com/profile/19380.htm","No"
"MYX Internacional SRL","Esmeralda 1066 9° , , Buenos Aires, 1007","","","https://www.freightnet.com/profile/21598.htm","No"
"Juwald International SA","Arenales 2040 -1st Floor - Off 5  , Martinez, Buenos Aires, 1640","","","https://www.freightnet.com/profile/22170.htm","No"
"Seven Seas Air SRL","Florida 253 4 F , , Capital Federal, 1005","","","https://www.freightnet.com/profile/22232.htm","No"
"Speed Brokers Company","Córdoba  , No. 1147, Piso 09, Oficina 07, Rosario, Santa Fe, 2000","","","https://www.freightnet.com/profile/22591.htm","No"
"System Line Cargo Argentina","Reconquista 642 , Oficina 515, Buenos Aires,","","","https://www.freightnet.com/profile/22755.htm","No"
"Logistime S.R.L.","Bolivar 238 - 4th Floor - Suite A , , Buenos Aires, C1066AAF","","","https://www.freightnet.com/profile/22838.htm","No"
"4 Commerce S.R.L.","Av Belgrano  768 - 7M , , Buenos Aires, 1092","","","https://www.freightnet.com/profile/22991.htm","No"
"NIP CARGO SRL","Padilla 876, 4th Floor, Of. ""8"" , , Buenos Aires, 1414","","","https://www.freightnet.com/profile/24185.htm","No"
"meridien global logistics srl","bartolome mitre 797 10 floor , , Buenos Aires, 1036","","","https://www.freightnet.com/profile/44423.htm","No"
"meridien global logistics sr.","bartolome mitre 797 10 floor , , Buenos Aires, c1036aam","","","https://www.freightnet.com/profile/44455.htm","No"
"UPC Holding Group Argentina","A. Alsina 492 , , Buenos Aires, C1087AAF","","","https://www.freightnet.com/profile/52931.htm","No"
"MARLINK S.R.L.","San Jose 334 – 8th floor , Buenos Aires, Buenos AIRES, C1076AAH","","","https://www.freightnet.com/profile/55512.htm","No"
"Austral Bond SRL","Avellaneda 72, 4th Floor Of.24 , Capita Federal, Buenos Aires, C1405CNN","","","https://www.freightnet.com/profile/60713.htm","No"