"name","address","phone","website","profileUrl","isPremiumMember"
"Red Truck Removals & Storage","4 Steel St , Blacktown, NSW, 2148","","","https://www.freightnet.com/profile/246318.htm","No"
"Samaunz Removals & Transport","mt alexander road , Travencore, Victoria, 3032","","","https://www.freightnet.com/profile/170006.htm","No"
"Nuss Removals","708b Mowbray Rd , Lane Cove, NSW, 2066","","","https://www.freightnet.com/profile/158871.htm","No"
"Fair & Square Removals - Perth","710/23 Adelaide St , Fremantle, WA, 6160","","","https://www.freightnet.com/profile/154437.htm","No"
"Fair & Square Removals - Sydney","5/104 Commonwealth St , Surry Hills, NSW, 2010","","","https://www.freightnet.com/profile/154435.htm","No"
"B Moved","PO Box 7015 , Brendale, Queensland, 4500","","","https://www.freightnet.com/profile/128165.htm","No"
"Smart Move","16-18 Grosvenor St , Sydney, NSW, 2100","","","https://www.freightnet.com/profile/109652.htm","No"
"Sydney Express Removals","20 Victoria Road, Paramatta, N.S.W. 2150 , New South Wales, australia, 2150","","","https://www.freightnet.com/profile/98598.htm","No"
"Grace Removals","4 Tucks Rd , Seven Hills, New South Wales, 2147","","","https://www.freightnet.com/profile/9173.htm","No"
"GCM Cargo Logistics (AU) Pty Ltd","25 Pipe Lane , North Laverton, Melbourne, Vistoria, 3026","","","https://www.freightnet.com/profile/15091.htm","No"