"name","address","phone","website","profileUrl","isPremiumMember"
"TransCarers International Freight Forwarders","10 Axel St. , Dandenong, Australia, 3175","","","https://www.freightnet.com/profile/246646.htm","No"
"posttobd","1/3-5 , Houston Road, Kensington, NSW, 2033","","","https://www.freightnet.com/profile/163000.htm","No"
"ADG Freight Services","10 veronica street , Aberfoyle park, south australia, 5159","","","https://www.freightnet.com/profile/134299.htm","No"
"InXpress","1/26 , Flinders Parade, North Lakes, QLD, 4509","","","https://www.freightnet.com/profile/102748.htm","No"
"Moby Group Pty/Ltd T/As Mitre Transport","Po Box 320 Yagoona , Yagoona, NSW Australia, 2199","","","https://www.freightnet.com/profile/81861.htm","No"
"Uniair Cargo","23/284 Dorcas St , Melbourne, Victoria, 3205","","","https://www.freightnet.com/profile/16230.htm","No"
"L Austin.Q Transport Express","8 point cook rd, Altona Meadows ,  Victtoria   3028., Melbourne, Australia, 3028","","","https://www.freightnet.com/profile/54953.htm","No"