"name","address","phone","website","profileUrl","isPremiumMember"
"Core Logistics","80 Pipe Road , Laverton North, VIC, 3026","","","https://www.freightnet.com/profile/245080.htm","No"
"Overload Group","Unit 9, 60 Keilor Park Drive , Keilor East, VIC, 3033","","","https://www.freightnet.com/profile/259593.htm","No"
"V-Austrans Container Services","69 Bunting Road , Brooklyn, Victoria, 3012","","","https://www.freightnet.com/profile/197163.htm","No"
"Peak Trailers & Services","38 Diamond Drive , Koo Wee Rup, Victoria, 3981","","","https://www.freightnet.com/profile/179049.htm","No"
"Lee's Transport","31 Yeates Road , Kwinana, WA, 6167","","","https://www.freightnet.com/profile/110260.htm","No"
"Sykes Transport","13 Bradford Street , Kewdale, WA, 6105","","","https://www.freightnet.com/profile/110101.htm","No"
"PORTSIDE TRANSPORT","BARBERRY WAY , BIBRA LAKE, WESTERN AUSTRALIA, 6163","","","https://www.freightnet.com/profile/113945.htm","No"
"Hevi Haul Australia","81–83 Poole Street , Welshpool, Western Australia, 6106","","","https://www.freightnet.com/profile/119156.htm","No"