"name","address","phone","website","profileUrl","isPremiumMember"
"CLARKE GLOBAL LOGISTICS PTY LTD","BLDG A SUITE 3 85 TURNER STREET, PORT MELBOURNE, VIC, 3207","61 3 9854 3000","http://www.clarkeglobal.com.au/","https://www.freightnet.com/profile/83784.htm","Yes"
"AIR MENZIES INTERNATIONAL","19-21 Mace Way, MELBOURNE AIRPORT  VIC  3045, MELBOURNE AIRPORT, VIC, 3045","0491079202","","https://www.freightnet.com/profile/262959.htm","Yes"
"Uniair Cargo","Unit 6, 25 Ossary st, Mascot, NSW, 2020","61433772119","http://www.uniaircargo.com.au/","https://www.freightnet.com/profile/140608.htm","Yes"
"Ausken Logistics","29/74 Willandra Dr, Epping, VIC, 3076","+61391910075","http://www.ausken.com.au/","https://www.freightnet.com/profile/183784.htm","Yes"
"D & D Worldwide Logistics","SUITE 11, 10 MOORABOOL STREET, GEELONG, VIC, 3220","03 5222 2579","http://www.ddwlogistics.com/","https://www.freightnet.com/profile/83216.htm","Yes"
"Babiker shipping Pty Ltd","50 Callander Rd, Noble Park Victoria, Noble Park, VIC, 3174","41010487","https://www.babikershipping.com.au/","https://www.freightnet.com/profile/255513.htm","Yes"
"Freightnet International","P.O. Box 537, 9c International Square, Tullamarine, Victoria, 3043","+613 9335 4511","","https://www.freightnet.com/profile/9412.htm","Yes"
"Aviall Group // Air Charter Specialists","PO Box 79, BALACLAVA, VICTORIA, 3183","412501784","","https://www.freightnet.com/profile/257403.htm","Yes"
"MCC World International Pty  Ltd","18 /44 Sparks Ave , Fairfield, VIC, 3078","","","https://www.freightnet.com/profile/264784.htm","No"
"Ausken Logistics","29/74 ,  Willandra Dr, Epping, VIC, 3076","","","https://www.freightnet.com/profile/244815.htm","No"
"Excel Logistics Pty Ltd","P.O.Box 365 , Panania, New South Wales, 2213","","","https://www.freightnet.com/profile/52574.htm","No"
"AVANTI Freight Managment","Unit 4 , 43 Links Ave North, Eagle Farm (Brisbane), Queensland, 4009","","","https://www.freightnet.com/profile/57520.htm","No"
"AIR MENZIES INTERNATIONAL","19-21 Mace Way, MELBOURNE AIRPORT  VIC  3045 , MELBOURNE AIRPORT, VIC, 3045","","","https://www.freightnet.com/profile/262957.htm","No"
"SWT Logistics","Unit 7, 11-13 Lord St  , Botany, Australia, 2019","","","https://www.freightnet.com/profile/258926.htm","No"
"JETFAST EXPRESS PTY LTD","157 Burwood Rd Unit #129 , Hawthorn, VIC, 3122","","","https://www.freightnet.com/profile/162305.htm","No"
"Excel Worldwide Logistics Pty Ltd","33A Yellowbox Drive , Craigieburn, VIC, 3064","","","https://www.freightnet.com/profile/259872.htm","No"
"East West Express","Unit 2, 7 Superior Drive , Dandenong South, Victoria, 3175","","","https://www.freightnet.com/profile/257406.htm","No"
"KBF Logistics PTY Ltd","1 14 Manly Street Werribee  , Werribee, Victoria, 3030","","","https://www.freightnet.com/profile/220951.htm","No"
"Freightnet International","Unit 8B, 443 West Botany Street , Rockdale, NSW, 2216","","","https://www.freightnet.com/profile/92642.htm","No"
"Pivot Freight Solutions","Suite 8, 165-171 , Broadwater Terrace, Redland Bay, QLD, 4165","","","https://www.freightnet.com/profile/252489.htm","No"
"Think Global Logistics (TGL)","Level 2, 88 George Street The Rocks NSW 2000 , The Rocks, Australia, 2000","","","https://www.freightnet.com/profile/249570.htm","No"
"Poseidon Freight Pty Ltd","45B Hardie St , Mascot, Sydney, New South Wales, 2020","","","https://www.freightnet.com/profile/3050.htm","No"
"Dynamic Freight Management","155 Fison Avenue West 4009 Eagle Farm , Brisbane, QLD, 4009","","","https://www.freightnet.com/profile/111440.htm","No"
"Ordayee&co pty ltd","15 Stub st , kensington, Australia, 3031","","","https://www.freightnet.com/profile/226852.htm","No"
"Lou Valsecchi & Associates","10 Thermal Chase , Bibra Lake, Western Australia, 6163","","","https://www.freightnet.com/profile/140473.htm","No"
"Express Freight Management","Unit 11, 67 Bancroft Rd , Pinkenbar, Brisbane, Queensland, 4008","","","https://www.freightnet.com/profile/113011.htm","No"
"MCL Freight & Customs","75 Queen Victoria St , Fremantle, WA, 6160","","","https://www.freightnet.com/profile/243334.htm","No"
"Logistix Au Pty Ltd","201 Sussex St  , Sydney, New South Wales, 2000","","","https://www.freightnet.com/profile/51675.htm","No"
"Venture Freight Australia","POBox 703 , Tullamarine, Victoria, 3043","","","https://www.freightnet.com/profile/64733.htm","No"
"Cargo Australia Pty.Ltd","41 Albatross Ave , Hinchinbrook, NSW, 2168","","","https://www.freightnet.com/profile/99996.htm","No"
"MTF LOGISTICS PTY LTD","LEVEL 14, 122 ARTHUR STREET , NORTH SYDNEY, NSW, 2060","","","https://www.freightnet.com/profile/149718.htm","No"
"STS CARGO PTY LTD","42 Boorea St , LIDCOMBE, NSW, 2141","","","https://www.freightnet.com/profile/193254.htm","No"
"Cargoimpex","3 Cacia Avenue  , Seven Hills, NSW, 2147","","","https://www.freightnet.com/profile/225980.htm","No"
"Pacific Freight Link Australia PTY LTD","1-3 Westminster Avenue , DEE WHY, New South Wales, 2099","","","https://www.freightnet.com/profile/226141.htm","No"
"Transco Cargo","206-208 Discovery Road  , Dandenong South, Victoria, 3175","","","https://www.freightnet.com/profile/189844.htm","No"
"ABBA Logistics","Unit 8, 36 Ralph Street , Alexandria, NSW Sydney, 2015","","","https://www.freightnet.com/profile/56417.htm","No"
"TFG Global Pty Ltd","Level 1, 3/39 Barrie Road , Tullamarine, Victoria, 3043","","","https://www.freightnet.com/profile/219919.htm","No"
"Cargotrans International Freight","2A International Square , Tullamarine, Victoria, 3043","","","https://www.freightnet.com/profile/103829.htm","No"
"Export freight systems","14 cook parade  , Lemon tree passage, Nsw, 2319","","","https://www.freightnet.com/profile/172273.htm","No"
"Magellan Logistics","35 Catalina Dr , TULLAMARINE, VIC, 3043","","","https://www.freightnet.com/profile/213787.htm","No"
"TNP Global Logistics Pty Ltd","1/5 Mountain Crescent  , Mulgrave, Victoria, 3170","","","https://www.freightnet.com/profile/194325.htm","No"
"G. & J. Leyshon & Sons Pty. Ltd.","231a St. Vincent Street , Port Adelaide, South Australia, 5015","","","https://www.freightnet.com/profile/51.htm","No"
"Oxen Logistics","Suite 66, 20-40 Meagher Street , Chippendale, NSW, 2008","","","https://www.freightnet.com/profile/163296.htm","No"
"Pack & Send Mt Waverley","171 Waverley Rd , Mount Waverley, Victoria, 3149","","","https://www.freightnet.com/profile/24116.htm","No"
"Australia Freight Forwarder","15 Kendall ST , Clyde, NSW, 2142","","","https://www.freightnet.com/profile/135585.htm","No"
"Galaxy Freight International P/L","3/12-14 Northumberland Road , , New South Wales, 2229","","","https://www.freightnet.com/profile/54070.htm","No"
"BEST WAY CARGO","16 MOORE ST , BEXLEY, NSW AUSTRALIA, 2207","","","https://www.freightnet.com/profile/137527.htm","No"
"Race","16 Powdrill Road , Prestons, NSW, 2170","","","https://www.freightnet.com/profile/193525.htm","No"
"MHK CORPS PTY LTD","302/77 , Galada Avenue, Parkville, VIC, 3052","","","https://www.freightnet.com/profile/161442.htm","No"
"TSL Australia","43 High Street , Prahran, Victoria, 3181","","","https://www.freightnet.com/profile/14715.htm","No"
"Roman transport Pty ltd","19 Pembrey Road , Cairnlea, vic, 3023","","","https://www.freightnet.com/profile/187454.htm","No"
"PROFESSIONAL FREIGHT SERVICES PTY LTD","UNIT 6, 4-6 COMMERCIAL COURT , TULLAMARINE, VIC, 3043","","","https://www.freightnet.com/profile/139813.htm","No"
"Direction Freight International","81b Lipson Street , Port Adelaide, South Australia, 5015","","","https://www.freightnet.com/profile/160892.htm","No"
"Freight Solution","po Box 374 Yarraville , Yarraville, Victoria, 3013","","","https://www.freightnet.com/profile/154175.htm","No"
"Bollinger Shipping Agency Pty Ltd","6th Floor, 100 William St , Sydney, New South Wales, 2011","","","https://www.freightnet.com/profile/50.htm","No"
"Cargoconnect","Unit 5, 1 Westringia Road , Brisbane Airport, Brisbane, QLD, 4008","","","https://www.freightnet.com/profile/175093.htm","No"
"Freight & Customs Management International","405 Princes Highway , St Peters, New South Wales, 2044","","","https://www.freightnet.com/profile/20457.htm","No"
"EXPORTAIR","UNIT 3/ 26 FRICKER ROAD , PERTH INTERNATIONAL AIRPORT, PERTH, WESTERN AUSTRALIA, 6104","","","https://www.freightnet.com/profile/82255.htm","No"
"Dragon Logistics","Po Box 2157 , Greenvale, VIC, 3059","","","https://www.freightnet.com/profile/153894.htm","No"
"Australia International Logistics Pty Ltd","P.o Box 18047 , Clifford Gardens, QLD, 4350","","","https://www.freightnet.com/profile/152644.htm","No"
"Freightnet International Pty Ltd","P.O. Box 128 , Botany, Sydney, NSW, 1455","","","https://www.freightnet.com/profile/160159.htm","No"
"Moving Your World","P.O BOX 208 , OYSTER BAY, NSW, 2225","","","https://www.freightnet.com/profile/55357.htm","No"
"Exim Global Logistics","1F 33 Lambeck Drive , PO Box 525, Tullamarine, Victoria, 3043","","","https://www.freightnet.com/profile/134991.htm","No"
"Shiprite International","16 Waigani Avenue , DEER PARK, Victoria, 3023","","","https://www.freightnet.com/profile/154612.htm","No"
"Star Freight Services Pty Ltd","World Trade Centre Tower 4 611 Flinders Street , Melbourne, Vic, 3005","","","https://www.freightnet.com/profile/154490.htm","No"
"Raw Global","6 Palmer Parade , Cremorne, Victoria, 3121","","","https://www.freightnet.com/profile/151045.htm","No"
"Norfolk Forwarding Services","box 515 , Norfolk Island, NSW, 2899","","","https://www.freightnet.com/profile/150951.htm","No"
"Russell Bayliss Freight Consultancy and Brokers","27 Daniel Drive , Melbourne, Australia, 3555","","","https://www.freightnet.com/profile/143310.htm","No"
"loins recycling program Ghana","Accra  , tema moto way, kumasi, Accra Ghana, 00233 2331","","","https://www.freightnet.com/profile/145268.htm","No"
"Red Nav Pty Ltd","26/110 Inspiration Drive , WA6065 Wangara, Perth, WA, 6065","","","https://www.freightnet.com/profile/141316.htm","No"
"DH Pacific Freight","Point Cook , Melbourne, VIC, 3030","","","https://www.freightnet.com/profile/131566.htm","No"
"Hills Logistics","Level 12 37 Bligh Street , Sydney, NSW, 2000","","","https://www.freightnet.com/profile/138209.htm","No"
"BR International Logistics Pty Ltd.","1A Amour Street , Milperra, NSW, 2214","","","https://www.freightnet.com/profile/135765.htm","No"
"Peter Hodder & Associates PTY Ltd","Unit 4 Level 3 No 14 Queens Road , P O Box 7102, Melbourne, Victoria, 8004","","","https://www.freightnet.com/profile/8817.htm","No"
"freight forwader","5 john st , LIDCOMBE, NSW, 2141","","","https://www.freightnet.com/profile/137040.htm","No"
"Global air & sea services","10b flight drive, tullamarine , melbourne, Victoria, 3043","","","https://www.freightnet.com/profile/136277.htm","No"
"AUSSIE AIR & SEA","MELBOURNE AIRPORT REGION , PO BOX 2190, Sunbury, Victoria, 3429","","","https://www.freightnet.com/profile/130631.htm","No"
"Bell Total Logistics Pty Ltd","P.O.Box 417 , Bldg 2,117 Lambeck Drive, Tullamarine, Victoria, 3043","","","https://www.freightnet.com/profile/2743.htm","No"
"Bell Total Logistics Pty Ltd","50 Sherriff Street , Underdale, Adelaide, South Australia, 5032","","","https://www.freightnet.com/profile/3494.htm","No"
"Bell Total Logistics Pty Ltd","Unit 5, 30 Perry Street , Matraville, Sydney, New South Wales, 2036","","","https://www.freightnet.com/profile/3495.htm","No"
"Student Freight Australia","PO Box 2190 , Sunbury, Melbourne, Victoria, 3429","","","https://www.freightnet.com/profile/15500.htm","No"
"Excel Worldwide Logistics","2/33 Yellowbox Drive , Craigieburn, Victoria, 3064","","","https://www.freightnet.com/profile/100771.htm","No"
"Meridian Freight","Suite 218, 30-40 Harcourt Parade , Rosebery, Sydney, New South Wales, 2018","","","https://www.freightnet.com/profile/52.htm","No"
"All Ports International Logistics NSW Pty Ltd","Level 2, 1753 Botany Road Banksmeadow , Sydney, NSW, 2019","","","https://www.freightnet.com/profile/57855.htm","No"
"Shohphord global cargo ltd","22 covelee circuit  , Covelee circuit, Nsw, 2068","","","https://www.freightnet.com/profile/130315.htm","No"
"Professional Freight Services","Unit 6/4-6 Commercial Court , Tullamarine, Victoria, 3043","","","https://www.freightnet.com/profile/130169.htm","No"
"Express Freight Management","Po Box 909 , 12 Hercules Street, Hamilton, Brisbane, Queensland, 4007","","","https://www.freightnet.com/profile/2784.htm","No"
"KALIA EXPORT IMPORT SERVICES trade as Kalia freight forwarding","341A Beamish Street , campsie, Sydney NSW, 2194","","","https://www.freightnet.com/profile/53689.htm","No"
"Transolve Global","Level 7, 17-19 Alberta Street , Sydney, New South Wales, 2000","","","https://www.freightnet.com/profile/20311.htm","No"
"1 Logistics","P.O. Box 331 , Zillmere, Brisbane, Queensland, 4034","","","https://www.freightnet.com/profile/17117.htm","No"
"Melbourne Air & Seafreight Services","35-37 Tullamarine Park Road , EB Transport Complex, Tullamarine, Victoria, 3043","","","https://www.freightnet.com/profile/14889.htm","No"
"TPF Forwarding Network (Australia)","1/133-137 Beauchamp Road, Matravilla , Sydney, Australia, NSW 2036","","","https://www.freightnet.com/profile/117407.htm","No"
"BDP International","65 Doody Street , Alexandria, New South Wales, 2015","","","https://www.freightnet.com/profile/53044.htm","No"
"Crystal Customs Clearances Pty Ltd","405 Princes Highway , St Peters, Sydney, New South Wales, 2044","","","https://www.freightnet.com/profile/14734.htm","No"
"Regroup Logistics Pty Ltd","P O Box 162 , Essendon, Victoria, 3040","","","https://www.freightnet.com/profile/88333.htm","No"
"Transitainer WA Pty Ltd","50 William Street , Cannington, Western Australia, 6017","","","https://www.freightnet.com/profile/56698.htm","No"
"Alltrade Customs Clearance & Forwarding","Suite 2 , 271 Bay Street, Brighton-Le-Sands, Sydney, New South Wales, 2216","","","https://www.freightnet.com/profile/12019.htm","No"
"International Cargo Express Pty Ltd","8 Holland Street , Northgate, Queensland, 4013","","","https://www.freightnet.com/profile/16485.htm","No"
"Lawson Worldwide Forwarding Pty Ltd","32 Lillie Cres , Tullamarine, Melbourne, Victoria, 3043","","","https://www.freightnet.com/profile/17759.htm","No"
"Quickfreight International","Unit 3 36-42 Freight Road , Tullamarine, Victoria, 3043","","","https://www.freightnet.com/profile/16496.htm","No"
"Allworld Logistics Pty Ltd","18 McPherson Street , Coburg, Melbourne, Victoria, 3058","","","https://www.freightnet.com/profile/15992.htm","No"
"Unified Freight Solutions","35-37 Darcy Road , Westmead, NSW, 2145","","","https://www.freightnet.com/profile/100843.htm","No"
"RGD Transport","2 Gallant Way , Midvale, WA, 6056","","","https://www.freightnet.com/profile/108767.htm","No"
"Magellan Logistics Pty Ltd","Unit 38, 1-11 International Drive , Tullamarine, Victoria, 3043","","","https://www.freightnet.com/profile/20410.htm","No"
"PT. GOLDEN OCEAN INTERNATIONAL","Bumi Mandiri Building, Tower1, 10th Floor, Suite 1002A , Jend. basuki Rahmat street no.129 - 137, Surabaya, Indonesia, 60275","","","https://www.freightnet.com/profile/96863.htm","No"
"Melbourne Air & Seafreight  Services","Unit 4  1 Trade Park Drive , MELBOURNE AIRPORT, Tullamarine, Victoria, 3043","","","https://www.freightnet.com/profile/106814.htm","No"
"Affordable Shipping Pty Ltd","81A Haldon Street ,Lakemba , New South Wales, Sydney, Australia, NSW 2195","","","https://www.freightnet.com/profile/82577.htm","No"
"Depth Logistics","27 Godwin Street , Bulimba, QLD, 4171","","","https://www.freightnet.com/profile/101604.htm","No"
"Premier Transport Solutions","13 Custance St , Lathlain, Perth, WA, 6100","","","https://www.freightnet.com/profile/102560.htm","No"
"Danona Customs & Forwarding Pty Ltd","Unit 5/ 37-69 Union Street , Pyrmont, NSW Australia, 2009","","","https://www.freightnet.com/profile/100724.htm","No"
"International Cargo Express Pty Ltd.","284 Coward Street, Mascot , NSW, Sydney, 2020","","","https://www.freightnet.com/profile/99113.htm","No"
"Asean Cargo SerVICes Pty Ltd","Level 1 42 Pemberton Street Botany , Sydney, New South Wales, 2019","","","https://www.freightnet.com/profile/16462.htm","No"
"Log Ex International Freight Pty Ltd","14A/122-188 Ballarat Rd , www.logexfreight.com.au, Footscray, VIC, 3011","","","https://www.freightnet.com/profile/89297.htm","No"
"Bullocks Freightmasters International","Suite 37  , 27-35 William Street, Freemantle, Western Australia, 6160","","","https://www.freightnet.com/profile/23558.htm","No"
"Kakouros aviation enterprises","20 Hercules st Dulwich Hill  , Sydney, N.S.W., 2203","","","https://www.freightnet.com/profile/91683.htm","No"
"Skyline International Services","52 / 191  Railway Ave , , Western Australia, 6111","","","https://www.freightnet.com/profile/54179.htm","No"
"Discount Freight","PO Box 98 , Thornleigh, NSW, 2120","","","https://www.freightnet.com/profile/64353.htm","No"
"Seatram Australia P/L","Unit 6,  Level 1,  6-8 Crewe Place , Rosbery, Sydney, New South Wales, 2018","","","https://www.freightnet.com/profile/14465.htm","No"
"O'Farrell's","PO Box R320 Royal Exchange , Sydney, NSW, 1225","","","https://www.freightnet.com/profile/82440.htm","No"
"BRM Global Logistics Pty Ltd","11 Radcliffe Street , Melbourne, Victoria, 3003","","","https://www.freightnet.com/profile/50434.htm","No"
"FreightCare","PO Box 38 , Sydney, New South Wales, 2059","","","https://www.freightnet.com/profile/24263.htm","No"
"Complete Freight Pty Ltd","211 Grange Road , Findon, South Australia, 5023","","","https://www.freightnet.com/profile/9940.htm","No"
"GS logistics Pty Ltd","538 Gardener Rd, Alexandria , Mascot, sydney, 2215","","","https://www.freightnet.com/profile/11784.htm","No"
"Express Logistics International Pty Ltd","Unit 5 City Close 37-41 O'Riordan Street , Alexandria, New South Wales, 2015","","","https://www.freightnet.com/profile/16475.htm","No"
"Aussie Freight international logistics pty ltd","8/10 chapman place eagle farm , Brisbane, Queensland, 4009","","","https://www.freightnet.com/profile/52147.htm","No"
"Savino Del Bene Australia Pty Ltd","P.O. Box 6153 , Alexandria, New South Wales, 2015","","","https://www.freightnet.com/profile/19571.htm","No"
"star","8787 main street , sydney, sydney, 123854","","","https://www.freightnet.com/profile/82160.htm","No"
"Gary Williams Customs Agency","853 Nudgee Rd , Northgate, Queensland, 4013","","","https://www.freightnet.com/profile/718.htm","No"
"R.Brewer & Associates International","unit 17 , 1 -7 Argus Street, Cheltenham, South Australia, 3192","","","https://www.freightnet.com/profile/2094.htm","No"
"Rem International Pty Ltd","64 Truro Crescent , Keilor Lodge, Victoria, 3038","","","https://www.freightnet.com/profile/2237.htm","No"
"CEO Global Logistics","14/3 Westside Ave , Port Melbourne, Melbourne, Victoria, 3207","","","https://www.freightnet.com/profile/13406.htm","No"
"Freightplus (Australia) Pty Ltd","Newport Marina , 158 Griffith Road, Brisbane, Queensland, 4020","","","https://www.freightnet.com/profile/51256.htm","No"
"Matzen Cargo Pty Ltd","54 Raymond Avenue , Matraville, Sydney, NSW, 2036","","","https://www.freightnet.com/profile/57869.htm","No"
"Complete Shipping Consultants","85 Sheffield Road , Welshpool, Western Australia, 6100","","","https://www.freightnet.com/profile/57315.htm","No"
"Excess Baggage Co.","3 Byrnes St. , Botany, New South Wales, 2019","","","https://www.freightnet.com/profile/3564.htm","No"
"Australia Trade & Shipping","5 Bates St Springwood , P O Box 732, Brisbane, Queensland, 4127","","","https://www.freightnet.com/profile/3588.htm","No"
"GREAT GLOBAL AGENTS PTY LTD","57 ANNANDALE ROAD , Tullamarine, Victoria, 3043","","","https://www.freightnet.com/profile/52561.htm","No"
"AAA Forwarding Services (Triple A)","P O Box 877 , Petersham, New South Wales, 2049","","","https://www.freightnet.com/profile/10703.htm","No"
"Across the Ocean Shipping Pty Ltd","Level 1 , 32 Wangaratta Street, Richmond, Victoria, 3121","","","https://www.freightnet.com/profile/50626.htm","No"
"Seawings Shipping Pty Ltd","Unit 11, 12 Anderson Street , Botany, New South Wales, 2019","","","https://www.freightnet.com/profile/726.htm","No"
"First Mate Freight Forwarding Pty Ltd","42 Toronto Pde , Jannali, New South Wales, 2226","","","https://www.freightnet.com/profile/22597.htm","No"
"IFB Network Pty Ltd","Unit 9 30 Perry Street , Matraville, New South Wales, 2036","","","https://www.freightnet.com/profile/16483.htm","No"
"Gavs Bikes and Boats","2/9 Auger Way,, Margaret River, WA Australia, 6285","","","https://www.freightnet.com/profile/48686.htm","No"
"Pat & Rossi","Level 19, 140 St Georges Terrace , Perth, Western Australia, 6000","","","https://www.freightnet.com/profile/47290.htm","No"
"WACO Australia Pty Ltd","5 -15 Epsom Road , Rosebery, New South Wales, 2018","","","https://www.freightnet.com/profile/63.htm","No"
"E-Cargo.com.au","Po Box 67 , Adelaide, South Australia, SA5950","","","https://www.freightnet.com/profile/64.htm","No"
"CDS Overseas Pty Ltd","22 Mccauley Street , Matraville, New South Wales, 2036","","","https://www.freightnet.com/profile/682.htm","No"
"Intramar Pty Limited","Unit 1, 40 Derby Street , Tullamarine, Melbourne, Victoria, 3043","","","https://www.freightnet.com/profile/749.htm","No"
"Webimage Shipnet","Po Box 12597 Qld 4002 , Brisbane, Queensland, 4002","","","https://www.freightnet.com/profile/1328.htm","No"
"Tradeway.Com.Au","Lvl 8 , 15 Orion Rd., Lane Cove, New South Wales, 2066","","","https://www.freightnet.com/profile/1389.htm","No"
"International Freight Consolidators Pty Ltd","8 Garden Drive , Tullamarine, Victoria, 3043","","","https://www.freightnet.com/profile/1669.htm","No"
"Intercontainer Pty Ltd","Ground Floor , 446 Parramatta Road, Petersham, New South Wales, 2049","","","https://www.freightnet.com/profile/1962.htm","No"
"Export Consolidation Services (Australia) Pty Ltd","36 Assembly Drive , Tullamarine, Victoria, 3043","","","https://www.freightnet.com/profile/2053.htm","No"
"Link Logistics International P/L","18 Barrie Rd , P.O.Box 822, Tullamarine, Victoria, 3043","","","https://www.freightnet.com/profile/2221.htm","No"
"Afs Projects & Logistics","Unit 7 Terminal Drive , Eagle Farm, Queensland, 4009","","","https://www.freightnet.com/profile/2247.htm","No"
"J.N. Allen & Co. Pty. Ltd.","Ground Floor, 379 Kent Street , Sydney, New South Wales, 2000","","","https://www.freightnet.com/profile/3826.htm","No"
"L.C. Loynes & Associates","G.P.O. Box 2113 , Brisbane, Queensland, 4001","","","https://www.freightnet.com/profile/4517.htm","No"
"International Cargo Solutions","G.P.O. Box 2113 , Brisbane, Queensland, QLD 4102","","","https://www.freightnet.com/profile/4530.htm","No"
"Transworld Shipping","PO Box 1106 , Freemantle, Western Australia,","","","https://www.freightnet.com/profile/6100.htm","No"
"Pangaea","45 Yattenden Cres , Baulkham Hills, Sydney, New South Wales,","","","https://www.freightnet.com/profile/6305.htm","No"
"A Hartrodt Queensland Pty Ltd","22 Chapman Place , PO Box 1560, Eagle Farm, Queensland,","","","https://www.freightnet.com/profile/6837.htm","No"
"Gavos Freight Solutions","8 Tarmac Drive , Tullamarine, Melbourne, Victoria,","","","https://www.freightnet.com/profile/7267.htm","No"
"Freight Management Australia Pty Ltd","P O Box 528 , Glen Waverley, Victoria, 3150","","","https://www.freightnet.com/profile/9769.htm","No"
"TCF International Pty Ltd","Level 1, Building B3, 2-8 McPherson Street , Banksmeadow, Sydney, New South Wales, 2019","","","https://www.freightnet.com/profile/10238.htm","No"
"Customs Agency Services","273 Sir Donald Bradman Drive , Cowandilla, South Australia, 5033","","","https://www.freightnet.com/profile/10488.htm","No"
"First Logistics Pty Ltd","Lev 1, Unit 12 , 1801 Bontany Road, Botany, Sydney, New South Wales, 2019","","","https://www.freightnet.com/profile/11218.htm","No"
"Ocean Freight International","5/25 Jauncey Pl , Hillsdale, New South Wales, 2036","","","https://www.freightnet.com/profile/16259.htm","No"
"AABB-Australian Aircargo Break Bulk Services","108 Dalmeny Ave , Rosebery, New South Wales, 2018","","","https://www.freightnet.com/profile/16452.htm","No"
"APC Air & Sea Pty Ltd","Melbourne Airport Unit 2 3 Sperry Drive , Tullamarine, Victoria, 3043","","","https://www.freightnet.com/profile/16453.htm","No"
"ASA Logistics Pty Ltd","Level 2 Bayview Tower 1753 Botany Road , Banksmeadow, New South Wales, 2021","","","https://www.freightnet.com/profile/16454.htm","No"
"Activair Australia Pty Ltd","Unit 1 53-55 Burrows Road , Alexandria, New South Wales, 2015","","","https://www.freightnet.com/profile/16455.htm","No"
"Allfreight International","35 Catalina Drive , Tullamarine, Victoria,","","","https://www.freightnet.com/profile/16459.htm","No"
"Australian International Shipping SerVICes Pty Ltd","Melbourne Airport , Melbourne, Victoria, 3043","","","https://www.freightnet.com/profile/16463.htm","No"
"Campbell & Ronan Pty Ltd","Unit 4 19-21 Bourke Road , Alexandria, New South Wales, 2015","","","https://www.freightnet.com/profile/16468.htm","No"
"Concordia International Forwarding","8 Green Street , Botany, New South Wales, 2019","","","https://www.freightnet.com/profile/16473.htm","No"
"Deep Blue Australia Pty Ltd","Cnr Moore & Baker Sts Banksmeadow , Sydney, New South Wales, 2019","","","https://www.freightnet.com/profile/16474.htm","No"
"Frank Cridland Ray Katte Customs","Level 1 530 Botany Road , Alexandria, New South Wales, 2015","","","https://www.freightnet.com/profile/16477.htm","No"
"Freight Plan International Pty Ltd","Suite 23 Kewdale Business Park , Kewdale, Western Australia, 6105","","","https://www.freightnet.com/profile/16478.htm","No"
"Freight Systems International Pty. Ltd","325 Nudgee RoadHendra , Brisbane, Queensland, 4011","","","https://www.freightnet.com/profile/16479.htm","No"
"Fritz Fliway Pty Ltd","4 Stuart Road , Richmond, South Australia, 5033","","","https://www.freightnet.com/profile/16480.htm","No"
"Groupair Australia","Locked Bag 14 , Rosebery, New South Wales, 2018","","","https://www.freightnet.com/profile/16481.htm","No"
"Interport Cargo SerVICes BNE  Pty Ltd","7-11 Curtin Ave West , Hamilton, Queensland, 4007","","","https://www.freightnet.com/profile/16486.htm","No"
"Pilot Freight Pty Ltd","Unit 7a/154 O'Riordan Street , Mascot, New South Wales, 2020","","","https://www.freightnet.com/profile/16493.htm","No"
"Professional Freight SerVICes Pty Ltd","15 Freight Road Tullamarine 3043 , Melbourne, Victoria,","","","https://www.freightnet.com/profile/16495.htm","No"
"Ross Fehlberg Pty Ltd","1/ 19-21 Bourke Road , Alexandria, New South Wales, 2015","","","https://www.freightnet.com/profile/16497.htm","No"
"Schenker Int'l Australia  Pty Ltd","72-80 Bourke Road , Alexandria, New South Wales, 2015","","","https://www.freightnet.com/profile/16498.htm","No"
"Strang Pty Ltd","185-189 O'Riordan Street , Mascot, New South Wales, 2020","","","https://www.freightnet.com/profile/16500.htm","No"
"Wilson Logistics Pty Ltd","17 - 19 Myrtle Street , Botany, New South Wales, 2019","","","https://www.freightnet.com/profile/16505.htm","No"
"Pioneer International Logistics Pty Ltd","PO BOX 50 , Botany, New South Wales, 1455","","","https://www.freightnet.com/profile/49965.htm","No"
"Freightworks International","U8C, 443 West Botany Street , Rockdale, Sydney, New South Wales, 2216","","","https://www.freightnet.com/profile/18862.htm","No"
"Cargo Network (Australia)","P.O. Box 4082 , Kingsway, New South Wales, 2208","","","https://www.freightnet.com/profile/20567.htm","No"
"Dart Express Australia Pty Ltd","Unit 1 MIAC Building , International Drive, Tullamarine, Victoria, 3043","","","https://www.freightnet.com/profile/20811.htm","No"
"Pacific Gate Logistics Australia Pty Ltd","Level 1, 13 Sarah Street , Mascot, Sydney, New South Wales, NSW 2020","","","https://www.freightnet.com/profile/21670.htm","No"
"Pacific Horizons International Freight","Unit 1, 18-20 Maroubra Street , Maroochydore, Sunshine Coast, Queensland, 4558","","","https://www.freightnet.com/profile/22851.htm","No"
"MAC GLOBAL FREIGHT SOLUTIONS","UNIT 23, 1 INTERNATIONAL DRIVE , MIAC BUILDING, Tullamarine, Victoria, 3043","","","https://www.freightnet.com/profile/24338.htm","No"
"Bollinger Shipping Agency Pty Ltd","unit 14 , 7 Sefton Rd, Sydney, New South Wales, 2120","","","https://www.freightnet.com/profile/43560.htm","No"
"Transitainer WA Pty Ltd","50 William Street , Cannington, Western Australia, 6017","","","https://www.freightnet.com/profile/56699.htm","No"
"ACE Global Logistics","PO BOX 7183 , Alexandria, NSW Australia, 2015","","","https://www.freightnet.com/profile/84930.htm","No"
"Maxfill Australia Pty Ltd","Unit 17, 55-61 Pine Road , Yennora, NSW, 2161","","","https://www.freightnet.com/profile/99114.htm","No"
"Just MotoBike Transport","PO Box, Ormeau , Ormeau, Queensland, 4208","","","https://www.freightnet.com/profile/109301.htm","No"
"Mount Vernon Logistics","uite 325 shop 18 Ingham drive  , Casula, NSW, 2170","","","https://www.freightnet.com/profile/228224.htm","No"