"name","address","phone","website","profileUrl","isPremiumMember"
"Innovative Premier Brokers","Airport Industrial Park , Nassau, Bahamas, EE 17885","","","https://www.freightnet.com/profile/169210.htm","No"
"CLX Logistics","Myrtle Drive, Airport Industrial Park , Nassau, Bahamas, SS-6586","","","https://www.freightnet.com/profile/20554.htm","No"
"Cairn Logistics","Yamacraw , 43, Nassau, N.P., FH14575","","","https://www.freightnet.com/profile/158921.htm","No"
"DFT","HAMASF , BAHAMA, BAHAMAS, 043","","","https://www.freightnet.com/profile/114279.htm","No"
"G.T. Services","Queen's High , P.O. Box F-43846, Freeport, Grand Bahama,","","","https://www.freightnet.com/profile/16055.htm","No"