"name","address","phone","website","profileUrl","isPremiumMember"
"LFG DO BRASIL LTDA","RODOVIA PRESIDENTE DUTRA 2769 , PARQUE COLUMBIA, RIO DE JANEIRO, RIO DE JANEIRO, 21535903","","","https://www.freightnet.com/profile/254240.htm","No"
"LFG DO BRASIL LTDA","AVENIDA CARMELA DUTRA 180 , GALPAO 17, GUARULHOS, SAO PAULO, 07170150","","","https://www.freightnet.com/profile/254239.htm","No"
"Transcargo Brasil","Rua Trinta e Nove, 92 , Jd Aeroporto, Ilha Solteira, SP, 15387008","","","https://www.freightnet.com/profile/246581.htm","No"
"Comércio e Navegação Prates","Estrada do Brito, 6 - Cacau Pirêra , Iranduba, Amazonas/Brazil, 69405-000","","","https://www.freightnet.com/profile/170248.htm","No"
"Heavy Lift Logística Ltda","Avenida Vinte e Seis de Março, 302 - Centro , Poá, São Paulo/Brazil, 08562140","","","https://www.freightnet.com/profile/170246.htm","No"
"Ventcargo","Rua Líbia 300 , Novo Hamburgo, RS, 93346-130","","","https://www.freightnet.com/profile/62795.htm","No"
"TRESOR TRANSPORTES LTDA.","AV JOSE CESAR DE OLIVEIRA - 181 - CJ 402 , SAO PAULO, sp, 05317-000","","","https://www.freightnet.com/profile/64694.htm","No"