"name","address","phone","website","profileUrl","isPremiumMember"
"FKS LOGISTICS","av casa grande 850 , diadema, SÃO PAULO, 09961350","","","https://www.freightnet.com/profile/207273.htm","No"
"Aurum Freight International Ltda","Rua Reginaldo de Lima, 297 - Sala 22 e 24 , São Bernardo do Campo, São Paulo, 09820680","","","https://www.freightnet.com/profile/171735.htm","No"
"Cia Brokers","Av Jose Rocha Bomfim , 214, Campinas, SP/Brazil, 1308650","","","https://www.freightnet.com/profile/168214.htm","No"
"ABCDEX Cargo Transportation","Rua Padre Geronimo Cardim 282 , Sao PAulo, Sao Bernardo do Campo, 09810070","","","https://www.freightnet.com/profile/94805.htm","No"
"wcimports","rua nicolau laurentzen,318 , brusque, sc/brasil, 88350470","","","https://www.freightnet.com/profile/97049.htm","No"
"Greenwich Agenciamento de Cargas Internacionais Ltda.","Avenida Pavao, 367 , Sao Paulo, SP, 04516-010","","","https://www.freightnet.com/profile/133502.htm","No"