"name","address","phone","website","profileUrl","isPremiumMember"
"Дури Транс ЕООД","Георги Димитров 68  , Горско ново село, Велико Търново, 5975","","","https://www.freightnet.com/profile/263151.htm","No"
"Marvik Trade EOOD","Stip, 1 , Ruse, BG - Bulgarien, 7002","","","https://www.freightnet.com/profile/186072.htm","No"
"Marvik Trade EOOD","ul. Shtip 1 , Ruse, Bulgaria, 7002","","","https://www.freightnet.com/profile/118404.htm","No"
"Transbg.net","Banishora 22 , , Grad Sofiya, 1000","","","https://www.freightnet.com/profile/12895.htm","No"
"Easysped","7-mi Juli 4 , Veliko Tarnovo, 5000","","","https://www.freightnet.com/profile/18168.htm","No"
"Gtrans","Smerch 2 , , Grad Sofiya, 1400","","","https://www.freightnet.com/profile/21946.htm","No"
"LogisticsCentre.Net","Roza 19 , Varna, Varna, 9000","","","https://www.freightnet.com/profile/23883.htm","No"