"name","address","phone","website","profileUrl","isPremiumMember"
"Atlas Cargo Ltd","Sofia AIRPORT , block 3, Office 5, Sofia, Sofia, 1540","+359 2 9459068","http://www.atlas-cargo.bg/","https://www.freightnet.com/profile/19970.htm","Yes"
"Rs-Speed Cargo Ltd","BULGARIA, city Razgrad, str. HAN TERVEL, 3 , Razgrad, Razgrad, 7200","","","https://www.freightnet.com/profile/253278.htm","No"
"Cappelen Bugaria Ltd","2, Prof. Tsvetan Lazarov Blvd. , Sofia, Bulgaria, 1574","","","https://www.freightnet.com/profile/263844.htm","No"
"Radiant Ltd.","45 Alexander Dyakovich str. , office 38, Varna, Bulgaria, 9000","","","https://www.freightnet.com/profile/151406.htm","No"
"Беяз гюл 78 ЕООД","Нови Искър  , Нови Искър, България, 1280","","","https://www.freightnet.com/profile/216532.htm","No"
"MORFEY LOGISTICS","18 Parizhka komuna Str. , Varna, Bulgaria, 9000","","","https://www.freightnet.com/profile/57949.htm","No"
"MS Shipping Ltd.,","12-B Devnya Str.,3-rd fl , , Varna,","","","https://www.freightnet.com/profile/6278.htm","No"
"Netsys Logistics Ltd.","3, Niderle Str. fl.6, ap.6D , Varna, Bulgaria, 9002","","","https://www.freightnet.com/profile/143144.htm","No"
"Flamingo Shipping Ltd","32, Gen. Gurko Str. , Bourgas, Bulgaria, 8000","","","https://www.freightnet.com/profile/59664.htm","No"
"NTZ Transport","pliska 8  , Varna, Bulgaria, 9000","","","https://www.freightnet.com/profile/247625.htm","No"
"ET-RUMIANA HINKOVA-IVO TABAKOV","Stoian Mihailovski str. 4 V , Veliko Tarnovo, Veliko Tarnovo, 5000","","","https://www.freightnet.com/profile/231558.htm","No"
"Despred Plc","1202, Sofia, Bulgaria, 84 Vesletx str. , Sofia, Bulgaria, 1202","","","https://www.freightnet.com/profile/127434.htm","No"
"Demetra Trans Trade Ltd.","Alexander Dyakovich Str. N: 45, fl. 5, office 39 , , Varna, 9000","","","https://www.freightnet.com/profile/108995.htm","No"
"TIVA COM LTD","BUL.TURAKAN  72 , Default, Bulgria, 7009","","","https://www.freightnet.com/profile/232069.htm","No"
"Cross Logistics Ltd","1 Aleksander Jendov Str., fl. , Sofia, BULGARIA, 1113","","","https://www.freightnet.com/profile/135973.htm","No"
"Cargo Bulgaria Ltd.","1 Brussels Blvd, Institute of Air Transport, office 113 , Sofia, Sofia, 1540","","","https://www.freightnet.com/profile/215001.htm","No"
"Mireks Shipping Ltd","71-73, Totlebel blvd , Floor 1, Sofiya, 1606","","","https://www.freightnet.com/profile/14906.htm","No"
"NSEW SHIPPING LTD","10 San Stefano Street, fl.5,ap.10 , Varna, Bulgaria, 9000","","","https://www.freightnet.com/profile/140548.htm","No"
"CRIS AND SOR TRANS LTD","OSVOBOJDENIE 3 , PLOVDIV, PLOVDIV, 4023","","","https://www.freightnet.com/profile/195773.htm","No"
"BRIGHT LINES CARGO LTD","140, MIMI BALKANSKA STR. , SOFIA, SOFIA, 1540","","","https://www.freightnet.com/profile/118025.htm","No"
"KAM Logistics LTD","str. Patriarh Evtimii 5 , Dimitrovgrad, Bulgaria, Bulgaria, 6400","","","https://www.freightnet.com/profile/182438.htm","No"
"KG CARGO Ltd.","zh.k. Druzhba 2 , bl.285, vh.V, fl.8, app.2, Sofia, Sofia, 1582","","","https://www.freightnet.com/profile/107958.htm","No"
"D K Multimodal Transport Co Ltd","6, Tzanko Tzerkovski Str , Lozenetz, Sofia, Sofia, 1164","","","https://www.freightnet.com/profile/10052.htm","No"
"Ultima Shipping Bulgaria Ltd.","18, Macedonia Street , Bourgas, Bulgaria, 8000","","","https://www.freightnet.com/profile/145832.htm","No"
"Veslam Shipping Ltd","36, Tsar Simeon I str , ent W, Varna,","","","https://www.freightnet.com/profile/8005.htm","No"
"KROL TRANS LTD","Bulgaria,7000 RUSE ,BUL.Bulgaria 125 , Russe, Bulgaria, 7000","","","https://www.freightnet.com/profile/119278.htm","No"
"Atlas Cargo LTD","Airport Sofia, BL 3, OF 5 , Sofia, BULGARIA, 1584","","","https://www.freightnet.com/profile/159618.htm","No"
"Smart Logisitcs Europe Ltd","22 Mesta str , Petrich, Blagoevgrad, 2850","","","https://www.freightnet.com/profile/156420.htm","No"
"S logistics LTd","Sofia, kv. DImiter MIlenkov 83 , Sofia, Bulgaria, 1528","","","https://www.freightnet.com/profile/129393.htm","No"
"Business China Consulting LTD","Kazbek 59, Trade Center 345, 1 floor , Sofia, Sofia, 1680","","","https://www.freightnet.com/profile/116833.htm","No"
"Kristina Trans LTD","Dr.Hristo Tatarchev 28 , Blagoevgrad, Blagoevgrad, 2700","","","https://www.freightnet.com/profile/148630.htm","No"
"Norvik Transport  & Logistics Ltd.","1 Demokrazia Sq., fl.5, office 3 , Kyustendil, Bulgaria, 2500","","","https://www.freightnet.com/profile/146883.htm","No"
"MARANATA LOGISTICS LTD","Iliya Beshkov 12 , Sofia, Bulgaria, 1592","","","https://www.freightnet.com/profile/144171.htm","No"
"Maranata Logistics","12 Iliya Beshkov Str., floor 2 , Sofia, Bulgaria, 1000","","","https://www.freightnet.com/profile/143731.htm","No"
"Krol Trans Ltd","bulgaria 125 , Ruse, Bulgaria, 7000","","","https://www.freightnet.com/profile/142894.htm","No"
"Scandinavia Logistics Ltd.","Todor Djebarov Str. 135/ B/ 17 , Sofia, Sofia, 1404","","","https://www.freightnet.com/profile/142362.htm","No"
"Freeline Ltd","72, Burel Str , Entr. B, Fl 1, Grad Sofiya, 1408","","","https://www.freightnet.com/profile/10131.htm","No"
"MGL-BG  LTD","Targovska Str.6-8, ofis 5. BG 6300 Haskovo , Warehouse of MLG- Bg, ""Vrazhdebna"", Chelopeshko road,BG 1000 Sofia, Sofia, Haskovo, Bulgaria, 6300","","","https://www.freightnet.com/profile/141091.htm","No"
"Trans Pack Trading Ltd","Highway E79, Marikostinovo , MARIKOSTINOVO, BULGARIA, 2870","","","https://www.freightnet.com/profile/136981.htm","No"
"NIKEA GLOBAL","Mladost 1 , , Grad Sofiya, 1784","","","https://www.freightnet.com/profile/51715.htm","No"
"AI CARGO BG","102 Iztochna tangenta str , Sofia, Bulgaria, 1540","","","https://www.freightnet.com/profile/134548.htm","No"
"Cosmos Logistics Ltd.","6, Petko Karavelov str. , Varna, Bulgaria, 9000","","","https://www.freightnet.com/profile/63280.htm","No"
"ai cargo bg","Sofia Airport , Sofia, Bulgaria, 1540","","","https://www.freightnet.com/profile/131832.htm","No"
"INTERBUL TRANSPORT LTD.","Kalekovetz, izvan regulatsiq 11 , Plovdiv, Bulgaria, 4023","","","https://www.freightnet.com/profile/83031.htm","No"
"Stratos Commerce - Varna Ltd.","6, Baba Tonka Str , , Varna, 9000","","","https://www.freightnet.com/profile/9951.htm","No"
"ПИ ДИ ЕС-99","ХИМИК21 вхА ет4 , Видин, България, 3700","","","https://www.freightnet.com/profile/131712.htm","No"
"MAIK TRANS 2014","VASIL KOLAROV, 8300, SREDETS,BULGARIA , SREDETS, BURGAS, 8300","","","https://www.freightnet.com/profile/130836.htm","No"
"ELOG.BG","40 Blvd Macedonia str , Sofia, Grad Sofiya, 1528","","","https://www.freightnet.com/profile/51023.htm","No"
"Lioness Trade Ltd.","Hipodruma bl. 139 B vh.B et.1 ap 34 , Sofia, Bulgaria, 1612","","","https://www.freightnet.com/profile/62727.htm","No"
"Orbit Trans SMLLC Freight Forwarding","Krum Bachvarov 4 ap 21 , Vidin, Vidin, 3700","","","https://www.freightnet.com/profile/115161.htm","No"
"Micov Ltd.","Nikolaevska 24 , Ruse, Bulgaria, 7000","","","https://www.freightnet.com/profile/90425.htm","No"
"S-fraht ltd","16 A Ivan Drasov str. , Varna, Bulgaria, 9000","","","https://www.freightnet.com/profile/120983.htm","No"
"SOFIA LOGISTICS LTD","kv. Dimitar Milenkov 83, Iskar region , Sofia, Sofia, 1528","","","https://www.freightnet.com/profile/115889.htm","No"
"Bulgarian Logistic Company Ltd.","9 SINANISHKO EZERO , Sofia, Sofia, 1680","","","https://www.freightnet.com/profile/114089.htm","No"
"TRANS LAND BULGARIA LLC","1540 Sofia Airport, 1 Brussels blvd. bldg.3, fl.3, of.14 , Sofia, Bulgaria, 1540","","","https://www.freightnet.com/profile/118467.htm","No"
"World Transport Overseas Bulgaria Ltd","52G, Borovo str., fl.6, office 9 , , Grad Sofiya, 1680","","","https://www.freightnet.com/profile/24182.htm","No"
"Transfreight LTD","Sofia , Varna, Sofia, Bulgaria, 1111","","","https://www.freightnet.com/profile/117505.htm","No"
"Speed Sped Ltd","Sofia Airport, IVT bldg.2 office 5 , Sofia, Bulgaria, 1540","","","https://www.freightnet.com/profile/53817.htm","No"
"ALOG EOOD","3, Sofia str., fl.3 , Varna, Bulgaria, 9000","","","https://www.freightnet.com/profile/63034.htm","No"
"B LOGISTICS LLC","39, Ivan Aksakov Str , , Varna, 9002","","","https://www.freightnet.com/profile/50612.htm","No"
"Lion Shipping&Chartering LTD","10, San Stefano Str., fl.5, ap.10 , 2 Ivan Vazov Str.,fl.2, 8000 Bourgas, Varna, Bulgaria, 9000","","","https://www.freightnet.com/profile/57499.htm","No"
"TK Trading","Gramade 29 , Skravena, Sofia, 2150","","","https://www.freightnet.com/profile/104389.htm","No"
"Nivas 5 Ltd","Bulgaria.Sofia 1505,Prof.Georgy Zlatarski 5 street , Sofia, Bulgaria, 1505","","","https://www.freightnet.com/profile/100392.htm","No"
"Universal  Trading and Shipping LTD","52, Macedonia Str , Varna, Bulgaria, 9000","","","https://www.freightnet.com/profile/103730.htm","No"
"DELTA Shipping Services Ltd","4,Kavala str , Varna, Bulgaria, 9000","","","https://www.freightnet.com/profile/103525.htm","No"
"Aris Cargo Ltd","Sofia Airport , Bl.1, Ent.2, Suite 20, Grad Sofiya, 1540","","","https://www.freightnet.com/profile/13600.htm","No"
"MULTIMA BG","G.Benev 7 str. , , Plovdiv, 4003","","","https://www.freightnet.com/profile/53936.htm","No"
"AP Consult Ltd.","2, Zname, str. , Sofia, Bulgaria, 1504","","","https://www.freightnet.com/profile/90303.htm","No"
"BEKKER SERVICES LTD","43, ANGEL KANCHEV STREET FL.1, AP.5 , SOFIA, BULGARIA, 1000","","","https://www.freightnet.com/profile/90201.htm","No"
"Discordia Ltd","14, Asen Yordanov Blvd , , Grad Sofiya, 1592","","","https://www.freightnet.com/profile/14914.htm","No"
"Welz Internationale Spedition","Botevgradsko Chaussee Blvd. 247 , , Grad Sofiya, 1517","","","https://www.freightnet.com/profile/14183.htm","No"
"KAMP-TRANS LTD","slavianski 8 , dunav 10, Russe, Bulgaria, 7000","","","https://www.freightnet.com/profile/89774.htm","No"
"Tashev-Trans Ltd.","Tzvetana Krasteniakova 13 , Vratza,","","","https://www.freightnet.com/profile/6963.htm","No"
"Quicks Bulgaria Ltd","No. 18, Bozhur str , Varna, 9015","","","https://www.freightnet.com/profile/21498.htm","No"
"NTZ Transport Limited","8, Pliska Street , Varna, Bulgaria, 9000","","","https://www.freightnet.com/profile/460.htm","No"
"TRIMEX Ltd.","Main office: 4 Ivan Vazov Str., fl.2 , office 3 , 6500 Svilengrad , Bulgaria , Branch office: 50 Kapitan Raicho str., fl.3 , office 3 , 4000 Plovdiv , Bulgaria, Svilengrad, Bulgaria, 6500","","","https://www.freightnet.com/profile/65117.htm","No"
"Transport Bulgaria Ltd.","Bulgaria , Sofia, Sofia, 1000","","","https://www.freightnet.com/profile/84543.htm","No"
"BIS Logistics Ltd","Shar 26 , , Varna, 9000","","","https://www.freightnet.com/profile/53611.htm","No"
"Orbit Ltd.","16, Prodan Tarakchiev Str., Sofia Airport , Sofia, Sofia, 1540","","","https://www.freightnet.com/profile/62631.htm","No"
"Allied Pickfords Bulgaria","Building 12 , Business Park Sofia, Grad Sofiya, 1715","","","https://www.freightnet.com/profile/12594.htm","No"
". FIX LOG LTD","6M. TENEV,, SOFIA, BULGARIA, 1784","","","https://www.freightnet.com/profile/62644.htm","No"
"Tirex Logistics Ltd","16  Struga Str , , Grad Sofiya, 1202","","","https://www.freightnet.com/profile/9331.htm","No"
"Air Vortex Ltd","Astral Business Center, Office 3.4.1 , 80, Christopher Columbus blvd. Sofia Airport, Sofia, Grad Sofya, 1592","","","https://www.freightnet.com/profile/10258.htm","No"
"Bitum Trading Ltd","bul. Primorski 23 , Varna, Bulgaria, 9000","","","https://www.freightnet.com/profile/57586.htm","No"
"ARKAS BULGARIA Ltd","9000 Varna, 8 Prezviter Kozma Str , 1700 Sofia, 3 Prof. Georgi Bradistilov Str, Entr 2, Fl 3, office 7, Varna, 9000","","","https://www.freightnet.com/profile/53612.htm","No"
"Unimasters Freight Xpress Ltd","12 Prodan Tarakchiev Street , Eurogate Logistics Park, Grad Sofiya, 1592","","","https://www.freightnet.com/profile/16068.htm","No"
"Etna Cargo Transport Ltd.","5, 5004 str , , Grad Sofiya, 1528","","","https://www.freightnet.com/profile/52165.htm","No"
"BTS Globe Ltd","21, Vasil Drumev Str , , Grad Sofiya, 1505","","","https://www.freightnet.com/profile/17967.htm","No"
"Erotrans Ltd","Trebich,Building Erotrans 669 , , Grad Sofiya, 1298","","","https://www.freightnet.com/profile/51475.htm","No"
"TRIDENT FREIGHT Ltd.","46, Raiko Jinzifov Str , Varna, Varna, 9000","","","https://www.freightnet.com/profile/43007.htm","No"
"Vital Av Ltd","Sofia Airport, Bl.2, entr.2, App.15 , Sofia, BG, 1540","","","https://www.freightnet.com/profile/1271.htm","No"
"Manchorov","2 Ranni List Str , , Plovdiv, 4001","","","https://www.freightnet.com/profile/1674.htm","No"
"Migsped Ltd",", Plovdiv,","","","https://www.freightnet.com/profile/2761.htm","No"
"Triumph Maritime S.A.","18, Str. Sofroni Vratchanski Fl.1 , , Varna, 9000","","","https://www.freightnet.com/profile/4704.htm","No"
"Seamar Ltd.","8 Devnja Str., Office 116 , , Varna, 9010","","","https://www.freightnet.com/profile/4915.htm","No"
"Extrans Ltd.","46, William Gladstone , , Grad Sofiya, 1000","","","https://www.freightnet.com/profile/4937.htm","No"
"Sinhron-trans","bul. , Dobrich,","","","https://www.freightnet.com/profile/6577.htm","No"
"Donau Transit Ltd","1-B  Alexandrovska St , Russe,","","","https://www.freightnet.com/profile/7465.htm","No"
"Bulkam Sea Trading Ltd","5, Ferdinandova Str. , , Burgas,","","","https://www.freightnet.com/profile/7550.htm","No"
"Bon Marine Shipping Agency Ltd.","9, Plana Planina St. , , Grad Sofiya,","","","https://www.freightnet.com/profile/8145.htm","No"
"Orbit Ltd.","51 Podp. Yordan Todorov Str. , Airport Area, Grad Sofiya,","","","https://www.freightnet.com/profile/8382.htm","No"
"Log-Consult  Ltd.","23, Perushtitca str. , , Plovdiv, 4002","","","https://www.freightnet.com/profile/8415.htm","No"
"Balkan Lloyd Ltd.","31A Dragan Tzankov Blvd. , , Grad Sofiya,","","","https://www.freightnet.com/profile/8523.htm","No"
"CB Shipping Ltd","17 Golo Bardo Street, 4th floor, apt 8 , , Grad Sofiya,","","","https://www.freightnet.com/profile/8863.htm","No"
"Traykov Trans Ltd","80-A  Ruski Blvd , , Plovdiv, 4002","","","https://www.freightnet.com/profile/9262.htm","No"
"Key Partners Ltd","14 Georgi Benkovski Str , , Grad Sofiya, 1000","","","https://www.freightnet.com/profile/9564.htm","No"
"MAS Cargo","BL 1 Entr  1FL 2 , Sofia Airport, Grad Sofiya, 1540","","","https://www.freightnet.com/profile/9854.htm","No"
"Trident Freight Ltd","46 Raiko Jinzifof str , , Varna, 9000","","","https://www.freightnet.com/profile/11028.htm","No"
"MAS-Cargo Ltd","Sofia Airport , bl. 1, ent. 1, fl. 2, Grad Sofiya, 1540","","","https://www.freightnet.com/profile/11115.htm","No"
"ABE Logistics Ltd","22, Ohrid Street 3rd floor , Office1, Varna, 9000","","","https://www.freightnet.com/profile/11415.htm","No"
"Transmakers Ltd","12 B, Devnia str , , Varna, 9000","","","https://www.freightnet.com/profile/12504.htm","No"
"Stavrakov","j.r.Trakia, bl.110, vh.V, ap.10 , , Plovdiv, 4023","","","https://www.freightnet.com/profile/12908.htm","No"
"West East Sped Ltd","30 Kuklensko Shose Str , , Plovdiv, 4008","","","https://www.freightnet.com/profile/13160.htm","No"
"Mobille Ltd","16 Odrin str. , , Varna, 9001","","","https://www.freightnet.com/profile/13918.htm","No"
"Alexander Logistics Ltd","Sofia str.3 , , Varna, 9000","","","https://www.freightnet.com/profile/14153.htm","No"
"Frachtimpex Ltd","11, ""St.,St. Kiril & Metodii"" sqr. fl.2 , , Burgas, 8000","","","https://www.freightnet.com/profile/14277.htm","No"
"Paplog Ltd","2, Blvd. Professor Zvetan Lazarov , , Grad Sofiya, 1574","","","https://www.freightnet.com/profile/16108.htm","No"
"Nadejda 76","205 Al. Stamboliiski Blvd. Ofiice 209 , , Grad Sofiya, 1309","","","https://www.freightnet.com/profile/17267.htm","No"
"DHL Express (Bulgaria) EOOD","bul. Prodan Tarakciev 10 , , Grad Sofiya, 1540","","","https://www.freightnet.com/profile/17771.htm","No"
"Kostadinov","Ivan Rilski , Sofia, 1606","","","https://www.freightnet.com/profile/18612.htm","No"
"TST Ltd","Aleksandar Malinov, str, N14 , Varna, 9000","","","https://www.freightnet.com/profile/18634.htm","No"
"Delamode Bulgaria Ltd","18 Parva Balgarska Armia str. , , Grad Sofiya, 1220","","","https://www.freightnet.com/profile/21561.htm","No"
"Dimana Logistics Ltd.","69A Shipchenski prohod. Str. , Sofia, Sofia, 1574","","","https://www.freightnet.com/profile/54898.htm","No"
"Vida Sped Ltd","Krum Bychvarov 7 , Vidin, Vidin, 3700","","","https://www.freightnet.com/profile/132485.htm","No"