"name","address","phone","website","profileUrl","isPremiumMember"
"ILIS CARGO SHIPPING","Quartier Ouidi, Avenue Yatenga, RN2, Immeuble Wend Denda, Ouagadougou, Burkina Faso, 01 BV 30203","+226 25 65 31 94","https://iliscargoshipping.com/","https://www.freightnet.com/profile/258268.htm","Yes"
"BORYALOGISTCS","S/C 11 BP 178 Ouaga CMS 11, OUAGADOUGOU, OUAGADOUGOU, BURKINA FASO, S/C 11 BP 178 OUAGA CMS 11","+22655308773","http://www.boryalogistics.com/","https://www.freightnet.com/profile/239261.htm","Yes"
"GBTT Sarl","BP. 2230 , Ouagadougou, 01","","","https://www.freightnet.com/profile/14888.htm","No"
"EFADAS","Av. Houarie Boumediene, Ouagadougou , OUAGADOUGOU, BURKINA FASO, 6212","","","https://www.freightnet.com/profile/245971.htm","No"
"GROUPE-IMANA BF","15 BP 186 Ouaga 15 , Faso,Ouagadougou. Avenue Mogho Naba Wobgo, OUAGADOUGOU, Burkina Faso, 00226","","","https://www.freightnet.com/profile/158318.htm","No"
"AAFAB GLOBAL LOGISTICS SERVICES LTD","4738 Dioulasso,Ouagadougou, Burkina Faso ,  4738 Dioulasso,Ouagadougou, Burkina Faso, Ouagadougou, BURKINA FASO, 3000","","","https://www.freightnet.com/profile/227059.htm","No"
"AFRISIL GLOBAL FORWARDING LTD","BP2660, Bvd Des Tansoaba sect 15, Ouagadougou 01, Burkina Faso , Ouagadougou, Ouagadougou Burkina Faso, 00","","","https://www.freightnet.com/profile/193832.htm","No"
"Aaroco Global Trans & Logistics Services Ltd.","Dioulasso  BP 345  Bobo Dioulasso. , Ouagadougou, Burkina Faso, 3000","","","https://www.freightnet.com/profile/144316.htm","No"