"name","address","phone","website","profileUrl","isPremiumMember"
"DJEUKAM ET FILS SARL (DFS)","Carrefour Ange Raphaël, Cité SIC, Douala , Douala, Littoral, B.P 8578","","","https://www.freightnet.com/profile/259053.htm","No"
"PRIMEMOVE LOGISTICS LTD","Ancient Route Bonaberi Douala Cameroon +237 Douala, Cameroon , Ancient Route Bonaberi, Douala, 237","","","https://www.freightnet.com/profile/261259.htm","No"
"VISION GLOBALE LOGISTIQUE ET TRANSIT SARL","1 Etage Immeuble Kenya Airways BONANJO - DOUALA , DOUALA, CAMEROON, BP: 2853","","","https://www.freightnet.com/profile/214011.htm","No"
"SIR JONES SERVICE","Akwa , Douala, Cameroon, 237","","","https://www.freightnet.com/profile/94516.htm","No"
"Universal Network Service ( UNINET)","Sitabac building 1st floor, Bonanjo Douala, Cameroon , P.O Box 571, Douala, Littoral, 00000","","","https://www.freightnet.com/profile/188919.htm","No"
"SONY LOGISTIC S.A","DOUALA  CAMEROON , BONANJO, DOUALA, littoral, 237","","","https://www.freightnet.com/profile/92512.htm","No"
"LOMAC","BP 842 , Douala, Cameroon, Bebey Eyidi Akwa","","","https://www.freightnet.com/profile/100928.htm","No"
"1A freight and cargo express","No 498 Yaounde , Biyem Assi, Yaounde, Cameroon, 00237","","","https://www.freightnet.com/profile/86008.htm","No"