"name","address","phone","website","profileUrl","isPremiumMember"
"Manuport Logistics CM","N• 3 Rue de la Motte Piquet, Douala, Littoral, 00237","+237 681246889","http://manuport-logisticscm.com/","https://www.freightnet.com/profile/240513.htm","Yes"
"Worldwide Global Logistics and Forwarding SARL","Po Box 791, Douala, Littoral, 791","+237679898969","http://www.wglobalogistics.com/","https://www.freightnet.com/profile/188221.htm","Yes"
"RANDY LOGISTICS","Located at Bonanjo Guichet Unique , third building on your left, DOUALA, CAMEROON, +237","(+237) 653859167","https://www.randylogistics.com/","https://www.freightnet.com/profile/183984.htm","Yes"
"Universal Transit Sarl","P.O Box 3801 Rue Dikoume Bell-Douala , Douala, Littoral, 00237","","","https://www.freightnet.com/profile/163339.htm","No"
"Cargo Express Forwarding Company","Great Soppo Buea , Buea, Fako Division South West Region, P O Box 560","","","https://www.freightnet.com/profile/249674.htm","No"
"GIANT LOGISTICS SOLUTION","Douala- Cameroon , Rue 1.129 Prince Bell, Douala, Cameroon, central African Republic- Bangui & Chad, 15191","","","https://www.freightnet.com/profile/246554.htm","No"
"Sprintlog & safety","PO Box 144 Buea , Buea, Buea, 237","","","https://www.freightnet.com/profile/247154.htm","No"
"Fastmoves Logistics","Premier League building Molyko Buea Cameroon , Buea, Southwest Region, 00237","","","https://www.freightnet.com/profile/256253.htm","No"
"Rainbow Express","Entrée Gare Bessengue , Razel street,Clerks Qts, Douala, Littoral, 441","","","https://www.freightnet.com/profile/259309.htm","No"
"Dash Shifters Logistics","Centre ville , Yaounde, center Region, 00237","","","https://www.freightnet.com/profile/237304.htm","No"
"ndimarinegroup ltd","zone portuare  , quai 14 cnic uic, douala, cameroon, 2389","","","https://www.freightnet.com/profile/143321.htm","No"
"GLOLOG LTD","102 , Rue Memoze, Douala, Cameroon, +237","","","https://www.freightnet.com/profile/203716.htm","No"
"Global Freightage Services LTD","No. 706, Boulevard de la Republique, Bali , GFS Group Building, Douala Port Zone, Douala, Littoral, 00000","","","https://www.freightnet.com/profile/244681.htm","No"
"AB Capital Logistics Ltd","Ancienne Route, Bonaberi  , Douala, Cameroon, 237","","","https://www.freightnet.com/profile/206752.htm","No"
"NETRAC SARL","Carrefour Tiff, Bali , Douala Cameroon, Littoral, 00237","","","https://www.freightnet.com/profile/162034.htm","No"
"OMNIFREIGHT BVBA","Italielei 211, Antwerp, Belgium , transport@omnifreight.eu, Antwerp, Italielei, 211","","","https://www.freightnet.com/profile/251608.htm","No"
"GIANT LOGISTICS SOLUTION","Rue 1.129 Prince Bell,  Bali , Douala, Litoral Cameroon, 237","","","https://www.freightnet.com/profile/236388.htm","No"
"GLOBAL FREIGHTAGE SERVICES LTD","# 706, Boulevard de la Republique, Bali , 4th Floor, Building 'B', Douala, Littoral, +237","","","https://www.freightnet.com/profile/89650.htm","No"
"camerouncargologisticsinc","Douala , BP 1360 Rue Pau , Akwa, Douala , Douala, Douala, Camerooon, +237","","","https://www.freightnet.com/profile/250888.htm","No"
"Base Cameroon Ltd","82 Rue Dikoume Bell - Bali , Douala, Littoral, 0","","","https://www.freightnet.com/profile/184370.htm","No"
"INTERCONTINENTAL TRANSIT","Immeuble cinéma l'Eden - Bessengue , Douala, Cameroon, 15476","","","https://www.freightnet.com/profile/233793.htm","No"
"Bert-star Logistics","Rue port , Marche Sanaga, Douala, Cameroon, 00237","","","https://www.freightnet.com/profile/145712.htm","No"
"Express Forwarding Agency","Sodoko Bonaberi Douala , Great Soppo Buea, Douala, Littoral, 560 Buea","","","https://www.freightnet.com/profile/225164.htm","No"
"Handling and Transport","Bonapriso rue 1241 Paul Monthe , Face Afriland First Bank, Douala, Cameroon, 4007","","","https://www.freightnet.com/profile/208489.htm","No"
"SOGETRANS","AKWA  , DOUALA, CAMEROON, BP                    1333","","","https://www.freightnet.com/profile/216320.htm","No"
"IBTS LOGISTICS","CAREFOUR KAEYO ELLIE , DOUALA, cameroon, 237","","","https://www.freightnet.com/profile/211478.htm","No"
"JONGBANG LOGISTICS","+237677965682 , +237671372583, douala, cameroon, +237","","","https://www.freightnet.com/profile/211739.htm","No"
"Asah Freight Fowarder","Douala Akwa , Bounamoussadi, Douala, Littoral, +237","","","https://www.freightnet.com/profile/173887.htm","No"
"Ace Logistiks","No.4 Rue de la croix rouge Bastos , Yaounde, Centre, 00237","","","https://www.freightnet.com/profile/46663.htm","No"
"Express Forwarding Company Ltd","Akwa Douala , Douala, Cameroon, 560 Buea","","","https://www.freightnet.com/profile/157611.htm","No"
"AIR ALANDTIC CARGO LTD","B P 2560 AKWA DOUALA , DOUALA, LITTORAL REGION DOUALA, 237","","","https://www.freightnet.com/profile/108636.htm","No"
"RACH-TRANSIT","AKWA RUE JOFFRE , kribi, douala, CAMEROUN, 2760","","","https://www.freightnet.com/profile/222640.htm","No"
"M.A LOGISTICS AFRICA SERVICES","10, Blvd de la République , Situé derrière station Gulfin, Douala 1er, Bali, 3514","","","https://www.freightnet.com/profile/200260.htm","No"
"African InterContinental Group LLC.","Ancienne Route, Bonaberi - Douala. Cameroon , Cameroon, Littoral, 237","","","https://www.freightnet.com/profile/217180.htm","No"
"TRANSINOR CO, LTD","309, Rue Sylvani Akwa , Douala, Cameroon, PO. BOX 10190","","","https://www.freightnet.com/profile/131338.htm","No"
"samex sarl","douala hôtel solidarité , DOUALA, CAMEROON, 5310","","","https://www.freightnet.com/profile/210642.htm","No"
"ATLAS SHIPPING COMPANY","P.o.BOX: 15032 , Douala, Littoral, 15032","","","https://www.freightnet.com/profile/192168.htm","No"
"AFRISIL GLOBAL FORWARDING LTD","BP 4431 Rue Pau, Akwa Place, Douala, Cameroon , Douala, Douala, Cameroon, ooooo","","","https://www.freightnet.com/profile/193833.htm","No"
"SKYPE LOGISTICS SARL","PO BOX 3788 , DOUALA, DOUALA, CAMEROON, 0000","","","https://www.freightnet.com/profile/169867.htm","No"
"Intralex Cameroon","Immeuble Hogmeni, Bali , Douala, Cameroon, 000000","","","https://www.freightnet.com/profile/175965.htm","No"
"SAAT Global Logistics","PO Box 90 , Rei Bessenge, Douala, Littoral, 237","","","https://www.freightnet.com/profile/171680.htm","No"
"Vandish","Cameroon , Bamenda, Cameroon, 19970","","","https://www.freightnet.com/profile/163266.htm","No"
"Rajforwarding","Younde Cameroon , Younde, Cameroon, 00237","","","https://www.freightnet.com/profile/159800.htm","No"
"HLOG","Rue Joffre Akwa , Douala, Cameroon, BP 15442","","","https://www.freightnet.com/profile/107935.htm","No"
"First International Logistics LTD","Zone Portuaire (Port Area) , Bonanjo, Douala, Littoral, 1464","","","https://www.freightnet.com/profile/158645.htm","No"
"Aqua Air Cargo","No 0125 Rue Dikka , aquacargokamerun@gmail.com, Yaounde/Douala, Littoral, 002137","","","https://www.freightnet.com/profile/120493.htm","No"
"SAL LOGISTICS S.A","Rue Kotto , 0124, Douala, Littoral, 00237","","","https://www.freightnet.com/profile/157422.htm","No"
"Expeditors Logistics Cameroon","N.12 Port Zone , Douala, Littoral, 00237","","","https://www.freightnet.com/profile/156241.htm","No"
"XPO Logistics Cameroon","N.6  , Port Zone, Douala, Littoral, 00237","","","https://www.freightnet.com/profile/156187.htm","No"
"CSL LOGISTICS SARL","00237233417724 , 00237696068448, DOUALA, LITTORAL, 00237","","","https://www.freightnet.com/profile/154747.htm","No"
"Atlantic Freight Forwarding and Logistics Cameroon","2nd Floor ACMAR Building , Rue Slyviane Akwa, Douala, Cameroon, 465","","","https://www.freightnet.com/profile/150915.htm","No"
"Apex Global Logistics Ltd","N.7 port Zone , Douala, Littoral, 00237","","","https://www.freightnet.com/profile/150412.htm","No"
"Ages Cargo Ltd","number 02 figaro house PO:Box 465 Buea , Buea, South-Ouest, 00237","","","https://www.freightnet.com/profile/145732.htm","No"
"TRUST LOGISTICS LIMITED","490 Rue De Verdun-Bonanjo , BP : 10011, Douala, Litoral / Cameroon, 00237","","","https://www.freightnet.com/profile/141113.htm","No"
"Global Express Transit","Rue Pau Akwa , Paris Dancing, Douala, littoral, 00237","","","https://www.freightnet.com/profile/146675.htm","No"
"Elta Logistics","opposite beneficial insurance Akwa , Douala, Cameroon, 00237","","","https://www.freightnet.com/profile/117159.htm","No"
"Expressia Forwarding Company","Clacks Quater,Buea,Cameroon , Clacks Quater,Buea,Cameroon, Buea, SWR,Cameroon, 237","","","https://www.freightnet.com/profile/141826.htm","No"
"Atlas Cargo & Freight Cameroon","No.14 Rue Du Port , Douala, Littoral, 00237","","","https://www.freightnet.com/profile/112525.htm","No"
"RHEMA LOGISTICS SERVICES Ltd","info@rhemalogistics.net , customers@rhemalogistics.net, DOUALA, LITTORAL REGION, +237","","","https://www.freightnet.com/profile/139429.htm","No"
"Cargo Care Cameroon","cargocarecam@gmail.com , cargocarecam@gmail.com, Douala, Littoral, 00237","","","https://www.freightnet.com/profile/141184.htm","No"
"International Cargo and Logistics","Rue Manga Bell , Douala, littoral, 00237","","","https://www.freightnet.com/profile/142439.htm","No"
"Africa Shipping Cameroon","Boulevard LECLERC, coté port de peche , Douala, CAMEROON, 15167","","","https://www.freightnet.com/profile/142413.htm","No"
"Cameroon Cargo Logistics","Douala, BP 1360 Rue Pau, Akwa, Douala , Limbe Manga Williams Avenue Down Beach Victoria, Douala, Littoral, 237","","","https://www.freightnet.com/profile/53478.htm","No"
"MOGHAMO LOGISTICS LTD CAMEROON","Rue Bebe Elame , DOUALA, CAMEROON, 00237","","","https://www.freightnet.com/profile/136094.htm","No"
"MOGHAMO LOGISTICS SERVICES LTD CAMEROON","Rue Bebe Elame , AKWA, DOUALA, CAMEROON, 00237","","","https://www.freightnet.com/profile/136076.htm","No"
"CHAD FREIGHT SERVICES","Box 2923 Douala , Littoral Region, Douala, Cameroon, 00237","","","https://www.freightnet.com/profile/134672.htm","No"
"EXPERTS FREIGHT CAMEROON SARL","OFFICE NO.01, ENCIEN BATIMENT NOBRA , BOULEVARD DE LA REPUBLIQUE, CARREFOUR TIF . ​​BP : 13041, Douala, Cameroon, 00237","","","https://www.freightnet.com/profile/107566.htm","No"
"stoc cargo","priso avenue victoria , Limbe, Cameroon, 00237","","","https://www.freightnet.com/profile/87273.htm","No"
"GLOBAL TRANS LOGISTICS INC (GTL)","Douala , BP 1220 Rue Pau , Akwa, Douala , Douala, Cameroon, 00237","","","https://www.freightnet.com/profile/108889.htm","No"
"Global Travels Express. IATA CERTIFIED 10210362","Po box 31570 , YAOUNDE, CAMEROON, 237","","","https://www.freightnet.com/profile/89442.htm","No"
"TRUSTSMATT LOGISTIC SARL","BP 465 BUEA , BP 3456 DOUALA, BUEA, SOUTH WEST, 00237","","","https://www.freightnet.com/profile/121132.htm","No"
"BUTRAM","2178 Bld de la LIBERTE AKWA , Douala, CAMEROUN, +237","","","https://www.freightnet.com/profile/63839.htm","No"
"Freelance Transit Cameroon","Boulevard de la Liberte , No.2 Sandpit Street Great Soppo Buea, Douala, Littoral, 90210","","","https://www.freightnet.com/profile/23540.htm","No"
"Vanguard Logistics","No.6 Port Zone , Douala, Yaounde, Chad, CAR, Littoral, 00237","","","https://www.freightnet.com/profile/101680.htm","No"
"Aqua - Air Freight and Cargo","No 14 Douala Port  Area , Bp 411 Douala  Lit, Douala and Yaounde, Littoral;,","","","https://www.freightnet.com/profile/19757.htm","No"
"Aqualogistico  Freight and Cargo","Douala port Area  , Nsimalen Airport Yaounde Bp 4520, Douala , Yaounde, Centre, 4520","","","https://www.freightnet.com/profile/20942.htm","No"
"Immense Logistic LTD.","No.9 Marche de Fleure , Douala, Littoral, 00237","","","https://www.freightnet.com/profile/120494.htm","No"
"global freigh forwarders ltd","akwa, douala , bonaberri, douala, douala, littoral, 00237","","","https://www.freightnet.com/profile/109815.htm","No"
"Global Cargo and Logistics Sarl","Avenue charles de Gaulle BP  651 , Akwa – Douala, Littoral, Cameroo, Douala, LITTORAL REGION, 237","","","https://www.freightnet.com/profile/110104.htm","No"
"soluciones logisticas ​Mundiales","priso avenue , Douala, Cameroon, 00237","","","https://www.freightnet.com/profile/103376.htm","No"
"Unity Freight Agency","BP 49 , Douala, littoral, 00237","","","https://www.freightnet.com/profile/62772.htm","No"
"Swift Logistics Cameroon","No.2 rue Dika Akwa , Douala, Littoral, 00237","","","https://www.freightnet.com/profile/92811.htm","No"
"Bonafide Cargo Express","BP.1235 Bonanjo , Fret Zone Nsimalen Airport, Douala, Littoral, 237","","","https://www.freightnet.com/profile/43747.htm","No"
"Atlantic Freight And Logistics","Port Autonome de Douala,Acess du Port , No 290 Diedo Bp 9098, Douala, Littoral, 00237","","","https://www.freightnet.com/profile/51716.htm","No"
"aft freight agency","rue mermoz , Douala, Littoal/Cameroon, 00237","","","https://www.freightnet.com/profile/63179.htm","No"
"ALPHA LOGISTIC SERVICES","LOGICTIC COMPANY , FREIGHT AGENT&PARTNER, DDOUALA AKWA, LITORAL, 237","","","https://www.freightnet.com/profile/87933.htm","No"
"LOMAC Sarl","Akwa , Rue Bebey Eyidi, Douala, Cameroon, +237","","","https://www.freightnet.com/profile/92179.htm","No"
"GLOBAL SHIPPING LINE","546 RUE DE LA GARE , DOUALA, LITTORAL, DOUALA, LITTORAL REGION, 00237","","","https://www.freightnet.com/profile/63424.htm","No"
"Global Supplies & Logistics Co. Ltd.","324 Rue Boulevard de la Liberte. , Douala, Litoral Region, 00237","","","https://www.freightnet.com/profile/89746.htm","No"
"Ability Freight Agency","29 Blvd Amadou Ahidjo , Douala, Littoral, 00237","","","https://www.freightnet.com/profile/49704.htm","No"
"Cameroon freight Solutions","Nsimalen Airport , Douala Port Area, Douala/ Yaounde, Littoral, 00237","","","https://www.freightnet.com/profile/86647.htm","No"
"AGORA LOGISTICS","Yaoundé Nkoldongo , carrefour IPTEC , Yaoundé, CENTRE, 237","","","https://www.freightnet.com/profile/54197.htm","No"
"cooperative society","mbonge road kumba , bonaberi douala, kumba, cameroon, 237","","","https://www.freightnet.com/profile/85688.htm","No"
"LOMATRANS","BP 2047 DOUALA , DOUALA, CAMEROUN, 2047","","","https://www.freightnet.com/profile/57311.htm","No"
"LOGISTER Cameroon","Douala Port area , Douala, Littoral, 15476","","","https://www.freightnet.com/profile/45135.htm","No"
"Abay Enterprises - Cargo","Clerks Quaters Buea SG , Laison Bonaberi Douala, Douala, Littoral, 00237","","","https://www.freightnet.com/profile/61945.htm","No"
"INTERNATIONAL FIRST TRUST FREIGHT FORWARDER  LTD","PO BOX 750 , BOUNABERIE, DOUALA, LITTORAL, 00237","","","https://www.freightnet.com/profile/58045.htm","No"
"soco cam frieght fowarders","No 222 Line Akwa Besides British Council, Douala , DOUALA, LITORAL/CAMEROON, 237","","","https://www.freightnet.com/profile/60028.htm","No"
"Newtek Logistics Services","Rue Dika Mpondo Akwa , Douala, Littoral, 15476","","","https://www.freightnet.com/profile/19326.htm","No"
"CRESTLIMIT Internaional Ltd","Nouvelle Route Bonaberi , Douala, Littoral, 9186","","","https://www.freightnet.com/profile/53352.htm","No"
"Aaalliance Air and Sea cargo service","21 Feux Rouge Bessengue , Rond Point Deido, Douala, Littoral, 1270","","","https://www.freightnet.com/profile/44810.htm","No"
"Global Freight","4050  Akwa Douala  Cameroon , Douala, Littoral, 00237","","","https://www.freightnet.com/profile/49969.htm","No"
"Freight Express Cameroon","19 Rue Joefre, Douala , Douala, Littoral, 00237","","","https://www.freightnet.com/profile/23772.htm","No"
"CARGO AIRWAY INTERNATIONAL CAMEROON","YAUONDA , Yaounde, Centre, 00237","","","https://www.freightnet.com/profile/48548.htm","No"
"Freight Forwarders Cameroon","No.23 Malingo Street , Bouea, Sud-Ouest, 441","","","https://www.freightnet.com/profile/23147.htm","No"
"Abay Transit Service","Douala Bonaberi Ancien Route , Immebuel Panka 09453, Douala, Littoral, 3098","","","https://www.freightnet.com/profile/23326.htm","No"
"Air and sea  cargo cameroon","10254 Douala , Douala, Littoral, 237","","","https://www.freightnet.com/profile/23850.htm","No"
"Pyramid Logistics","Ave. Charles Degaulle , Douala, Littoral, 00237","","","https://www.freightnet.com/profile/43734.htm","No"
"ALLTRANS","No.5 Gaston Street Bonduma , P.O.  Box 611, Bouea, Sud-Ouest, 237","","","https://www.freightnet.com/profile/44540.htm","No"
"Aaalliance Air and Sea Cargo","12 Feux Rouge Bessengue , Rond Point Deido, Douala, Littoral, 1270","","","https://www.freightnet.com/profile/44857.htm","No"
"Abay Transit and Logistics","Ancien Route Bonaberi Douala , Bonaberi Dubai Laison Office, Douala, Littoral, 00237","","","https://www.freightnet.com/profile/54058.htm","No"
"Alhema Freight and Logistics","Rue De La Prai , Bonanajo no 3056, Douala, Littoral, 00237","","","https://www.freightnet.com/profile/58155.htm","No"
"Actimar Freight Cargo & Logistics","3 rue hotel de ville Douala , Airport Village Yaounde Airport, Douala, Yaounde, Littoral, 00237","","","https://www.freightnet.com/profile/59249.htm","No"
"Camafric Logistic Freight Forwarder","162 Akwa Douala , Douala, Littoral, 00237","","","https://www.freightnet.com/profile/62671.htm","No"
"Onologistics@hotmail.com","Upstairs Bda , Douala, Cameroon Bamenda, 0708","","","https://www.freightnet.com/profile/209391.htm","No"