"name","address","phone","website","profileUrl","isPremiumMember"
"FreightNet Express Logistics Inc.","113-8300 92 Street, Delta, British Columbia, V4G 0A4","+1 604-336-9099","http://www.freightnetexpress.com/","https://www.freightnet.com/profile/175082.htm","Yes"
"Harnex Global Inc","114, 5200 dixie road, MISSISSAUGA, ONTARIO, L4W 1E4","6479264355","","https://www.freightnet.com/profile/263162.htm","Yes"
"WK Cargo International Inc.","102- 20, Blvd Charest Ouest, Quebec, Quebec / canada, G1K 1X2","418-747-0054","https://www.wkcargointl.ca/","https://www.freightnet.com/profile/245890.htm","Yes"
"Pro-Freight Logistics Solution Inc","33 Wiggens Crt, Scarborough, Toronto, Ontario, Canada, M1B 1K3","+1 6475507909","https://www.profreight.ca/","https://www.freightnet.com/profile/250927.htm","Yes"
"AeroPlus Logistics Corp.","2727 Steeles Ave W, Ste 103, North York, Ontario, Canada, M3J 3G9","+1-647-977-1661","https://aeropluslogistics.com/","https://www.freightnet.com/profile/255016.htm","Yes"
"Oricargo Global Logistics Inc.","1025 King St E, Unit 107, Cambridge, Ontario, N3H 3P5","+1-226-499-4959","https://www.oricargo.com/","https://www.freightnet.com/profile/253679.htm","Yes"
"Access Air Inc","6500 SILVER DART DRIVE, OFFICE 306, MISSISSAUGA, ONTARIO, L5P 1A2","(905) 676-8323","","https://www.freightnet.com/profile/141434.htm","Yes"
"GOGO SHIPS CARGO","566 INDIAN GROVE , TORONTO, Canada, M6P2J4","4182524646","https://www.gogoshipcargo.com/","https://www.freightnet.com/profile/261260.htm","Yes"
"LILYA LOGISTICS INC","1351, Rue Newton , Boucherville, Québec, J4B 5H2","+1 5145039560","http://www.lilyalogistics.com/","https://www.freightnet.com/profile/173622.htm","Yes"
"Last Minute Shippers Inc","3136 Mavis Road UNIT 200, Mississauga, Ontario, L5C 1T8","4168404865","http://www.lastminuteshippers.com/","https://www.freightnet.com/profile/91988.htm","Yes"
"BLUEOCEAN WORLDWIDE LOGISTICS INC","1732A-125 Omni Dr, Scarborough, Ontario, CANADA, M1P 5A9","+1 (418) 948 4090","http://www.blueoceanworldwidelogistics.com/","https://www.freightnet.com/profile/193225.htm","Yes"
"Transport World AI","150 King St, PO Box 212, Chester, NS/Canada, B0J1J0","902-818-8623","https://www.transportworldai.com/","https://www.freightnet.com/profile/252519.htm","Yes"
"Dash Freight International Inc.","P.O. Box 65112 , 358 Danforth Avenue, Toronto, Ontario, M4K 3Z2","","","https://www.freightnet.com/profile/6102.htm","No"
"ALB GLOBAL SOLUTIONS inc.","15 Richardson  , Beauharnois, Québec, Canada, J6N2S9","","","https://www.freightnet.com/profile/262525.htm","No"
"Truplanin Logistics Corp.","PO Box 1932 , Crossfield, AB, T0M 0S0","","","https://www.freightnet.com/profile/182206.htm","No"
"logistics group of open box","2175 Holly St, Abbotsford, BC, V2T 3Z8, Canada , Abbotsford, Canada, 2175","","","https://www.freightnet.com/profile/266003.htm","No"
"breeze forwarding","6021 parc ave , Montreal, QC, H2V4H4","","","https://www.freightnet.com/profile/263195.htm","No"
"KDS GLOBAL LOGISTICS INC","5170 Dixie Rd #303 , Mississauga, ON, L4W 1E3","","","https://www.freightnet.com/profile/265449.htm","No"
"Roro/ aglogistics","605 , Principale, Saint-Donat de Montcalm, Quebec, J0T 2C0","","","https://www.freightnet.com/profile/246690.htm","No"
"NJ Logistics Canada","1606 Boul Saint Regis Dorval , 1606 Boul Saint Regis Dorval, QC, Canada, H9P 1HC","","","https://www.freightnet.com/profile/235470.htm","No"
"ICAD Global Shipping","Avondale Ave , Toronto, Ontario, M2N","","","https://www.freightnet.com/profile/263719.htm","No"
"Cantranspo","333 Rue Chabanel O Suite 520 , Montreal, Quebec, H2N 2G1","","","https://www.freightnet.com/profile/264939.htm","No"
"E-CARGO INC","7875 Cote de Liesse , SAINT-LAURENT, Quebec, H4T 1G4","","","https://www.freightnet.com/profile/17956.htm","No"
"TRANSLOGISTICS SA","2400 Lucerne Road , suite 151, Montreal, Quebc, H3R 2J8","","","https://www.freightnet.com/profile/116922.htm","No"
"Maritime Freight & Logistics Inc.","6 2124 15St Sw , Calgary, Canada, T2T3Y8","","","https://www.freightnet.com/profile/259430.htm","No"
"FARROW GLOBAL LOGISTICS","475A ADMIRAL BLVD , MISSISSAUGA, ON, L5T2N1","","","https://www.freightnet.com/profile/262178.htm","No"
"shipvista.com","9-9 Royalcrest Rd , ETOBICOKE, ON, M9V 2L6","","","https://www.freightnet.com/profile/227988.htm","No"
"K2A WORLD LOGISTICS","405 THE WEST MALL  , SUITE 910, ETOBICOKE, ON, M9C 5J1","","","https://www.freightnet.com/profile/251818.htm","No"
"HEYRU CANADA INC.","300-330 St Mary Ave , WINNIPEG, MB, R3C 3Z5","","","https://www.freightnet.com/profile/210054.htm","No"
"Masmot Logistics Limited","5063 North Service Road , Burlington, Ontario, L7L 5H6","","","https://www.freightnet.com/profile/260148.htm","No"
"JNM Global Solution","7574 Tasman CRT  , Mississauga, Ontario, L4T2N2","","","https://www.freightnet.com/profile/251379.htm","No"
"IKL International Shipping","235 Waydom Drive , Ayr, Ontario, N0B 1E0","","","https://www.freightnet.com/profile/93115.htm","No"
"Golden Freight Forwarding and Marketing Inc","5945 Airport Rd Suite 185, Mississauga, ON L4V 1R9 , Mississauga, Ontario, L4V1R9","","","https://www.freightnet.com/profile/244278.htm","No"
"Ronco Freight International Inc.","2010 Winston Park Drive , Suite 200, Oakville, Ontario, L6H 5R7","","","https://www.freightnet.com/profile/19553.htm","No"
"MGF","7035 Ordan Drive Mississauga, ON L5T 1T1 , 1755 Boul St-Regis, Suite # 240, Dollard-Des-Ormeaux, QC H9B 2M9, Ontario, canada, L5T 1T1","","","https://www.freightnet.com/profile/257620.htm","No"
"Vfast Logistics Inc","114-5200 Dixie Road Mississauga  , Ontario, Canada, L4W 1E4","","","https://www.freightnet.com/profile/245879.htm","No"
"RRA Group Inc.","Unit 204 - 2060 McCallum Road , Abbotsford, British Columbia, Canada, V2S 3N4","","","https://www.freightnet.com/profile/245443.htm","No"
"Lantrax Logistics","19272 96 Ave #10 , Surrey, British Columbia, V4N 4C1","","","https://www.freightnet.com/profile/169658.htm","No"
"ATLAS CARGO","6365 NORTHWEST DRIVE , MISSISSAUGA, ONTARIO, L4V1J8","","","https://www.freightnet.com/profile/133336.htm","No"
"Canworld Logistics Inc.","1981 Boylen Rd #8 & 9, Mississauga ON L5S 1R9, Canada , Mississauga, ON - Ontario, L5S 1R9","","","https://www.freightnet.com/profile/255972.htm","No"
"FENDER INTERNATIONAL FORWARDING LTD","133 MESSIER STREET , SUITE 200, ST-HILAIRE, QUEBEC, J3H 2W8","","","https://www.freightnet.com/profile/100760.htm","No"
"Invictus Freight Inc.","44 Kentucky Dr , Brampton, ON, L6Y 4E9","","","https://www.freightnet.com/profile/255938.htm","No"
"Olumar Logistik℠","1 Rideau , Ottawa, Ontario, K1N 8S7","","","https://www.freightnet.com/profile/253477.htm","No"
"Prime Freight Logistics","4 Place Du Commerce Ste. 512 , Montreal, Quebec, Canada, H3E 1J4","","","https://www.freightnet.com/profile/127749.htm","No"
"Reviva Logistics Inc","150 Rue Authier , Montréal, QC, Quebec, H4M2C6","","","https://www.freightnet.com/profile/238155.htm","No"
"Kraft Global Logistics Inc.","6305 Northam Drive , martina@kraftgloballogistics.com, Mississauga, Ontario, L4V 1W9","","","https://www.freightnet.com/profile/175047.htm","No"
"RailGateway","222 Main Street , West Huntsville, Ontario, P1H 1Y1","","","https://www.freightnet.com/profile/253840.htm","No"
"Falcon International","52 Boul Hymus , Suite 225, Pointe-Claire, QC, H9R 1C9","","","https://www.freightnet.com/profile/244072.htm","No"
"Amar Group","7290 Major Makenzie Drive , Kleinburg, ONTARIO, L0J 1C0","","","https://www.freightnet.com/profile/245646.htm","No"
"Centennial Moving - Long Distance Movers Calgary","3352 47 Ave SE , Calgary, AB, T2B 2W1","","","https://www.freightnet.com/profile/252700.htm","No"
"FMi Logistics Inc.","7151 44th Street SE , Calgary, Alverta, T2C4E8","","","https://www.freightnet.com/profile/218897.htm","No"
"Canada Logistics Inc.","2328 Watercolours Way , Ottawa, Canada, K2J6N7","","","https://www.freightnet.com/profile/235277.htm","No"
"Centennial Moving - Long Distance Movers Ontario","582 Rivermede Rd Unit 1-3 , Concord, ON, L4K 2H5","","","https://www.freightnet.com/profile/251605.htm","No"
"Torrent Freight Inc","Unit 5 , 600 Matheson Blvd W, Mississauga, ON, L5R 4C1","","","https://www.freightnet.com/profile/232617.htm","No"
"ACE FREIGHT (Division of 1467550 Ontario Inc.)","80 Bonistel Crescent , Brampton, Ontario, L7A3G9","","","https://www.freightnet.com/profile/23469.htm","No"
"NATS Canada","3755 Laird Rd, Unit 7 , Mississauga, Canada, L5L 0B3","","","https://www.freightnet.com/profile/249234.htm","No"
"DYNO GLOBAL LOGISTICS","1550 Enterprise Rd suite 227 , Mississauga, Ontario Canada, L4W 4P4","","","https://www.freightnet.com/profile/248889.htm","No"
"SEAWORLD GLOBAL LOGISTICS","5100 Dixie Road , Mississauga, canada, L4W 1C9","","","https://www.freightnet.com/profile/159644.htm","No"
"CAD Global Freight Forwarding","CAD GLOBAL FREIGHT FORWARDING INC. , 439 UNIVERSITY AVE, 5TH FLOOR, TORONTO ON, M5G 1Y8, Toronto, Ontario, M5G 1Y8","","","https://www.freightnet.com/profile/219320.htm","No"
"BDP EXPRESS INC.","1270 Gainsborough Dr, Unit 20 , Oakville, Ontario, L6H2L2","","","https://www.freightnet.com/profile/218595.htm","No"
"Can-Med Lines (Canada) Inc.","5405 Thimens Blvd., Suite 200, St-Laurent, QC/Canada, H4R2H4","","","https://www.freightnet.com/profile/246540.htm","No"
"Gogo Ships Cargo","566 Indian Grove  , Toronto, Toronto, M6P 2L4","","","https://www.freightnet.com/profile/198876.htm","No"
"SHIPFTY FULFILLMENT AND FORWARDING SERVICES INC","453 Coral Springs PL NE , calgary, AB, T3J3P2","","","https://www.freightnet.com/profile/201050.htm","No"
"Texpress Inc","87552 - 300 John Street , Thornhill, Ontario,","","","https://www.freightnet.com/profile/8513.htm","No"
"FOX TRANSPORT CANADA","PO Box 212 , 150 King St, Chester, Nova Scotia, B0J 1J0","","","https://www.freightnet.com/profile/127865.htm","No"
"Mittman Carriers Inc.","280 Belfield Rd. , Etobicoke, Ontario, M9W 1H5","","","https://www.freightnet.com/profile/242238.htm","No"
"East Coast Commodities Inc","111 Wallace street , Wallace Street, Nanaimo, British Columbia, V9R 5B2","","","https://www.freightnet.com/profile/241660.htm","No"
"Vfast Logistics","414 Woodbine Ave , Kitchener, Ontario, N2R 0A9","","","https://www.freightnet.com/profile/240557.htm","No"
"Trilogi freight solutions","1 Gateway Blvd, Suite 305A , Major Mackenzie Dr., Kleinburg, Brampton, Canada, L6T 0G3","","","https://www.freightnet.com/profile/211950.htm","No"
"Gato Shipments","517 Knight Street , Suite A, Miles City, USA, 59301","","","https://www.freightnet.com/profile/237888.htm","No"
"Aviate Aviation Logistics Inc.","80 Cheryl Shepway , Toronto, Ontario, M2J 4R6","","","https://www.freightnet.com/profile/234800.htm","No"
"Omega Trading Cargo Inc","7-2601 Matheson Blvd E , Mississauga, Ontario, L4W 5A8","","","https://www.freightnet.com/profile/212910.htm","No"
"VARENYAM INTERNATIONAL LOGISTICS INC.","37 SKYVIEW RANCH MANOR NORTH EAST , CALGARY, CANADA, T3N0K7","","","https://www.freightnet.com/profile/237013.htm","No"
"ONYX CA INTERNATIONAL SERVICES INC.","1045 NADALIN HEIGHTS , MILTON, CANADA, L9T8R5","","","https://www.freightnet.com/profile/230997.htm","No"
"Cargolink Worldwide","5730 Coopers Ave , Unit 25, Mississauga, ON, L4Z 2B9","","","https://www.freightnet.com/profile/121121.htm","No"
"Fast Freight Forwarding Co","405 The West Mall, Ste 910 , Toronto, Ontario, M9C 5J1","","","https://www.freightnet.com/profile/13163.htm","No"
"Global Logistics Management Inc.","151 Brunel Road Units #18 , Mississauga, Ontario, L4Z 2H6","","","https://www.freightnet.com/profile/144892.htm","No"
"SF Logistics Inc","2572 Daniel-Johnson , Laval, Quebec, H7T2R3","","","https://www.freightnet.com/profile/188080.htm","No"
"ADRA G.T.L Inc","15 Succ Bureau-Chef , Varennes ,QC , J3X 1P9 Canada , Varennes, QC, J3X 1P9","","","https://www.freightnet.com/profile/218634.htm","No"
"JUST SHIP IT WORLDWIDE LOGISTICS","80 Bradford St , UNIT 545, Barrie, ON, L4N 6S7","","","https://www.freightnet.com/profile/188580.htm","No"
"Alpheus International Inc.","17003 67 Ave , Unit 111, Edmonton, Alberta, T5T6Y5","","","https://www.freightnet.com/profile/182406.htm","No"
"PCB Freight Management Ltd.","101-17637 1st Avenue , Surrey, BC, V3Z 9S1","","","https://www.freightnet.com/profile/128530.htm","No"
"Global Pack N Ship Plus","23 - 8456  129a street , Surrey, British Columbia, V3W 1A2","","","https://www.freightnet.com/profile/12275.htm","No"
"Professional Movers Toronto","2737 Keele St , North York, ON, M3M 2E9","","","https://www.freightnet.com/profile/196469.htm","No"
"Gab logistics","Chamberry , Les cedres, Quebec, J7T0C5","","","https://www.freightnet.com/profile/91715.htm","No"
"J&J Freight Forwarding & Shipping","53 coronation circle , brampton, Ontario, l6z 4c2","","","https://www.freightnet.com/profile/107880.htm","No"
"WAYCRED LOGISTICS","26 Pine Street , york, Ontario, M9N 2Y8","","","https://www.freightnet.com/profile/207892.htm","No"
"JustSend Freight","9325 Yonge Street. , Richmond Hill, Ontario, L4C 0A8","","","https://www.freightnet.com/profile/190656.htm","No"
"Progressive Cargo Inc","855 Matheson Blvd East, Unit 1B , Mississauga, Canada, L4W 4L6","","","https://www.freightnet.com/profile/174056.htm","No"
"Optimal Logistique Service","5165 Sherbrooke Street West , Suite 406, Montreal, Canada, H4A1T6","","","https://www.freightnet.com/profile/55437.htm","No"
"Ridgewood International Freight Inc","65 International Blvd , Suite 106, Etobicoke, ON, M9W 6L9","","","https://www.freightnet.com/profile/187072.htm","No"
"Transmodal Group","6205 Airport Road, Building ‘B' , Suite 102, Mississauga, Ontario, 4V 1E3","","","https://www.freightnet.com/profile/197783.htm","No"
"longwind","罗湖区南湖街道东门南路太阳岛大厦22D2 , 罗湖, 深圳市, 518000","","","https://www.freightnet.com/profile/197089.htm","No"
"Chartwell Shipping ltd","276 st.jacques ouest,suite 815 , beaconsfield, Quebec, h2y1n3","","","https://www.freightnet.com/profile/197132.htm","No"
"Interlane Logistics Inc.","120 Jevlan Dr #4B , Woodbridge, ON, L4L 8G3","","","https://www.freightnet.com/profile/196812.htm","No"
"Writers Corporate Group Logistics Inc","3136 East 49th Avenue , Vancouver, BC, V5S1L1","","","https://www.freightnet.com/profile/188323.htm","No"
"Obinno Energy Services Inc.","12 Coach Way Gdns S.W , Calgary, Alberta, T3H 2V9","","","https://www.freightnet.com/profile/188689.htm","No"
"FMi Logistics Inc.","#111 7151 44 St SE , Calgary, Alberta, T2C 4E8","","","https://www.freightnet.com/profile/199.htm","No"
"AP LOGISTICS INTERNATIONAL INC.","30 EAST BEAVER CREEK RD, UNIT 13 , RICHMOND HILL, Richmond Hill, L4B 3K1","","","https://www.freightnet.com/profile/118395.htm","No"
"Ridgewood International Freight Inc","65 International Blvd , Suite 106, Etobicoke, ON, M9W 6L9","","","https://www.freightnet.com/profile/186906.htm","No"
"Transport S&H","74 Rue Norman Bethune , Blainville, Quebec, J7C3S6","","","https://www.freightnet.com/profile/162044.htm","No"
"Kelicor Logistics Solutions Inc.","Suite 18 - 11451 Kingfisher Dr. , Richmond, British Columbia, V7E 3N5","","","https://www.freightnet.com/profile/186286.htm","No"
"Cargopedia Inc.","5000 Yonge Street, Suite 1901 , Toronto, Ontario, M2N 7E9","","","https://www.freightnet.com/profile/17799.htm","No"
"shipSDI Cargo","3516 Allard , Montreal, Quebec, H4E4M5","","","https://www.freightnet.com/profile/155336.htm","No"
"UTIL-PRO","CHATAIGNIERS , 8019, LAVAL, QUEBEC, H7A0B5","","","https://www.freightnet.com/profile/171774.htm","No"
"Freight Network Inc","7895 Tranmere Drive, Suite 26 , Mississauga, ON, L5S1V9","","","https://www.freightnet.com/profile/176924.htm","No"
"A.G.S. GLOBAL FREIGHT INC.","50 Absolute Ave , Mississauga, ON, L4Z5B6","","","https://www.freightnet.com/profile/178487.htm","No"
"Ezzo Logistics","4755 Saint-Kevin , Suite 6, Montreal, QUEBEC, H3W1N8","","","https://www.freightnet.com/profile/138822.htm","No"
"Canada Logistics Inc.","537 - 900 Greenbank Road , Nepean, ontario, K2J4P6","","","https://www.freightnet.com/profile/174014.htm","No"
"Canter Shipping and Logistics Canada Inc.","214 1185 Dundas St E. , Mississauga, Ontario/ Canada, L4Y 2C6","","","https://www.freightnet.com/profile/134869.htm","No"
"KELICOR LOGISTICS SOLUTIONS INC.","Suite 18-11451 Kingfisher , Drive, Richmond, British Columbia, V7E 3N5","","","https://www.freightnet.com/profile/150468.htm","No"
"BXL / Bon X Logistics","PO Box 28 , Bolton, Ontario, Canada, L7E 1H7","","","https://www.freightnet.com/profile/60607.htm","No"
"North American Freight Forwarding Inc.","142 Commerce Park Drive , Barrie, Ontario, L4N8W8","","","https://www.freightnet.com/profile/129464.htm","No"
"Anchor International Freight Services Inc","21 Dundas Sq , Suite 202, Toronto, Ontario,","","","https://www.freightnet.com/profile/5971.htm","No"
"J&J Freight Forwarding & Shipping","271 glidden rd , brampton, Ontario, L6W 1H9","","","https://www.freightnet.com/profile/102639.htm","No"
"Cargo Dynamics Inc","5925 Airport Road, Suite 200 , Mississauga, ON, L4V 1W1","","","https://www.freightnet.com/profile/151462.htm","No"
"LoadEx Transport Inc.","108 - Des Sources Blvd , MONTREAL, Quebec, CANADA, H8Y 3L3","","","https://www.freightnet.com/profile/170357.htm","No"
"Nordic Shipping Canada Limited","50 Elm Drive East, Unit 1601 , Mississauga, ON, L5A3X2","","","https://www.freightnet.com/profile/59643.htm","No"
"Logistica Solutions Inc","251 Queen , Suite D, Sherbrooke, QC, J1M 1K5","","","https://www.freightnet.com/profile/118841.htm","No"
"FOREX CARGO ALBERTA INCTravel & Tours.,","328-39 AVE., S.E. CALGARY, AB T2G 1XG , 3215-17 AVE S.E., Calgary, AB, T2G 1X6","","","https://www.freightnet.com/profile/168218.htm","No"
"Sabb Trans Inc","7400 Taschereau West , P.O.BOX 92013, Brossard, Quebec,","","","https://www.freightnet.com/profile/6916.htm","No"
"Cargoux Shipping Inc","2916 South Sheridan Way unit # 200 , Oakville, Ontario, L6J7J8","","","https://www.freightnet.com/profile/167771.htm","No"
"DGTB LOGISTICS GROUP","5357 W. BOULEVARD , VANCOUVER, CANADA, V6M 3W4","","","https://www.freightnet.com/profile/109500.htm","No"
"Altair Logistics Ltd","3133 Orlando Drive , Mississauga, Ontario, L4V1C5","","","https://www.freightnet.com/profile/163028.htm","No"
"Canadian Dispatch Services","Chateauneuf , Saint-Jerome, Quebec, J5L1H7","","","https://www.freightnet.com/profile/17669.htm","No"
"Shuttle Freight Logistics Inc.","5647 McAdam Road , Mississauga, Ontario, L4Z 1N9","","","https://www.freightnet.com/profile/93984.htm","No"
"Polimex Forwarding Corp.","27 Selby Road , Brampton, Ontario, Canada, L6W 1K5","","","https://www.freightnet.com/profile/63758.htm","No"
"Global Golden Gate","suite 8, Unit 1 , 50 Corstate Ave, Vaughan, Ontario, L4K4X2","","","https://www.freightnet.com/profile/148434.htm","No"
"Cargo Spectrum Forwarding Inc","#210 - 11791 Machrina Way , Richmond, British Columbia, V7A 4V3","","","https://www.freightnet.com/profile/9808.htm","No"
"Northwestern Freight Systems Inc.","2985 Drew Rd Suite 216 , Mississauga, Ontario, L4T0A4","","","https://www.freightnet.com/profile/137184.htm","No"
"HULI Shipping","605 Manitou Road SE , Calgary, Alberta, T2G 4C2","","","https://www.freightnet.com/profile/158954.htm","No"
"GT Impex Inc","# 204 – 420 Britannia Rd E , Mississauga, Ontario/ Canada, L4Z 3E6","","","https://www.freightnet.com/profile/150462.htm","No"
"iShipping","7720 38A Avenue NW  , 188 Millbourne Shopping centre, Edmonton, Canada, T6K2M1","","","https://www.freightnet.com/profile/154270.htm","No"
"C Motion Logistics Inc.","6570 Kestrel Rd  , Mississauga, Ontario, Canada, L5T 1Z9","","","https://www.freightnet.com/profile/106486.htm","No"
"VINPAC LINES","10500 COTE DE LIESSE , MONTREAL, CANADA, H8T 1 A4","","","https://www.freightnet.com/profile/157097.htm","No"
"Latin American Cargo","6500 Trans-Canada Hwy , Montreal, Point- Claire, QC, H9R 0A5","","","https://www.freightnet.com/profile/61807.htm","No"
"GLOBAL TRADE PARTNERS INC","165 MATHESON BLVD EAST UNIT 5 A , MISSISSAUGA, Ontario, L4Z 3K2","","","https://www.freightnet.com/profile/155180.htm","No"
"Cargo Dynamics Inc.","5925 Airport Road , Suite # 200, Mississauga, Ontario, L4V 1W1","","","https://www.freightnet.com/profile/134853.htm","No"
"VINPAC LINES","10500 COTE DE LIESSE , SUIT 250, LACHINE, QUEBEC, H8T1A4","","","https://www.freightnet.com/profile/148953.htm","No"
"RNS LOGITSICS","4466 RUE MARQUETTE , Montreal, QUEBEC, H2K 3X8","","","https://www.freightnet.com/profile/153160.htm","No"
"Logistiks Canada Inc.","Vancouver Branch 7074, 144 Street , Surrey, BC, V3W 5S2","","","https://www.freightnet.com/profile/152681.htm","No"
"Global Logistics Management Inc","151 Brunel Road Unit#18 , Mississauga, Canada, L4Z 2H6","","","https://www.freightnet.com/profile/149174.htm","No"
"Excel Transportation","300 Pendant Drive  , Mississauga, Canada, L5T2W6","","","https://www.freightnet.com/profile/140568.htm","No"
"Tesse Freight Forwarders","11938 chalmers place , Delta, BC, V4C 1L4","","","https://www.freightnet.com/profile/149524.htm","No"
"Black ocean Global","3530 Nashua  Drive  , Mississauga, Toronto  Canada, L4V1L2","","","https://www.freightnet.com/profile/147637.htm","No"
"Logix Freight","122 - 618 East Kent Avenue South , Vancouver, BC, V5X0B1","","","https://www.freightnet.com/profile/112116.htm","No"
"Viamar Scilla Transport International INC","4000 Steeles Ave. West, Unit #9  On  Canada , Vaughan, ON, L4L 4V9","","","https://www.freightnet.com/profile/135076.htm","No"
"Freight Services International","7191 Yonge St. Suite 312 , Thornhill, Ontario, L3T 0C4","","","https://www.freightnet.com/profile/99625.htm","No"
"CARGOMAX INTERNATIONAL INC","908B CHEMIN ST-JOSE , LAPRAIRIE, QUEBEC, J5R 6A9","","","https://www.freightnet.com/profile/141795.htm","No"
"Best Rate Transportation","2803 James Mowatt Tr SW  , Edmonton, Canada, T6W 2P5","","","https://www.freightnet.com/profile/144181.htm","No"
"Elite logix","5100 South Service Rd unit#25  Burlington, ON L7L 6A5 , 446 Rutherford Road North,  Brampton, ON L6V 3S1, ontario, On, L6T 4L6","","","https://www.freightnet.com/profile/143978.htm","No"
"Axxess International Inc","360 Rue St. Jacques West. , 12 th. Floor, Montreal, Quebec, H2Y 1P5","","","https://www.freightnet.com/profile/2555.htm","No"
"LOGISTIKS CANADA INC.","1468 JANE ST  , TORONTO, ONTARIO,CANADA, M9N 2R9","","","https://www.freightnet.com/profile/143453.htm","No"
"Alco Logistics Inc.","#200-7404 King George Blvd , Surrey, BC, Canada, V3W1N6","","","https://www.freightnet.com/profile/59198.htm","No"
"All Cargo Express Inc.","200-2251 No. 5 Road , Richmond, British Columbia, v6x2s8","","","https://www.freightnet.com/profile/132216.htm","No"
"Compass Logistics International","Jebel Ali Free Zone South S20903 , Dubai, United Arab Emirates, 262985","","","https://www.freightnet.com/profile/142148.htm","No"
"Cantrans Global Inc.","905 Elice Avenue , WPG, Canada, R3G0C7","","","https://www.freightnet.com/profile/132799.htm","No"
"Rush Freight Global","1135 Squires Beach Road , Pickering, Ontario, L1W3T8","","","https://www.freightnet.com/profile/141706.htm","No"
"Brisk International Cargo Inc","919 Ellesmre Road , Suite # 306, Toronto, Ontario,Canada, M1P2W7","","","https://www.freightnet.com/profile/102356.htm","No"
"CrossBorder 3PL","375 Norfinch Drive, Unit B , Toronto, Canada, M3N 1Y7","","","https://www.freightnet.com/profile/131372.htm","No"
"ShipBuddy","1568 Merivale Rd, Suite 442 , Ottawa, Ontario, K2G 5Y7","","","https://www.freightnet.com/profile/132707.htm","No"
"CSE Maritime Logistik","1 Rideau St., Suite 700 , Ottawa - Toronto - Montreal - Vancouver, Ontario, K1N8S7","","","https://www.freightnet.com/profile/18535.htm","No"
"Leverage Logistics Ltd","34A-2755 Lougheed Hwy Ste 544 , Port Coquitlam, BRITISH COLUMBIA, V3B 5Y9","","","https://www.freightnet.com/profile/139466.htm","No"
"FLS Transportation","333 Decarie Blvd. , Suite 250, Montreal, Quebec, H4N 3M9","","","https://www.freightnet.com/profile/17546.htm","No"
"Chase logistics pvt ltd","1711-70 Plaza Dr , Winnipeg, Manitoba/Canada, R3T5S1","","","https://www.freightnet.com/profile/127193.htm","No"
"ACI Freight","1404-13618 100 Ave , Surrey, British Columbia, V3T 0A8","","","https://www.freightnet.com/profile/50760.htm","No"
"ESHPRE GLOBAL INC","47 SLED DOG ROAD , BRAMPTON, ON/CANADA, L6R0H8","","","https://www.freightnet.com/profile/89191.htm","No"
"Alberta Pro Movers (Moving Company)","440-10816 Macleod Trail S #143 , Calgary, Alberts / Canada, T2J 5N8","","","https://www.freightnet.com/profile/135955.htm","No"
"Epitome Supply Chain Solutions Inc.","#602 4566 54th Avenue NE , Westwinds Business Park II, Calgary, Alberta, T3J 3Z4","","","https://www.freightnet.com/profile/127765.htm","No"
"Eagle Maritime Canada Inc.","53-7050, Bramalea Road, Mississauga, ON. , Mississauga, Ontario, L5S1S9","","","https://www.freightnet.com/profile/135332.htm","No"
"SEAL Freight Solutions","2 County Court Blvd , Suite 400, Brampton, ON, Canada, L6W 3W8","","","https://www.freightnet.com/profile/130288.htm","No"
"FREIGHTCAN GLOBAL INC","100 MENLO PARK DRIVE, SUITE 302C , EDISON , NJ - 08837 , Unit 15, NEW JERSEY, ON, L4W5A1","","","https://www.freightnet.com/profile/99924.htm","No"
"Transcorp Canada Worldwide Shipping","2-4480 Chesswood Drive , North York, Ontario, M3J 2B9","","","https://www.freightnet.com/profile/133559.htm","No"
"consult cargo freight","30 st onges , chateauguay, Québec, J6J5T8","","","https://www.freightnet.com/profile/87854.htm","No"
"MC Freight Systems Ltd","108-1750 Coast Meridian Rd , Port Coquitlam, BC, V3C6R8","","","https://www.freightnet.com/profile/95677.htm","No"
"K Trans Worldwide Logistics Ltd.","101-310 E Kent, South Ave , Vancouver, BC, Canada, V5X 4N6","","","https://www.freightnet.com/profile/109275.htm","No"
"Viamar Scilla Transport International Inc.","87 Brydon Drive  , Toronto, Ontario, M9W 4N8","","","https://www.freightnet.com/profile/18403.htm","No"
"Big Picture Moving Company","10 ilsley Ave., Unit 12 , Dartmouth, Nova Scotia, B3B iL3","","","https://www.freightnet.com/profile/106373.htm","No"
"DMR CARGO INTERNATIONAL INC.","P.O BOX 6016 - TORONTO A.M.F. , 6500 SILVER DART DRIVE, Mississauga, Ontario, L5P 1B2","","","https://www.freightnet.com/profile/8363.htm","No"
"U1 Logistics","25-2155 Dunwin Dr. , Mississauga, Ontario, L5L 4M1","","","https://www.freightnet.com/profile/131936.htm","No"
"Freight Masters Logistics Inc.","5915 Airport Road , Suite 900, Mississauga, Ontario, L4V 1T1","","","https://www.freightnet.com/profile/130422.htm","No"
"CARGONIZER LOGISTICS INC.","1870 boulevard des sources , suite 104, POINTE-CLAIRE, Québec, H9R 5N4","","","https://www.freightnet.com/profile/108194.htm","No"
"CMC (Cargomar Marine Canada)","381 Rue Notre Dame suite 200, H2Y 1T9 Montreal QC  , Montreal, Canada, H2Y 1T9","","","https://www.freightnet.com/profile/116823.htm","No"
"B2B Global Inc","2355 Derry Road, East , Unit 29, Mississauga, Ontario,","","","https://www.freightnet.com/profile/8127.htm","No"
"Universal Logistics Inc.","175 Commerce Valley Dr. W , Suite 300, Markham, Ontario, L3T 7P6","","","https://www.freightnet.com/profile/1654.htm","No"
"MSP Shipping","3620 B Laird road #10,11 , Mississauga, Ontario/Canada, L9T 0J2","","","https://www.freightnet.com/profile/111614.htm","No"
"Brian Pite Freight","375 Mcgregor Rd S , Sarnia, Ontario, N7T7H5","","","https://www.freightnet.com/profile/2580.htm","No"
"Cargoways logistics Canada","70 rue Saint-Paul , Quebec City, Canada, G1K 3V9","","","https://www.freightnet.com/profile/102054.htm","No"
"Shannam Logistics Inc","10496 138 St. , Surrey, BC, British Columbia, V3T 4K3","","","https://www.freightnet.com/profile/17750.htm","No"
"Globex Freight International","301H-718 Wilson Avenue , North York, Ontario, M3K 1E2","","","https://www.freightnet.com/profile/98125.htm","No"
"J&J Express Canada","58 meadowcrest Lane , Brampton, Canada, L7A 0V7","","","https://www.freightnet.com/profile/120065.htm","No"
"Canada Worldwide Services Inc","2896 Slough Street , Unit 1 & 2, Toronto, Ontario, L4T 1G3","","","https://www.freightnet.com/profile/10134.htm","No"
"JEC Services Inc","108 Danforth Road , Scarborough, Ontario, M1L 3W7","","","https://www.freightnet.com/profile/118792.htm","No"
"Bridges International Freight","PO box 1394 , Waterdown, ON, L0R 1K0","","","https://www.freightnet.com/profile/103493.htm","No"
"Purolator International Inc.","5995 Avebury Road , Mississauga, Ontario, L5R 3T8","","","https://www.freightnet.com/profile/94968.htm","No"
"Gts New World Forwarding Inc.","24 - 705 Stuart Graham North , Dorval, Montreal, Quebec, H4Y 1E7","","","https://www.freightnet.com/profile/200.htm","No"
"Air World Express","3245 American Drive , Mississauga, Ontario, L4B 1B8","","","https://www.freightnet.com/profile/13051.htm","No"
"W.J. Jones Co. Ltd","5660, Chemin Chambly , Suite 207, Saint-Hubert, Quebec, J3Y 7E5","","","https://www.freightnet.com/profile/23956.htm","No"
"3Way International Logistics Inc","246 Brockport Drive , Unit 27, First Floor, Toronto, Ontario, M9W 6W2","","","https://www.freightnet.com/profile/10524.htm","No"
"Cargo-Trax","13400 Rte Marie-victorin , Sorel-Tracy, Quebec canada, J3R 0J8","","","https://www.freightnet.com/profile/82520.htm","No"
"DTI LOGISTICS","96 HURON ST , NEW HAMBURG, CANADA, N3A 1J3","","","https://www.freightnet.com/profile/65704.htm","No"
"Buckland Customs Brokers Limited","1645 Bonhill Road , Unit 3, Mississauga, Ontario, L5T 1C1","","","https://www.freightnet.com/profile/116188.htm","No"
"ALCO LOGISTICS","135-6660 garyabar road  , Richmond, British Columbia, V6W1H9","","","https://www.freightnet.com/profile/45165.htm","No"
"NORTH AMERICAN CARGO SOLUTIONS INC,","5200 DIXIE ROAD , UNIT#14, MISSISSAUGA, ONTARIO, L4W 1E4","","","https://www.freightnet.com/profile/113246.htm","No"
"G.E. Forwarders Ltd/G.E. Logistics, Inc.","115 Walker Drive , Brampton, Ontario, L6T 5P5","","","https://www.freightnet.com/profile/19658.htm","No"
"Sidhu nanaksar transport ltd.","19 good hope rd Brampton ont. , Brampton, Ontario, L6r  3l7","","","https://www.freightnet.com/profile/107257.htm","No"
"CTL Westrans Shipbrokers","Suite 2200 , 1050 West Pender St., Vancouver, British Columbia, V6E 3S7","","","https://www.freightnet.com/profile/23715.htm","No"
"A G Logistics","100 Alexis Nihon Suite 590 , Montreal, Quebec, H4M 2P5","","","https://www.freightnet.com/profile/189.htm","No"
"Unitedicons Logistics Services","880 Riley Court , Mississauga, Canada, L4Y 4E2","","","https://www.freightnet.com/profile/102198.htm","No"
"World freight","514 chevremont , montreal, canada, h8c3m1","","","https://www.freightnet.com/profile/108439.htm","No"
"tristar Canada","unit #3 tristar ave,  L5T 1P1 , Mississauga, Ontario, L5T 1P1","","","https://www.freightnet.com/profile/104701.htm","No"
"SCL Logistics Inc","1200 Aerowood Drive , Suite No. 30, Mississauga, Ontario, L4W2S7","","","https://www.freightnet.com/profile/107561.htm","No"
"J&J Freight Forwarding & Shipping","271 glidden rd , toronto, Ontario, L6W 1H9","","","https://www.freightnet.com/profile/98978.htm","No"
"Canworld Logistics Inc.","1981 Boylen Road , Unit # 8, Mississauga, Ontario, L5S 1R9","","","https://www.freightnet.com/profile/91689.htm","No"
"Journey Freight International","18100 TRANSCANADA , KIRKLAND, Quebec, H9J4A1","","","https://www.freightnet.com/profile/1346.htm","No"
"Bridges International Freight","Head Office , 21 Weneil Drive, Freelton, Ontario, L0R 1K0","","","https://www.freightnet.com/profile/103195.htm","No"
"U-Freight Inc","Suite 2125-5000 Miller Road , Richmond, British Columbia, V7B 1K9","","","https://www.freightnet.com/profile/4302.htm","No"
"Frontier Forwarding Ltd.","101 Innvovation Drive , Unit 4, Vaughan, Ontario, L4H 0S3","","","https://www.freightnet.com/profile/51188.htm","No"
"Smart Carriers","9, Fulbert Cres , Toronto, ON / Canada, m1s1c5","","","https://www.freightnet.com/profile/101789.htm","No"
"Distant Touch Freight Solutions","66 Dantek Crt  , Brampton, Ontario, L6V 3T4","","","https://www.freightnet.com/profile/57265.htm","No"
"UE Canada","48 - 2355 Derry Rd. E. , Mississauga, Toronto, Ontario, L5S 1V6","","","https://www.freightnet.com/profile/4031.htm","No"
"F.T.L. PLUS LOGISTICS","4000 De Courtrai , Montreal, Canada, h3s1c2","","","https://www.freightnet.com/profile/99281.htm","No"
"Global Trade Partners Inc","205-3023 Parkerhill Road  , Mississauga, Ontario, L5B 4B3","","","https://www.freightnet.com/profile/19316.htm","No"
"Alpha Commerce International","475 Dumont, suite 203 , Dorval, Quebec, H9S 5W2","","","https://www.freightnet.com/profile/58268.htm","No"
"Sphere 1 Logistics Inc.","110 - 4170 Still Creek Drive , Burnaby, British Columbia, V5C 6C6","","","https://www.freightnet.com/profile/93754.htm","No"
"Ashron Freight Services","2325 boulevard Ford, Suite 101 , Chateauguay, Quebec, J6J 4Z2","","","https://www.freightnet.com/profile/51140.htm","No"
"Oceanair Cargo Inc","5770 Highway No.7 , Woodbridge, Toronto, Ontario, L4L 1T8","","","https://www.freightnet.com/profile/24168.htm","No"
"InterFulfillment","5610 Chemin du Bois Franc , Montreal, Canada, H4S 1A9","","","https://www.freightnet.com/profile/92448.htm","No"
"Xterra Transport","3131 Concorde Blvd East , Suite 402, Laval, Quebec, H7E-4W4","","","https://www.freightnet.com/profile/21298.htm","No"
"i load direct corp","4695 Bartlett Rd. unit#2 , BEAMSVILLE, ON/CANADA, L0R 1B1","","","https://www.freightnet.com/profile/60403.htm","No"
"JORI International","10 - 1323 44th Ave N.E , Calgary, Canada, T2E 6L5","","","https://www.freightnet.com/profile/84521.htm","No"
"Cargomax International Inc","108 Avenue Charlemagne , Candiac, Quebec,","","","https://www.freightnet.com/profile/8142.htm","No"
"A1 Freight Forwarding Inc.","207 Edgeley Blvd, Unit 16 , Vaughan, Canada, L4K4B5","","","https://www.freightnet.com/profile/62318.htm","No"
"Grewal Transport","33 Sedgegrass Way , Brampton, Ontario, L6R3E2","","","https://www.freightnet.com/profile/2840.htm","No"
"CJI  Express","127 Pandora Circle , Toronto, Ontario, M1H 1V8","","","https://www.freightnet.com/profile/9676.htm","No"
"Imperial Logistics Inc.","7733 Newman Blvd. , Lasalle, Quebec, H8N 1X7","","","https://www.freightnet.com/profile/2807.htm","No"
"CARGO CARE SHIPPING INC.","UNIT NO. 343 - 8140, 128 STREET,, SURREY, BC, V3W 1R1","","","https://www.freightnet.com/profile/60306.htm","No"
"International Trade Consulting","153 Powell Road , Brantford, Ontario, N3T 0E5","","","https://www.freightnet.com/profile/82970.htm","No"
"AMA Trans Inc.","210 Bartor Rd Unit C , Toronto, ON, M9M 2W6","","","https://www.freightnet.com/profile/62982.htm","No"
"H&R Global Cargo Services Inc","7 Seahorse Avenue , Brampton, Ontario, L6V 4P3","","","https://www.freightnet.com/profile/23007.htm","No"
"Edgeley Shipping Solutions","445 Edgeley Blvd. , Unit 17, Concord, Ontario, Canada, L4K 4G1","","","https://www.freightnet.com/profile/62978.htm","No"
"L.A.C. Shipping","5475 Pare St., Suite 252 , Montreal, Quebec, H4P 1P7","","","https://www.freightnet.com/profile/2093.htm","No"
"Elite Expediitng","2707 Temple Drive , Windsor, Ontario, N8W5E5","","","https://www.freightnet.com/profile/22736.htm","No"
"OMEGA TRADING CARGO","2601 MATHESON BLVD E , UNIT 7, TORONTO, CANADA, L4W5A8","","","https://www.freightnet.com/profile/65011.htm","No"
"KODIAK FRET (FREIGHT) INTERNATIONAL","745 MELOCHE , Dorval, Quebec, H9P 2S4","","","https://www.freightnet.com/profile/49824.htm","No"
"OWS Export Services","265 Salaberry Blvd. , Laprairie, Quebec, J5R 3C8","","","https://www.freightnet.com/profile/62856.htm","No"
"TLS International Freight Forwarding & Truck Brokerage","150 Grand Boulevard , L, Quebec, J7V 4X1","","","https://www.freightnet.com/profile/18835.htm","No"
"OTS Global Logistics","1695 Boul Laval  suite #205 , Laval, Quebec, H7S 2M2","","","https://www.freightnet.com/profile/43929.htm","No"
"Buckland Freight Services","73 Gaylord Road , St Thomas, Ontario, N5P 3X1","","","https://www.freightnet.com/profile/2877.htm","No"
"Freightcom","7699 Bath Road , Mississauga, Canada, L4T3T1","","","https://www.freightnet.com/profile/59605.htm","No"
"Freight Partners International Inc.","1788 Drew Rd. Ste. 202 , Mississauga, Ontario, L5S 1L7","","","https://www.freightnet.com/profile/4859.htm","No"
"COURTNEY AGENCIES LTD.","SUITE 802, 535 THURLOW STREET , Vancouver, British Columbia, V6E 3L2","","","https://www.freightnet.com/profile/51624.htm","No"
"OTS Global Logistics","1695 Boul Laval  suite #205 , Laval, Canada, H7S 2M2","","","https://www.freightnet.com/profile/43912.htm","No"
"Cargolution Inc.","800 Stuart Graham , Suite 332, Dorval, Quebec, H4Y 1J6","","","https://www.freightnet.com/profile/2730.htm","No"
"AEN Logistics Ltd","Box 34010 - 17790 HWY # 10 , Surrey, British Columbia, V3S 8C4","","","https://www.freightnet.com/profile/23643.htm","No"
"Apsan Global Logistics","360 Pitfield Rd , Scarborough, Ontario, M1S 3E6","","","https://www.freightnet.com/profile/50936.htm","No"
"Cyberfreight Systems Inc.","438 McGill, suite 200 , Montreal, Canada, H2Y2G1","","","https://www.freightnet.com/profile/55833.htm","No"
"Browman Freight Services Inc.","2800 14th Avenue , Suite 101, Markham, Ontario, L3R 0E4","","","https://www.freightnet.com/profile/192.htm","No"
"Jas Carriers","8100 Mayfield Road , Bolton, Ontario, L7E 0W2","","","https://www.freightnet.com/profile/55854.htm","No"
"GES (Canada) Globe Express Services Ltd.","400 Bradwick Drive, Suite 101 , Concord, Ontario, L4K5V9","","","https://www.freightnet.com/profile/48086.htm","No"
"Continental Freight Forwarder Ltd","800 Arrow Rd , Unit 12, Toronto, Ontario,","","","https://www.freightnet.com/profile/7031.htm","No"
"Rapid Air Sea International Freight Forwarding Inc","3 Massey Square  , suite #1802, Toronto, Ontario, M4C 5L5","","","https://www.freightnet.com/profile/43969.htm","No"
"JE Consulting","1605-299 Mill Road , Toronto, Ontario, M9C 4V9","","","https://www.freightnet.com/profile/2349.htm","No"
"Canada Worldwide Services Inc","7699 Bath Road , Mississauga, Ontario, L4T 3T1","","","https://www.freightnet.com/profile/1904.htm","No"
"Addax Trading Inc","87 Nottingham Dr , Richmond, Ontario, L4S 2A1","","","https://www.freightnet.com/profile/2617.htm","No"
"FLS Transportation Services Inc.","333 Decarie Boulevard , Suite 250, Montreal, Quebec, H4N 3M9","","","https://www.freightnet.com/profile/49802.htm","No"
"TMBC Logistics Ltd","789 West Pender , Suite 855, Vancouver, British Columbia, V6C 1H2","","","https://www.freightnet.com/profile/23224.htm","No"
"Madinah Transport","226-1550 , South Gateway Road, Mississauga, Ontario, L4W 5G6","","","https://www.freightnet.com/profile/50782.htm","No"
"Continental trading","3096 Girouard  , Laval, Quebec, H7P 1P8","","","https://www.freightnet.com/profile/24069.htm","No"
"P&T International Forwarding","9513-41 Avenue , Edmonton, Alberta, T6E5X7","","","https://www.freightnet.com/profile/49325.htm","No"
"CV Logistics","399 Grande Cote , suite 208, Rosemere, Quebec, J7A 1K8","","","https://www.freightnet.com/profile/13705.htm","No"
"Cargo SDI Logistics Inc","100 Jenkins Suite 101 , Dorval, Quebec, H9P2R1","","","https://www.freightnet.com/profile/9390.htm","No"
"North American Freight Logistics","67 - 1833 Coast Meridian Road , Port Coquitlam, British Columbia, V3C 6G5","","","https://www.freightnet.com/profile/9632.htm","No"
"Associated Cargo Specialists","4 Canvin , Kirkland, Quebec,","","","https://www.freightnet.com/profile/7332.htm","No"
"Aero maritime international","200, rue Louise, St-Joseph-du-Lac , Montreal, Quebec, j0n1m0","","","https://www.freightnet.com/profile/51205.htm","No"
"Affiliated Global Logistics","1616 autoroute Laval west , Laval, Quebec, H7S2E7","","","https://www.freightnet.com/profile/23973.htm","No"
"Internic Moving Services","2348 Ch Lucerne #175 , Montreal, Quebec, H3R 2J8","","","https://www.freightnet.com/profile/18186.htm","No"
"Inter Global Logistics Inc","61 Alness St  , Suite 211, Toronto, Ontario, M3J 2H2","","","https://www.freightnet.com/profile/19211.htm","No"
"Nuquest Integrated Services","200 Turnbull Court , Cambridge, Ontario, N1T1J2","","","https://www.freightnet.com/profile/51234.htm","No"
"PF Collins Customs Broker Ltd.","162 Duckworth Street , P.O. Box 5514, St. John, Newfoundland,","","","https://www.freightnet.com/profile/8242.htm","No"
"SSL","12516 72 Ave , Surrey, British Columbia, V3W 1E8","","","https://www.freightnet.com/profile/19062.htm","No"
"gao instruments Inc.","601 Milner Avenue Third Floor , 601 Milner Avenue Third Floor, Toronto, Ontario, M1B 2K4","","","https://www.freightnet.com/profile/43275.htm","No"
"Speedway Transport Ltd","162  saratoga close , calgary, alberta, t1y-7a1","","","https://www.freightnet.com/profile/48480.htm","No"
"World Logistics Inc.","34 Sun Harbour Way SE , Calgary, Alberta, T2X 3C6","","","https://www.freightnet.com/profile/49317.htm","No"
"MLJ Logistics Inc.","3465 Place decelles , Suite 305, Montreal, Quebec, H3S 1X3","","","https://www.freightnet.com/profile/49111.htm","No"
"A.G.O. Transportation Inc.","500 Lepine St , Montreal, Quebec, H9P 2V6","","","https://www.freightnet.com/profile/48896.htm","No"
"AP Logistics International Inc.","40-70 East Beaver Creek Rd , Richmond Hill, Ontario, L4B 3B2","","","https://www.freightnet.com/profile/22162.htm","No"
"Priority Air Cargo","3133 Orlando Drive , Mississauga, Ontario, L4V 1C5","","","https://www.freightnet.com/profile/48817.htm","No"
"Speedway Transport Ltd","162  saratoga close , calgary, alberta, t1y-7a1","","","https://www.freightnet.com/profile/48481.htm","No"
"BC Tech Inc","420 , gali number 9211, kholi badi, canada, K4L2L5","","","https://www.freightnet.com/profile/48011.htm","No"
"Oynetwork System","Richmond Hill, Canada , Richmond Hill, Ontario, 07397","","","https://www.freightnet.com/profile/47435.htm","No"
"Routes Transport International Inc.","4090 B Sladeview Crescent , Unit 1, Mississauga, Ontario, L5L 5Y5","","","https://www.freightnet.com/profile/17334.htm","No"
"Lip Labz","126 Geary Ave. Unit 110D , Toronto, Ontario, M6H 4H1","","","https://www.freightnet.com/profile/47292.htm","No"
"Alfaro & Macfarlane Corporation","168 Queen St. South , Suite 215, Ontario, L5M 1K8","","","https://www.freightnet.com/profile/190.htm","No"
"Beacon International Despatch Ltd","5925 Airport Road , Suite 110, Mississauga, Ontario, L4V 1W1","","","https://www.freightnet.com/profile/191.htm","No"
"Can-Med Maritime, Inc.","1980 Sherbrooke West , Suite 100, Montreal, Quebec, H3H 1E8","","","https://www.freightnet.com/profile/193.htm","No"
"Geopetrol International Ltd","2200 700-6 Avenue , Calgary, Alberta, T2P 0T8","","","https://www.freightnet.com/profile/198.htm","No"
"HOC Limited","4414 - 97 Street , Edmonton, Alberta, T6E 5R9","","","https://www.freightnet.com/profile/201.htm","No"
"Mannix Freight Services","3080 Saltspring Court , Richmond, British Columbia, V7C 3Y8","","","https://www.freightnet.com/profile/205.htm","No"
"Welke Global Logistics","242 Galaxy Blvd. , Toronto, Ontario, M9W 5R8","","","https://www.freightnet.com/profile/217.htm","No"
"Hellmann Worldwide Logistics","1375 Cardiff Blvd , Mississauga, Ontario, L5S 1R1","","","https://www.freightnet.com/profile/400.htm","No"
"Bid Freight Global","334 Rountree Dairy Road , Vaughan, Ontario, L4L8H2","","","https://www.freightnet.com/profile/426.htm","No"
"Canamex Intl Forwarders Inc","1933 Lionel Bertrand , Boisbriand, Quebec, J7H 1N8","","","https://www.freightnet.com/profile/448.htm","No"
"Tradespan Cargo Ltd.","6305 Danville Rd, Unit 2 , Mississauga, Ontario, L5T 2H7","","","https://www.freightnet.com/profile/521.htm","No"
"Netex World Cargo Inc","2720 Rena Rd , Mississauga, Toronto, Ontario,","","","https://www.freightnet.com/profile/547.htm","No"
"Northex Cargo","160 Wilkinson Rd. Unit #38 , Brampton, Ontario, L6T 4Z4","","","https://www.freightnet.com/profile/1148.htm","No"
"Allcargo Express Inc","325 W.4th Ave , Vancouver, British Columbia, V5Y 1H3","","","https://www.freightnet.com/profile/1377.htm","No"
"Hoc Ltd","1870 Boul Des Sources , Suite 205, Montreal, Quebec, H9R 5N4","","","https://www.freightnet.com/profile/1581.htm","No"
"Tradespan (Canada)","208 Digby Road , Oakville, Ontario, L6J 6C7","","","https://www.freightnet.com/profile/1611.htm","No"
"Sgt Logistics Inc.","354 Route 122 , St Germain, Quebec, J0C 1KO","","","https://www.freightnet.com/profile/1619.htm","No"
"Whizdom Int'l Freight Services","1704 St. James Street , Winnipeg, Manitoba, R3H 0L3","","","https://www.freightnet.com/profile/1925.htm","No"
"Pekao Cargo International",", Mississauga (Toronto) Ontario,","","","https://www.freightnet.com/profile/2014.htm","No"
"Maisliner Logistics","2555 Dollard Avenue , Suite 124, Lasalle, Quebec, H8N 3A9","","","https://www.freightnet.com/profile/2023.htm","No"
"Dynatrans Inc","1179 Finch Ave. West , Unit #11, Toronto, Ontario, M3J 2G1","","","https://www.freightnet.com/profile/2263.htm","No"
"Sutton Group","11 Station Rd , Richmond Hill, Ontario, L4E 1A2","","","https://www.freightnet.com/profile/2270.htm","No"
"Can-Ship Overseas Inc.","2370 Midland Avenue, Bldg. B-16 , Toronto, Ontario, M1S5C6","","","https://www.freightnet.com/profile/2898.htm","No"
"Musson International Freight Forwarders Inc.","5955 Airport Road, Suite #312 , Mississauga, Ontario, L4V1R9","","","https://www.freightnet.com/profile/3023.htm","No"
"Ivdt Inc.","28 Swan Ave , Toronto, Ontario, M9B 1V4","","","https://www.freightnet.com/profile/3239.htm","No"
"Tribute Transport Systems","10 Planchet Road , Suite # 11& 12, Vaughan, Ontario, L3S 1V9","","","https://www.freightnet.com/profile/3363.htm","No"
"Livingston International","405 The West Mall, Suite 400 , Toronto, Ontario, M9C 5K7","","","https://www.freightnet.com/profile/3583.htm","No"
"Freightway International","15 Alderney Drive, Suite 1 , Dartmouth, Nova Scotia, B2Y 2N2","","","https://www.freightnet.com/profile/3703.htm","No"
"Greenwich Meridian Lines Canada Inc","335 Webb Drive , Suite 1405, Mississauga, Ontario, L5B 4A1","","","https://www.freightnet.com/profile/3746.htm","No"
"Five Star Transport","4388 Grassland Cres , Mississauga, Ontario, L5V 1E2","","","https://www.freightnet.com/profile/3848.htm","No"
"O-T Transport Services","2316 Gilford Rd , Po Box 64, Gilford, Ontario, L0L 1R0","","","https://www.freightnet.com/profile/4149.htm","No"
"C2 Logistics Inc","222  Queen Street Suite 1502 , 2700 Lancaster Rd Unit 108, Ottawa, Ontario, K1P 5V9","","","https://www.freightnet.com/profile/4180.htm","No"
"Allfreight International","215 , 5904b 50 Street, Leduc, Alberta, T9E 6J4","","","https://www.freightnet.com/profile/4392.htm","No"
"Mercator Transport International","1425 Rene Levesque , Montreal, Quebec, H3G 1T7","","","https://www.freightnet.com/profile/4669.htm","No"
"Cado Auto Int","71 Berwick Cres , Richmond Hill, Ontario, L4C 0B7","","","https://www.freightnet.com/profile/4779.htm","No"
"Vision Customs / Traffic Services Inc.","1235 Williams Pkwy E. Box 68508 , Brampton, Ontario, L6S 4S0","","","https://www.freightnet.com/profile/4817.htm","No"
"Kelconn Brokers","838 Fennell Ave East , Unit 111, Hamilton, Ontario, L8V 1V6","","","https://www.freightnet.com/profile/5013.htm","No"
"Airtrans Forwarding Ltd","1540 Lodestar Road , Unit 1, Toronto, Ontario, M3J 3C1","","","https://www.freightnet.com/profile/5323.htm","No"
"Global Lynx","21 Arnold Cresent , Po Box 471, Richmond Hill, Ontario, L4S 4Y8","","","https://www.freightnet.com/profile/5357.htm","No"
"Total Logistics Partner","1455, 55th Avenue , Dorval, Quebec,","","","https://www.freightnet.com/profile/5821.htm","No"
"Saltrock Intl Ventures (S I V) Shipping","Hilltops Tower , 50 Panorama Court Suite 401, Etobicoke, Ontario,","","","https://www.freightnet.com/profile/5870.htm","No"
"Global Packnship","12 - 2105 Midland avenue , Toronto, Ontario,","","","https://www.freightnet.com/profile/5945.htm","No"
"Accurate Freight Services","34 Continental Road , Brampton, Ontario,","","","https://www.freightnet.com/profile/6229.htm","No"
"Aviva Raphaela","47 Nelder , Morin-Heights, Quebec,","","","https://www.freightnet.com/profile/6259.htm","No"
"M.P. Enterprises Inc.","R.R. # 1 , Severn Bridge, Ontario,","","","https://www.freightnet.com/profile/6315.htm","No"
"Timeline Freight Systems","126 Crookston Road , Belleville, Ontario,","","","https://www.freightnet.com/profile/6372.htm","No"
"B & W Freight Forwarders Ltd.","# 102, 7710 5th Street S.E , Calgary, Alberta,","","","https://www.freightnet.com/profile/6563.htm","No"
"DRT Logistics Inc","31 Melanie Drive #4 , Brampton, Ontario,","","","https://www.freightnet.com/profile/7310.htm","No"
"Checkpoint Logistics Inc.","7370 Bramalea Road , Unit #23, Mississauga, Ontario,","","","https://www.freightnet.com/profile/8021.htm","No"
"Global Shipping","21511 McCormick Road , RR#1, Glen Robertson, Ontario, K0B 1H0","","","https://www.freightnet.com/profile/8276.htm","No"
"Partner Plus Logistics","3350, Brett Road , Mississauga, Ontario,","","","https://www.freightnet.com/profile/8672.htm","No"
"Courtier en Transport GMR INc.","2310 Chemin du Fleuve , Saint-Romuald, Quebec,","","","https://www.freightnet.com/profile/8840.htm","No"
"Pacific Customs Brokers","101 - 17637 1st Avenue , Surrey, British Columbia, V3S 9S1","","","https://www.freightnet.com/profile/9144.htm","No"
"Key Factor Canada Freight Management Inc.","P O  Box 7114 , Innisfil, Ontario, L9S 1A9","","","https://www.freightnet.com/profile/9404.htm","No"
"Trans-Global Expediters Ltd","Suite# 20  1915 32nd Avenue , Skyways Commercial Centre, Calgary, Alberta, T2E7C8","","","https://www.freightnet.com/profile/9610.htm","No"
"Cosmo Express","3405 American Drive Suite 10 , Mississauga, Ontario, L4V 1T6","","","https://www.freightnet.com/profile/9697.htm","No"
"Air & Ocean Transervice Group","45 Wynford Heights Crs , Toronto, Ontario, M3C 1L2","","","https://www.freightnet.com/profile/9958.htm","No"
"ManX Forwarding Inc","530 Century Street , Suite 212, Winnipeg, Manitoba, R3H 0Y4","","","https://www.freightnet.com/profile/10927.htm","No"
"GTX Logistics Inc","80 Bass Pro Mills Drive , Suite 21, Vaughan, Ontario, L4K 5W9","","","https://www.freightnet.com/profile/11626.htm","No"
"Amsun Cargo Services Inc","1550 South Gateway Road , Suite 212, Mississauga, Ontario, L4W5G6","","","https://www.freightnet.com/profile/12702.htm","No"
"Canada Business Services","96-4662 Kingston Road , Toronto, Ontario, M1E2P9","","","https://www.freightnet.com/profile/12757.htm","No"
"Shannam Enterprise","9280 Glendower Drive , Richmond, British Columbia, V7A 2Y3","","","https://www.freightnet.com/profile/12814.htm","No"
"US Expedite","310 - 77 Mowat Avenue , Toronto, Ontario, M6K 3E3","","","https://www.freightnet.com/profile/12970.htm","No"
"L.A.C. Shipping","5475 Pare St , Suite 252, Montreal, Quebec, H4P 1P7","","","https://www.freightnet.com/profile/13414.htm","No"
"ABSA Canada International","6205 B Airport Road Suite # 210 , Mississauga, Ontario, l4V 1E3","","","https://www.freightnet.com/profile/14272.htm","No"
"Makama Inc","Suite 11, 100 - 6th Ave SW , Calgary, Alberta, T2P 0P5","","","https://www.freightnet.com/profile/14273.htm","No"
"Canmer Freight Inc","8, de Lourdes , Pointe-Claire, Quebec, H9S4R2","","","https://www.freightnet.com/profile/16198.htm","No"
"Southwest Transportation Services Inc","5054 Francois Cusson , Lachine, Quebec, H8T 1B3","","","https://www.freightnet.com/profile/16317.htm","No"
"PFS International","3153 Steeles Ave W , Unit 2, Milton, Ontario, L9T 2V4","","","https://www.freightnet.com/profile/17004.htm","No"
"Trans Orient Freight Forwarding Inc.","2465 Cawthra Road , suite 206, Mississauga, Ontario, L5A 3P2","","","https://www.freightnet.com/profile/17047.htm","No"
"Simple Truth","12966, 18th Ave , , British Columbia, V4B-7E0","","","https://www.freightnet.com/profile/45863.htm","No"
"Sea Speed Logistics Inc","#1 - 14191 Burrows Road , Richmond, British Columbia, V6V 1K9","","","https://www.freightnet.com/profile/17174.htm","No"
"Noreshtech Global Logistics Group Inc","339 Suite 2 Boul Blvd Perrot              , Ile-Perrot-Sud, Quebec, J7V 3G5","","","https://www.freightnet.com/profile/17550.htm","No"
"Absolute Global Logistics Inc.","#9 3610 29th Street N.E. , Calgary, Alberta, T1Y 5Z7","","","https://www.freightnet.com/profile/17593.htm","No"
"Ameri-Can Logistics Ltd","32146 King Road , Abbotsford, British Columbia, V2T 5Z5","","","https://www.freightnet.com/profile/17784.htm","No"
"Wholesale International Courier & Freight Forwarders","73 Railside, Unit 11 , Toronto, Ontario, M3A1B2","","","https://www.freightnet.com/profile/18185.htm","No"
"Valueway Global Logistics Inc","2220 Midland Avenue , Unit 79, Toronto, Ontario, M1P 3E6","","","https://www.freightnet.com/profile/18309.htm","No"
"Rema Logistics & Trade Ltd","210-11938 Bridge Port Rd , Richmond, British Columbia, V6X 1T2","","","https://www.freightnet.com/profile/18825.htm","No"
"BCC International Freight Systems Ltd","240-3751 Jacombs Road , Richmond, British Columbia, V6V 2R4","","","https://www.freightnet.com/profile/19429.htm","No"
"Total Logistics Freight Forwarding","200 Loyola-Schmidt , (Montreal), Vaudreuil-Dorion, Quebec, J7V 8P2","","","https://www.freightnet.com/profile/19470.htm","No"
"Euroworld Transport System Canada Inc","391 Creditstone Road , Concord, Ontario, L4K 1N8","","","https://www.freightnet.com/profile/19984.htm","No"
"Agile Global Logistics","5000 Yonge Street  , Suite-1901, Toronto, Ontario, M2N 7E9","","","https://www.freightnet.com/profile/20179.htm","No"
"Geo Express International","6500 Van Deemter Court , Mississauga, Ontario, L5T 1S1","","","https://www.freightnet.com/profile/20871.htm","No"
"Savino Del Bene Canada","5955 Airport Road , Suite 140, Mississauga, Ontario, L4V 1R9","","","https://www.freightnet.com/profile/21122.htm","No"
"GMX Worldwide Xpress Inc","17 Donegani , Pointe-Claire, Quebec, H9R 2V6","","","https://www.freightnet.com/profile/21760.htm","No"
"PDT International","1551 161B Street , Surrey, British Columbia, V4A 9W3","","","https://www.freightnet.com/profile/22245.htm","No"
"Shell Exim Ltd","362 The East Mall , Unit 107, Etobicoke, Ontario, M9B 6C4","","","https://www.freightnet.com/profile/23038.htm","No"
"Power XS Logistics","124 Bosworth Crescent , Kitchener, Ontario, N2E 1Z1","","","https://www.freightnet.com/profile/23149.htm","No"
"Colbeck & Clarke Inc","2425 Skymark Avenue , Unit #2, Mississauga, Ontario, L4W 4Y6","","","https://www.freightnet.com/profile/23344.htm","No"
"Pacific Overseas Forwarding Inc","2743 Kimbel St  , Suite 202, Toronto, Ontario, L4T 3M6","","","https://www.freightnet.com/profile/23456.htm","No"
"Cosmo Express Ltd Canada","6390 Northwest Drive, Unit 5 , Mississauga, Ontario, L4V 1S1","","","https://www.freightnet.com/profile/23930.htm","No"
"Inter-Continental Logistics Inc.","2680 Matheson Blvd., East, Suite # 102 , Mississauga, Ontario, L4W 0A5","","","https://www.freightnet.com/profile/24316.htm","No"
"Carleton University","410-200 Boul. Cite-des-Jeunes , Gatineau, QC, J8Y 6M1","","","https://www.freightnet.com/profile/46876.htm","No"
"GAO Embedded Inc","601 Milner Avenue,3rd Floor  , Toronto, Canada, M1B 2K4","","","https://www.freightnet.com/profile/43221.htm","No"
"gaocomm","601 Milner Avenue,3rd Floor  , Toronto, Toronto, M1B 2K4","","","https://www.freightnet.com/profile/43274.htm","No"
"Logical Global Solutions","420 Fifth Ave , Matheson, Ontario, P0k 1No","","","https://www.freightnet.com/profile/44701.htm","No"
"Overseas Container Forwarding, Inc","2415 Columbia Street , 2nd floor, Vancouver, British Columbia, V5Y 3E7","","","https://www.freightnet.com/profile/46078.htm","No"
"Aequor Shipping Ltd","The Annex - Unit C2 , 750 Terminal Avenue, Vancouver, British Columbia, V6A 2M5","","","https://www.freightnet.com/profile/53664.htm","No"
"Global Logistics Management Inc","151 Brunel Road Units #30 & #31 , Mississauga, Canada, L4Z 2H6","","","https://www.freightnet.com/profile/56331.htm","No"
"Cargo Care","2234 Briargrove Circle , Oakville, Ontario, L6M5A3","","","https://www.freightnet.com/profile/59462.htm","No"
"DB SCHENKER","2710 BRITANNIA RD E , MISSISSAUGA, ONTARIO/CANADA, L5P1B2","","","https://www.freightnet.com/profile/62460.htm","No"
"Air & Sea Forwarders Canada Inc.","7027 Fir Tree Drive , Mississauga, Ontario, Canada, L5S 1J7","","","https://www.freightnet.com/profile/63520.htm","No"
"OmTrans Logistics Inc.","111 Zenway Blvd , Unit 5, Vaughan, ON   Canada, L4H3H9","","","https://www.freightnet.com/profile/98781.htm","No"
"Golden Pomuli","3250 Bloor Street West , Suite 600, Toronto, Ontario, Canada, M8X 2X9","","","https://www.freightnet.com/profile/97570.htm","No"
"Arena Logistics Inc.","250 West Beaver Creek Rd. Unit 6 , Richmond Hill, ON / Canada, L4B 1C7","","","https://www.freightnet.com/profile/109591.htm","No"
"Pacific Overseas Forwarding Inc.","101 17636 1st. Avenue , Surrey, BC., Canada, V3S 9S1","","","https://www.freightnet.com/profile/111406.htm","No"
"Ship Buddy","1568 Merivale Road , Nepean, Ontario, K2G 5Y7","","","https://www.freightnet.com/profile/113377.htm","No"
"GLM INC","151 Brunel Rd Unit 18 , Toronto, Ontario, l4z2h6","","","https://www.freightnet.com/profile/115416.htm","No"
"Cargotech","256 West 17th street , North Vancouver, Canada, V7M1V6","","","https://www.freightnet.com/profile/130660.htm","No"
"speedex freight systems","7035 Maxwell Road , Unit# 210, Mississauga, Mississauga, CANADA, L5S 1R5","","","https://www.freightnet.com/profile/132274.htm","No"
"Cargolink Worldwide","5200 Dixie road , Suite 108, Mississauga, ON, L4W1E4","","","https://www.freightnet.com/profile/133812.htm","No"