"name","address","phone","website","profileUrl","isPremiumMember"
"Miracle Movers Thornhill","32 Doncaster Ave #1908 , Thornhill, ON, L3T 1L3","","","https://www.freightnet.com/profile/258874.htm","No"
"Miracle Movers North York","835 York Mills Rd , North York, ON, M3B 1Y2","","","https://www.freightnet.com/profile/258327.htm","No"
"Centennial Moving - Long Distance Movers Canada","400 English Dr Unit 201 , Moncton, New Brunswick, E1E3Y9","","","https://www.freightnet.com/profile/206263.htm","No"
"Centennial Moving - Long Distance Movers Vancouver","19130 24 Ave unit 107 , Surrey, BC, V3S 3S9","","","https://www.freightnet.com/profile/252588.htm","No"
"Miracle Movers York","190 Lauder Ave , Toronto, ON, M6E 3H4","","","https://www.freightnet.com/profile/252583.htm","No"
"Professional Movers Kanata","12 Penrith St , Kanata, Ontario, K2W 1C8","","","https://www.freightnet.com/profile/251422.htm","No"
"S.B Movers Vaughan ON | Moving Company","61 Tangreen Cir , Thornhill, Ontario, L4J 5E3","","","https://www.freightnet.com/profile/250221.htm","No"
"Centennial Moving - Long Distance Movers Toronto","500 Esna Park Dr UNIT 11 , Markham, Ontario, L3R 1H5","","","https://www.freightnet.com/profile/214380.htm","No"
"Miracle Movers Etobicoke","334 Bering Ave , Etobicoke, ON, M8Z 3A7","","","https://www.freightnet.com/profile/248991.htm","No"
"Miracle Movers Concord","582 Rivermede Rd , Unit 1-3, Concord, Canada, L4K 2H5","","","https://www.freightnet.com/profile/248821.htm","No"
"Miracle Movers Mississauga","4980 Timberlea Blvd #8 , Mississauga, Ontario, L4W 5C6","","","https://www.freightnet.com/profile/248962.htm","No"
"Professional Movers Mississauga","6625 Tomken Rd  , #20, Mississauga, Ontario, L5T 2C2","","","https://www.freightnet.com/profile/248622.htm","No"
"Miracle Movers Toronto","1415 Yonge St , Toronto, Ontario, M4T 1Y7","","","https://www.freightnet.com/profile/245487.htm","No"
"Miracle Movers Markham","500 Esna Park Dr Unit 10 , Markham, Ontario, L3R 1H5","","","https://www.freightnet.com/profile/241908.htm","No"
"Hendra Moving and Storage","6649 Butler Crescent , #102, Saanichton, British Columbia, V8M 1Z7","","","https://www.freightnet.com/profile/241608.htm","No"
"Phillips Moving & Storage","2525 Steeles Ave West  , Toronto, Ontario, M3J 2P1","","","https://www.freightnet.com/profile/234277.htm","No"
"Harris Movers","878 B Falconbridge Rd  , Sudbury, Ontario, P3A 4S4","","","https://www.freightnet.com/profile/231607.htm","No"
"Number 1 Movers","54 Burland Crescent , Hamilton, ON, L8H 7T5","","","https://www.freightnet.com/profile/159521.htm","No"
"Professional Movers Ottawa","17 F Enterprise Ave , Nepean, Ontario, K2G 0A7","","","https://www.freightnet.com/profile/181549.htm","No"
"High Level Movers Vancouver","567 Hornby St , Vancouver, Canada, V6C 2E8","","","https://www.freightnet.com/profile/189727.htm","No"
"Number 1 Movers Grimsby","48 Sandra Crescent , Grimsby, Ontario, L3M 4Y5","","","https://www.freightnet.com/profile/178359.htm","No"
"Number 1 Movers Ancaster","47 Wilson St W , Ancaster, Ontario, L9G 1N1","","","https://www.freightnet.com/profile/177270.htm","No"
"High Level Movers Toronto","228 Limestone Crescent , Toronto, Ontario, M3J 2S4","","","https://www.freightnet.com/profile/158673.htm","No"
"VTG Global Transportation","Unit # 8-11460 Voyageur Way , Richmond, British Columbia, V6X 3E1","","","https://www.freightnet.com/profile/19430.htm","No"
"EMPIRE MOVING","6435 COTE DE LIESSE , MONTREAL, Quebec, H4T1E5","","","https://www.freightnet.com/profile/94547.htm","No"
"Leader Moving & Storage Inc","2308  400 Webb Drive , Mississauga, Ontario, L5B3Z7","","","https://www.freightnet.com/profile/4928.htm","No"