"name","address","phone","website","profileUrl","isPremiumMember"
"Canadian Freight Quote","12757 149th Street, Edmonton, AB, T5L 4M9 , Edmonton, Canada, 12757","","","https://www.freightnet.com/profile/250935.htm","No"
"2Point Delivery Ltd","2752 Montague St Studio 14,, Saskatchewan, canada, S4S 0J9","","","https://www.freightnet.com/profile/251568.htm","No"
"Mackie - Moving and Storage","933 Bloor Street West , Oshawa, Ontario, L1J 5Y7","","","https://www.freightnet.com/profile/134478.htm","No"
"BC Ferries","1112 Fort Street , Victoria, British Columbia, V8V 4V2","","","https://www.freightnet.com/profile/9035.htm","No"
"Admiral Marine Inc","7035 Maxwell Rd , Suite 207, Mississauga, Ontario, L5S1R5","","","https://www.freightnet.com/profile/52555.htm","No"