"name","address","phone","website","profileUrl","isPremiumMember"
"Pirate Transport LLC","Williston, ND 58801, USA , Williston, North Dakota, 58801","","","https://www.freightnet.com/profile/252137.htm","No"
"Canada","King George Blvd , Surrey, Select State, 9850","","","https://www.freightnet.com/profile/246919.htm","No"
"Savon Truck & Equipment Co Ltd","4234 Butternut Court , Mississauga, Ontario, L5C 3S2","","","https://www.freightnet.com/profile/14250.htm","No"
"Dotcalm Industrial Tools","1111 Davis Drive, Unit 1 , Suite 456, Newmarket, Ontario, L3P 9E5","","","https://www.freightnet.com/profile/13026.htm","No"
"Interweigh Systems Inc","51 Bentley Street , Markham, Ontario, L3R 3L1","","","https://www.freightnet.com/profile/13027.htm","No"