"name","address","phone","website","profileUrl","isPremiumMember"
"Actual Time Logistics","11 Progress Ave , 201, Toronto, Canada, M1P 4S7","","","https://www.freightnet.com/profile/258502.htm","No"
"MHawk transport","4363 baker rd , Prince George, Bc, V2n 5 j2","","","https://www.freightnet.com/profile/255385.htm","No"
"Pilot Courier Ltd","55 Village Centre Place , Unit 200, Mississauga, Ontario, L4Z1V9","","","https://www.freightnet.com/profile/228455.htm","No"
"BYEXPRESS CORP","2411 HOLLY LANE , OTTAWA, ON, K1V7P2","","","https://www.freightnet.com/profile/249945.htm","No"
"eForwarderNetwork.com","215, 2635 37 Avenue NE , Calgary, AB, T1Y 5Z6","","","https://www.freightnet.com/profile/166393.htm","No"
"Stream","20 Bay Street , Toronto, Canada, M5J 2N8","","","https://www.freightnet.com/profile/219125.htm","No"