"name","address","phone","website","profileUrl","isPremiumMember"
"FreightFlow","1051 Glenashton Dr , Oakville, ON, L6H 6Z4","","","https://www.freightnet.com/profile/249260.htm","No"
"CrimsonLogic (U.S.), Inc.","19800 MacArthur Blvd.  , Suite 300, Irvine, United States, 92612","","","https://www.freightnet.com/profile/191529.htm","No"
"Cargoflip","240 Richmond Street W , Toronto, Ontario, M5V 1V6","","","https://www.freightnet.com/profile/212023.htm","No"
"Arcline (2000) Inc","PO Box 7055 , Innisfil, Ontario, L9S1A8","","","https://www.freightnet.com/profile/9386.htm","No"
"C-Team Systems","11-38 Auriga Drive , Nepean, Ontario, K2E 8A5","","","https://www.freightnet.com/profile/468.htm","No"
"Logistics Software Corp","8 Hillcrest Avenue , Suite 2910, Toronto, Ontario, M2N 6Y6","","","https://www.freightnet.com/profile/10153.htm","No"