"name","address","phone","website","profileUrl","isPremiumMember"
"MS Global Logistics Inc","79B Boul Brunswick , Montreal, Montreal, H9B2J5","","","https://www.freightnet.com/profile/9272.htm","No"
"3PL Toronto","736 Bay St Unit #608 , Toronto, Ontario, M5G 2M4","","","https://www.freightnet.com/profile/256949.htm","No"
"Smart North York Movers - North York Moving Companies","28 Levitt Ct , North York, Ontario, M2R 3P9","","","https://www.freightnet.com/profile/255490.htm","No"
"Pacific Coast Distribution - Calgary Warehouse","510 Carmek Blvd. S.E , Calgary, Alberta, T1X 0J9","","","https://www.freightnet.com/profile/254836.htm","No"
"Miracle Movers - Mississauga Storage","4995 Tomken Rd , Mississauga, ON, L4W 1K1","","","https://www.freightnet.com/profile/252586.htm","No"
"ByExpress Fulfillment & Logistics","2411 Holly Lane , Ottawa, Ontario, K1V 7P2","","","https://www.freightnet.com/profile/249576.htm","No"
"Make Logistics Happen","4216 S Service Rd , Burlington, Ontario, L7L 4X5","","","https://www.freightnet.com/profile/233338.htm","No"
"Loyal Express Group","535 Av. Edward Vii, Dorval, QC , Québec, QC, Quebec, H9P 1E7","","","https://www.freightnet.com/profile/233051.htm","No"
"Atlantic Coast Movers","126 Chain Of Lakes Trail , Halifax, Nova Scotia, B3S 1A2","","","https://www.freightnet.com/profile/210694.htm","No"
"Zebra Movers Mississauga","902 Runningbrook Dr , Mississauga, Ontario, L4Y2S5","","","https://www.freightnet.com/profile/176443.htm","No"
"Smart Movers Hamilton - Hamilton Moving Companies","470 Stone Church Rd East , unite 37, Hamilton, Canada, L9B2A7","","","https://www.freightnet.com/profile/172718.htm","No"
"Canada Cartage Logistics Solutions","265 Export Blvd. , Mississauga, Ontario, L5S1Y4","","","https://www.freightnet.com/profile/153178.htm","No"
"RGX","5404 Maingate dr , Mississauga, Ont, l4w 1r8, Canad","","","https://www.freightnet.com/profile/161481.htm","No"
"KOSMO SERVICES","720 DESLAURIERS STREET , MONTREAL, CANADA, H4N 1W5","","","https://www.freightnet.com/profile/157468.htm","No"
"Ketara Logistics","2255 St Laurent Blvd Suite 131 , Ottawa, ON, K1G 4K3","","","https://www.freightnet.com/profile/144756.htm","No"
"MPM Warehousing & Distribution","3100 BOULEVARD LE CORBUSIER , LAVAL, QUEBEC, H7L 4S8","","","https://www.freightnet.com/profile/138432.htm","No"
"Danaca","2555 jean désy , longueuil, qc, j4g1g6","","","https://www.freightnet.com/profile/102202.htm","No"
"Dangerous Goods Packing Service Inc","2755 Thamegate Drive , Mississauga (ON), Ontario, L4T1G5","","","https://www.freightnet.com/profile/134058.htm","No"
"ICE Logistics Inc","35 Crawford Crescent #3 , Box 525, Campbellville, Ontario Canada, L0P 1B0","","","https://www.freightnet.com/profile/106121.htm","No"
"Canadian Fulfillment Center","36 Toronto Street , Toronto, Canada, M5C 2C5","","","https://www.freightnet.com/profile/91163.htm","No"
"Top Cargo Systems","57 Bannister Road , Winnipeg, Manitoba, R2R 0S3","","","https://www.freightnet.com/profile/87175.htm","No"
"LOGISTIQUE CAF INC.","1980 A 5ième rue , St-Romuald, Quebec, G6W 5M6","","","https://www.freightnet.com/profile/59009.htm","No"
"SkidWeigh Inc","28 Swan ave , Toronto, Ontario, M9B 1V4","","","https://www.freightnet.com/profile/10135.htm","No"
"Robert Transport","20 Boul Marie Victorin , Boucherville, Quebec, J4B 1E7","","","https://www.freightnet.com/profile/11408.htm","No"
"Focus Industries Inc","17A Rayborn Crescent , St Albert, Alberta, T8N5C3","","","https://www.freightnet.com/profile/14917.htm","No"
"IWDF Distribution & Fulfillment","7347 Kimbel , Mississauga, Ontario, L4T 3M6","","","https://www.freightnet.com/profile/18590.htm","No"
"A Plus Transport Ltd","140 - 2700 Simpson Rd , Richmond, British Columbia, V6X 2P9","","","https://www.freightnet.com/profile/23940.htm","No"
"Brisk International Cargo Inc","919 Ellesmere Road , Suite # 306, Toronto, Ontario, M1P2W7","","","https://www.freightnet.com/profile/51721.htm","No"
"Stonegate Logistics","7347 Kimbel Street , Mississauga, Ontario, M5V3V6","","","https://www.freightnet.com/profile/86181.htm","No"