"name","address","phone","website","profileUrl","isPremiumMember"
"Glob Ltd.","Street: 4128 Tycos Dr. City, Toronto, Toronto, M5T 1T4","4163135853","","https://www.freightnet.com/profile/181706.htm","Yes"
"Fusion Freights","147 Meadowridge Rd,, London, ON, N6H 5N6","","","https://www.freightnet.com/profile/262683.htm","No"
"Pearl City Impex","15 , Hollowood Court, Brampton, Ontario, L6S 1R4","","","https://www.freightnet.com/profile/222261.htm","No"
"Mada export","1615 edouard laurin , Montreal, QUEBEC CANADA, H3S1V5","","","https://www.freightnet.com/profile/208308.htm","No"
"SMD Winnipeg Exports","2057 station main , Winnipeg, Manitoba, R3C 3R3","","","https://www.freightnet.com/profile/116873.htm","No"