"name","address","phone","website","profileUrl","isPremiumMember"
"上海枚一国际货物运输代理有限公司深圳分公司","5F, Block A1, Zhujiang Square, Longxiang Avenue, Longgang District, Shenzhen , shenzhen, sale, 518100","","","https://www.freightnet.com/profile/216243.htm","No"
"SHENZHEN ASIAN DELLKER SUPPLY CHAIN CO., LTD.","3RD FL., AFFILICATED BUILDING OF AMBASSADOR HOTEL OF SHENZHEN, No. 1211 SHENNAN EAST RD., LUOHU DIST.,  SHENZHEN ,CHINA , Shenzhen, China, 0086-18123721677","","","https://www.freightnet.com/profile/97276.htm","No"
"Shenzhen Logistics and Supply Chain Management Association","Warmly welcome to the 12th China International Logistics and Transportation Fair(CILF) to be held on Oct.12-14 2017!!!  Booth Reservation:scm025@scmfair.com , Futian, China, 518048","","","https://www.freightnet.com/profile/141879.htm","No"
"Chinatrans international limilted","shenzhen , luohu, China, 518000","","","https://www.freightnet.com/profile/63964.htm","No"
"Sinotrans Limited (HQ)","Fairs & Events , Room 1523, Sinotrans Plaza, A43 Xizhimen Beidajie, Beijing, 100044","","","https://www.freightnet.com/profile/16724.htm","No"
"Dragonlink Enterprises Ltd","Rm. D402B, 4/F., Orient Int’l Plaza , 85 Lou Shan Guan Road, Shanghai, 200336","","","https://www.freightnet.com/profile/16830.htm","No"
"YRC Logistics","26 Floor, Hongkong Middle Road 61 , Qingdao, Shandong, 266071","","","https://www.freightnet.com/profile/19885.htm","No"
"Everfresh International Group Inc","Flat f, 22/f, Park Lane Commercial Center, Kwong Fat Garden , 498 Huanshi Rd, E, Guangzhou, Guangdong, 510075","","","https://www.freightnet.com/profile/20838.htm","No"