"name","address","phone","website","profileUrl","isPremiumMember"
"Eanta Mover Limited","16A16,Jazz Building,Luohu District,Shenzhen ,China , Shenzhen, GUANGDONG, 518000","","","https://www.freightnet.com/profile/215357.htm","No"
"Crown Relocations","No. 2 Kehua Zhong Lu , Chengdu, Sichuan, 61004","","","https://www.freightnet.com/profile/120787.htm","No"
"CIM Continental International Moving","Room 26B, Block Two, Bauhinia Court (Zhong Hai Zi Jing Hao Ting), No. 30 Dongsanhuan Beilu, Chaoyang District, Beijing, 100020, P. R. China , Beijing, Beijing, 100020","","","https://www.freightnet.com/profile/83028.htm","No"
"asv fd","Smouha, z , Pearl T, Gansu, 11237","","","https://www.freightnet.com/profile/22684.htm","No"
"Crown Relocations","Crown Worldwide Building, No. 59 , Lane 729-75 Sui De Road, Shanghai, Shanghai, 200331","","","https://www.freightnet.com/profile/127138.htm","No"
"Crown Relocations","Room 1202 YueLiang Plaza , 222 Yuexiu Bei Road, Guangzhou, Guangdong, 510050","","","https://www.freightnet.com/profile/127906.htm","No"