"name","address","phone","website","profileUrl","isPremiumMember"
"Infinity Global Logistics LTD","Room 1801, Tower B, No. 588 Zhangyang Road, Pudong New Area, Shanghai, China, 200120, ShangHai, China,","","","https://www.freightnet.com/profile/252488.htm","Yes"
"Myriver New Sails International Logistics CO., LTD","4F, Oversea friendship BLD, Yingchun RD, Luohu District, Shenzhen, Guangdong, 518000","+8615813832873","http://www.myriver-sails.com/","https://www.freightnet.com/profile/239666.htm","Yes"
"Shenzhen Maxspeed Logistics Co., Ltd","Room#706-710, Section B, Pacific Commercial Trading Building,  No.4028 Jiabin Road, Luohu District, Shenzhen, China., FUTIAN, SHENZHEN, 518000","+8615622874173","http://www.szmaxspeed.com/","https://www.freightnet.com/profile/250176.htm","Yes"
"Shenzhen Daoyi International Logistics Co., Ltd","1# Cuizhu Rd., Nanlian, Longgang,Shenzhen, Guangdong, 518116","+8617388795117","https://www.dycargo.net/","https://www.freightnet.com/profile/181172.htm","Yes"
"Goodhope Logistics company Shenzhen China Limited","Room 1012,Zhonghao build, Baguasi Road ,Futian District, shenzhen, Guangdong, 518000","86-18938691638","https://goodhopefreight.com/","https://www.freightnet.com/profile/233451.htm","Yes"
"HEAD CARGO CO. , LTD","A113,No.4,Haoye Road,Heping Community, Fuhai Street, Baoan District, Shenzhen,China, Dongguan, China, 518100","+86-15914148661","","https://www.freightnet.com/profile/182897.htm","Yes"
"Sinotech Logistics Co., Ltd.","Floor 27th, Block A, World Trade Plaza, Fuhong Road, Futian District, Shenzhen, China, 518033","+86 15798237142","https://www.sinotechline.com/zh/","https://www.freightnet.com/profile/253855.htm","Yes"
"Shanghai LXC Global Logistics Co., Ltd.","606#, Bld. L3B, Hongqiao World Center, Zhuguang Rd., Qingpu Dist., Shanghai , shanghai, China, shanghai","","","https://www.freightnet.com/profile/264956.htm","No"
"Bondex Logistics Co., Ltd. (Chengdu Branch)","Floor 36, NIC (National Innovation Center), No.1777 North Section of Tianfu Avenue, Hi-Tech Zone, Wuhou District, Chengdu City, Sichuan Province, China , Chengdu, Sichuan, China, 610095","","","https://www.freightnet.com/profile/263167.htm","No"
"Shenzhen Hummingbird Logistics Co.,Ltd","Add: Room 523, Longsheng Business Building, No. 3, Fuhai Science and Technology Industrial Park, Fuyong Street, Bao'an District, Shenzhen City, Guangdong Province China    , Shenzhen, Baoan, 524500","","","https://www.freightnet.com/profile/261504.htm","No"
"sunshow","ROOM 1806, SHICHU CUSTOMS CLEARANCE BUILDING, NO.1028, SOUTH DONGMEN ROAD,518002 LUOHU DISTRICT, SHENZHEN,CHINA  , shenzhen, china, 518002","","","https://www.freightnet.com/profile/255919.htm","No"
"Chohelp International Forwarding Ltd","902-904 Tower One, Bay Int’l Center Country Garden，No.16 Chezhan Road, Nancheng Disrict , Dongguan, Guangdong, 523000","","","https://www.freightnet.com/profile/163438.htm","No"
"TJ China Freight","Tenglong Road, Longhua District, Shenzhen City, Guangdong Province. Building A, Longguang Jiuzhuang, Room 1108. , LongHua, Shenzhen, 465464","","","https://www.freightnet.com/profile/262716.htm","No"
"Shanghai Feihong International Cargo Transportation Agency Co. LTD","102, Building 6, 319 Tongli Road, Songjiang District, Shanghai, Song jiang, jiu ting, 201615","","","https://www.freightnet.com/profile/213174.htm","No"
"深圳云翼国际物流","广东省深圳市龙华区天汇大厦805 , 龙华, 中国, 362000","","","https://www.freightnet.com/profile/260326.htm","No"
"Shanghai Wecare Logistics Co.,LTD","Room 712,Block A East Coast,Chuansha Road, Pudong New Area,Shanghai,China 201299, Shanghai, Shanghai, 201299","","","https://www.freightnet.com/profile/236258.htm","No"
"Freightshop Technology Co., Ltd","广东省深圳市宝安区宝安大道5010号西部硅谷国际商务cbd中心b座 , 深圳市宝安区, 深圳市宝安区, 518000","","","https://www.freightnet.com/profile/259870.htm","No"
"SOARING INTERNATIONAL SPEDITION CO.,LTD","Room 1202, CMEC Plaza B, No.1028 Buji Road,Luohu District, Shenzhen , shenzhen, Guangdong, 510000","","","https://www.freightnet.com/profile/231278.htm","No"
"CNT GLOBAL FREIGHT CO. LTD.","Room 2605-2607, Building A, World Trade      Plaza, No. 9 Fuhong Road, Futian District , SHENZHEN, SHENZHEN, CHIN, 518000","","","https://www.freightnet.com/profile/250174.htm","No"
"Airstar Logistics company","广东省深圳市盐田区 , Shenzhen, 广东, 518000","","","https://www.freightnet.com/profile/258617.htm","No"
"Bridgelink Logistics Ltd","Address:Room1507, Building 175,, Shenzhen, Baishilong Community, Longhua District, 518000","","","https://www.freightnet.com/profile/258258.htm","No"
"Shenzhen Cargoes Depot Modern Logistics Co., Ltd.","701, Block A, Lushan Building, No.3023, Chunfeng Rd., Luohu District, Shenzhen, Guangdong, China , Luohu, Shenzhen, 518000","","","https://www.freightnet.com/profile/257411.htm","No"
"OVD International Air Cargo","RM709-710, Hemglu E Era Plaza, Pingji North Road, Longgang District, Shenzhen China , Shenzhen, China, 518111","","","https://www.freightnet.com/profile/257238.htm","No"
"Harvest International Logistics Co., Ltd","China , Hong Kong, Guangdong, Shenzhen, Guangdong, 518000","","","https://www.freightnet.com/profile/257243.htm","No"
"深圳逸鑫国际物流有限公司","深圳市宝安区福永街道龙晟商务大厦701 , 深圳, 宝安区, 518128","","","https://www.freightnet.com/profile/250222.htm","No"
"CIMC Anda Shun International Logistics Co., Ltd. Guangzhou Branch","Room 2201-2206, No.122-1 Tiyu East Road, Tianhe District, Guangzhou, China , Guangdong, Guangzhou, 510000","","","https://www.freightnet.com/profile/256007.htm","No"
"China wisdom logistics service limited","Shenzhen , Shanghai, Tianjin, China, 341000","","","https://www.freightnet.com/profile/221029.htm","No"
"AIRSUPPLY  INTERNATIONAL LOGISTICS GROUP LTD","Hongkong [CHINA] , Shenzhen [CHINA], longgang, shenzheng, 518129","","","https://www.freightnet.com/profile/256008.htm","No"
"Legend International Co., Ltd","Unit 6, Room 7022, No. 350 Changle Road, Huli District,   Xiamen, Fujian, China , huliqu, china, 361000","","","https://www.freightnet.com/profile/254090.htm","No"
"sinofaster","601 Hebian Weiye Building,Baiyun District,Guangzhou City  , guangzhou, china, 510000","","","https://www.freightnet.com/profile/254425.htm","No"
"DI DI GLOBAL LOGISTICS CO.,LTD","shenzhen，China , shenzhen, China, 530199","","","https://www.freightnet.com/profile/254249.htm","No"
"Panda Cargo Service., Ltd.","1101 Huyi Highway Nanxiang Town , Shanghai, Shanghai, 201802","","","https://www.freightnet.com/profile/133358.htm","No"
"NINGBO FEEAOO GLOBAL FORWARDING CO.,LTD","Room906, Building 1, Dongfang Business Center, Yinzhou District, Ningbo,CHINA , NINGBO, CHINA, 315000","","","https://www.freightnet.com/profile/253954.htm","No"
"OVD International air cargo","RM409, Henglu E Era Plaza, No.159,Pingji North Road , Longgang district, shenzhen, 518111","","","https://www.freightnet.com/profile/241802.htm","No"
"广州市捷都货运代理有限公司","广东省 , 广州市, 蔡一村, 蔡一环村路5号, 511400","","","https://www.freightnet.com/profile/250597.htm","No"
"FWD","CHINA , CHINA, CHINA, 580000","","","https://www.freightnet.com/profile/249915.htm","No"
"Guangdong Wayjet International forwarding co.,ltD","C21, Sheng Yuan Jian Cai Cheng, Dongcheng District Dongguan, Guangdong, China , shenzhen, china, 518001","","","https://www.freightnet.com/profile/57405.htm","No"
"SKY INTERNATIONAL LOGISTICS (NINGBO) LTD","601,NO.38,BUILDING A7,EAST DISTRICT,NINGBO NEW MATERIAL INNOVATION CENTER, NO.2660 YONGJIANG AVENUE,YINZHOU DISTRICT,NINGBO,CHINA , NINGBO, NINGBO, 315800","","","https://www.freightnet.com/profile/203038.htm","No"
"江苏哼宝","江苏苏州 , 吴中, 苏州, 无","","","https://www.freightnet.com/profile/247130.htm","No"
"AIRSUPPLY","Floor 23th Bldg 13 South Park Baoneng Science and Technology Industrial Park,Qingxiang Road,Longgang Shenzhen , Shenzhen, China, 518000","","","https://www.freightnet.com/profile/246441.htm","No"
"Shenzhen H&M logistics co.,Ltd","Room 1220-1222, Yueyun Building, Luohu District, Shenzhen, China 51800 , Shenzhen, Guangdong, 51800","","","https://www.freightnet.com/profile/246666.htm","No"
"Onestep Global Supply Chain Co., Ltd.","A212,No.29,Nanxin Street,Longgang District,Shenzhen , SHENZHEN, GUANGDONG, 518000","","","https://www.freightnet.com/profile/199129.htm","No"
"中铎国际货运代理","湖南省长沙市岳麓区梅溪湖街道熙望大厦1505 , 长沙, 岳麓, 343325","","","https://www.freightnet.com/profile/242749.htm","No"
"AIR SUPPLY","深圳 , 龙岗区, 亚洲, 518000","","","https://www.freightnet.com/profile/242723.htm","No"
"Shenzhen Seahi Supply Chain Management Co.,Ltd","101，2 Building Pengjinghui,Baihua , Guangming Street, SHENZHEN, GUANGDONG, 518000","","","https://www.freightnet.com/profile/240604.htm","No"
"Shenzhen Sunway Supply Chain Management Co., Ltd","fuyong  , baoan, fuyong, China, 518100","","","https://www.freightnet.com/profile/239576.htm","No"
"Hamkow Logistics Ltd.","Rm2201, Building J, Wuhan Salon, No.8 Hongtu Boulevard,   Dongxihu District, Wuhan City, Hubei Province, China 430040 ,  Wuhan City, Hubei Province, China, Wuhan, China, 430040","","","https://www.freightnet.com/profile/215964.htm","No"
"GUANGZHOU ANCHOR LOGISTICS CO.,LTD","ROOM 1206, PROFIT PLAZA NO.76, WEST HUANGPU ROAD, GUANGZHOU, CHINA , guangzhou, China, 510630","","","https://www.freightnet.com/profile/189768.htm","No"
"On The Way International Supply Management","Office 50518, Floor 5, Tower D, Galaxy SOHO, Dongcheng District, Beijing, China , Beijing, Beijing, 100006","","","https://www.freightnet.com/profile/232880.htm","No"
"HFH HKG Dangerous goods AIR","SHENZHEN , HONGKONG, SHENZ, BAOAN, 515223","","","https://www.freightnet.com/profile/233928.htm","No"
"Shanghai LXC Global Logistics CO., LTD","706#, Bld. L3B, Hongqiao World Center, Zhuguang Rd., Qingpu Dist. , Shanghai, China, 201702","","","https://www.freightnet.com/profile/232661.htm","No"
"winco","C5Rm601.Zhonghao new town BanTian Sub-District, Longgang Shenzhen,PR.China,518129 , shenzhen, 深圳, 518109","","","https://www.freightnet.com/profile/232448.htm","No"
"Alfie Cargo Services (Beijing) Co, Ltd.","Beijing,CN , Pinggu, China, 101200","","","https://www.freightnet.com/profile/221132.htm","No"
"DL CARGO (SHANGHAI) CO., LTD","C219 #21 JINWEN ROAD PUDONG DISTRICT  SHANGHAI CHINA 201323 , SHANGHAI, SHANGHAI, 201323","","","https://www.freightnet.com/profile/192795.htm","No"
"BEST SERVICES INT'L FREIGHT SUZHOU LTD.","Rm 1217,Hengyu Plaza,No.188 Xinghai Street,SIP, Suzhou,China. , Rm 1217,Hengyu Plaza,No.188 Xinghai Street,SIP, Suzhou, 215100","","","https://www.freightnet.com/profile/217196.htm","No"
"NCL Logistics (China) Co.,Ltd","Rm C,17/F, Jiajiahao Commercial Building , No.10168,Shennan Rd., Nanshan District, Shenzhen city, P.R.China, 518052","","","https://www.freightnet.com/profile/217094.htm","No"
"shenzhen GTX int'l logistics co.,ltd","Room604,No.2 Bulidling Block A ,Tongtai Times Square,Cross of Baoan Road and Haoye Road,Fuyong,Baoan District,Shenzhen,China. , Fuyong, guangdong/china, 518000","","","https://www.freightnet.com/profile/229226.htm","No"
"China Global Freight","No. 101, Building A, Zhongxi Century Science Park, Jihua Street , Longgang District, Shenzhen City, 518104","","","https://www.freightnet.com/profile/226145.htm","No"
"Shenzhen Ladoo Freight Service LTD","Unit1302,TowerB,Unicenter,Baoan Center,Shenzhen,China , SHENZHEN, BaoAn, 518100","","","https://www.freightnet.com/profile/216126.htm","No"
"Shenzhen HanRun International Logistics Co., LTD","Second floor, Building B, Fuxingda Logistics Park, Xinghua Road, Fuyong Sub-District, Bao'an District, Shenzhen,China , Baoan Shenzhen China, China, 51000","","","https://www.freightnet.com/profile/219792.htm","No"
"Forever Air & Sea International Ltd","Room 2602, Block A, Union Plaza, No.5022, Binhe Avenue, Futian District, Shenzhen 518000, Guangdong,China , Futian District, Guangdong, 518000","","","https://www.freightnet.com/profile/222926.htm","No"
"Ever Shine","Rm 609 ,Smart grid industrial Park, No 1124. Nanshan Avenue , Nanshan district , Shenzhen , China , Shenzhen, China, 518000","","","https://www.freightnet.com/profile/155019.htm","No"
"SHENZHEN TAILAM INT'L SHIPPING AGENCY CO.,LTD",": Room1201, Wenjindu Customs, Mansion, South, Shenzhen P.R.China , SHENZHEN CITY, Guangdong, China, 518000","","","https://www.freightnet.com/profile/227541.htm","No"
"elsansara international trading company limited","eng Qi dong Road  No. 42   Guang Yin Mansion,  15/F ,  Rm1522,, Hangzhou, Zhejian/china, 30020","","","https://www.freightnet.com/profile/226926.htm","No"
"miragrown logistics co ltd","7F CUSTOMS MANSION WENJINDU SOUTH DONGMEN RD.  LUOHU DISTRICT,SHENZHEN,CHINA , LUOHU, CHINA, 518000","","","https://www.freightnet.com/profile/172298.htm","No"
"Wellshare Internaitonal Forwarding Co.,ltd","18C,West Block,Wenfa Building,Shennan Road East,Luohu , shenzhen, china, 5180000","","","https://www.freightnet.com/profile/64684.htm","No"
"RISS INTERNATIONAL LOGITICS","9C, No. 2, Dongjiu Lane, Changkeng Road, Bantian Community, Bantian Street, Longgang District, Shenzhen , GUANGDONG, SHENZHEN, 518000","","","https://www.freightnet.com/profile/220754.htm","No"
"Sinotech Logistics","Floor 27,Block A,World Trade Plaza,Fuhong Rd,Futian District , Futian, Shenzhen, 518000","","","https://www.freightnet.com/profile/219569.htm","No"
"alfie cargo","shenzhen , shenzhen, shenshen, china, 350000","","","https://www.freightnet.com/profile/211257.htm","No"
"Sinotech logistics co.,ltd.","world trade plaza, futian district ,shenzhen ,China , Shenzhen, China, 518033","","","https://www.freightnet.com/profile/188513.htm","No"
"Panda Global Co. Ltd","5th F, No.738 Guangji Rd, Hongkou Dist, Shanghai , Shanghai, China, Shanghai/China, 20000","","","https://www.freightnet.com/profile/213509.htm","No"
"Shenzhen yunyi international Logistics CO.,LTD","Room 803A,Building C，Tianhui Building , Shenzhen longhua, China, 0555","","","https://www.freightnet.com/profile/211342.htm","No"
"SHANGHAI SSM INTERNATIONAL LOGISTICS CO,LTD","BUILDING 316 , NO. 10, PUDONG NEW AREA, SHANGHAI, 200120","","","https://www.freightnet.com/profile/169427.htm","No"
"PUHEDA INTERNATIONAL LOGISTICS LIMITED","广州市白云区机场东路01号豪泉大厦529 , 白云区, 广东省, 广州市","","","https://www.freightnet.com/profile/207654.htm","No"
"Bridge Group Int'l Cargo Service Ltd","Rm603, Bldg B3, 168 Baoyuan Rd, Shenzhen, P.R.C 518100  , Xixiang, Guangdong, 518000","","","https://www.freightnet.com/profile/207986.htm","No"
"Shanghai LXC Global Logistics Co., Ltd.","Shanghai LXC Global Logistics Co., Ltd. , shanghai, shanghai, 200000","","","https://www.freightnet.com/profile/207512.htm","No"
"深圳市华美迅捷国际货运代理有限公司","First floor 1-4 of lane 16 in Fuyong Xinhe District 1 , BaoAn, BaoAn, 518100","","","https://www.freightnet.com/profile/206292.htm","No"
"Eternity Logistics Co., Ltd.","Unit 2, 2/F, Office Building B, Chamtime Plaza, 2 Lane 2889, Jinke Rd, Shanghai, China , Shanghai, China, 201203","","","https://www.freightnet.com/profile/201088.htm","No"
"CMP International Freight Forwarding(Ningbo) Co., Ltd","1116 Room, No 181,Zhongshan East Road, Haishu District, Ningbo, China , NINGBO, CHINA, 315150","","","https://www.freightnet.com/profile/200296.htm","No"
"ningbo dingwang international logistics company","RM1116，Building east business center , ningbo, china, 315000","","","https://www.freightnet.com/profile/154493.htm","No"
"Shenzhen Delonix Freight Limited","Room1501, Building D, KK 100 Tower Luohu District , shenzhen, Choose your country / region, 51808","","","https://www.freightnet.com/profile/197446.htm","No"
"SHENZHE INSU INTERNATIONAL LOGISTICS CO., LTD","Rm410 No. 9 Longshan Industrial district Busha Road Longgang Shenzhen China 518114 , LONGGANG, SHENZHEN CHINA, 518000","","","https://www.freightnet.com/profile/193473.htm","No"
"SPARKLE SHIPPING CO.,LTD","Room 1102,Unit C,building A,Bantian Commercial Plazz. No.999.Jihua Road,Bantian Street. , Longgang District Shenzhen, China, 518129","","","https://www.freightnet.com/profile/148038.htm","No"
"ABC LOGISTICS CO.,LTD.","futian, Shenzhen, China , Luohu, SHENZHEN, China, Shenzhen, China, 518000","","","https://www.freightnet.com/profile/192270.htm","No"
"JHT GLOBAL LOGISTICS LIMITED","Room K-L,16F,West Coast Building,No.2251 Nanhai Road,Nanshan District,Shenzhen,China , shenzhen, guangdong, 518000","","","https://www.freightnet.com/profile/191462.htm","No"
"BTG INTERNATIONAL FREIGHT FORWARDING (BEIJING) CO., LTD.","1808 TOWER C FANGHENG INT'L , NO. 6 FUTONG EAST AVE., BEIJING, CHINA, 100000","","","https://www.freightnet.com/profile/191064.htm","No"
"ANTEK SUPPLY CHAIN MANAGEMENT (SHENZHEN) LIMITED","Room AE, Floor 26th, Block A, Honglong Century Building, No. 4002 Shennan Road East, Luohu District, Shenzhen , P.R. China , Guangdong, China, 518000","","","https://www.freightnet.com/profile/181252.htm","No"
"SHENZHEN ARGO LOGISTICS CO LTD","FL 2, JIAYE BUILDING, BI XIN RD, NANLIAN, SHENZHEN, CHINA, 518116","","","https://www.freightnet.com/profile/187628.htm","No"
"GLA  Co., Ltd.","No. 2109, 21st Floor, HongChang Plaza, No. 2001, Road Shennan Dong Luohu District, Shenzhen, China , Shenzhen, Guangdong, 518000","","","https://www.freightnet.com/profile/187527.htm","No"
"格罗博国际货运代理（上海）有限公司","上海浦东机场金闻路9号4幢220室 , 浦东新区, 上海, 210000","","","https://www.freightnet.com/profile/179544.htm","No"
"SINOTRANS AIR TRANSPORTATION DEVELOPMENT CO.,LTD","ROOM 806-810 BLOCK A.T-SHARE INTERNATIONAL CENTER,TAOYUAN RD.,NANSHAN DIST.,SHENZHEN GUANGDONG CHINA , SHENZHEN, CHINA, 518001","","","https://www.freightnet.com/profile/107617.htm","No"
"Hope-trans International Logistics","24th Building , Jinbi Industrial Park, Hangcheng Street, China, 518000","","","https://www.freightnet.com/profile/178183.htm","No"
"Guangzhou Goldenway International Freight CO., LTD","21Floor,ChengYue Building,448 Dong Feng Zhong Road,Guangzhou, China. , 21Floor,ChengYue Building,448 Dong Feng Zhong Road,Guangzhou, China., GUANGZHOU, CHINA, 51300","","","https://www.freightnet.com/profile/175894.htm","No"
"SOARING INTERNATIONAL SPEDITION CO.,LTD","Room 1202,CMEC Plaza B,No.1028 Buji Road, Luohu District,Shenzhen,Guangdong Province,China , shenzhen, guangdong, 518000","","","https://www.freightnet.com/profile/174066.htm","No"
"Good Faith International Freight Forwarding Co.,Ltd.","Rm 305,Tianfuxing Building,Longhua New Aera,ShenZhen,China. , Shenzhen, China, 518113","","","https://www.freightnet.com/profile/118487.htm","No"
"QINGDAO T-SUCCESS INTL LOGISTICS CO.,LTD","NO1 HONGQIAO ROAD , LIUTING AIRPORT, CHINA, 266108","","","https://www.freightnet.com/profile/171201.htm","No"
"HangKang Cargodirect Logistics","Huangpu，GuangZhou , GuangZhou，China, China, 510700","","","https://www.freightnet.com/profile/171021.htm","No"
"Airsupply  International  Logistics Group Limited","GZL Business Building Longhua District Shenzhen,518109,Guangdong,China , Unit2804B,28/F,Cable TV Tower,No.9 HoiShing Road,Tsuen Wan,N.T.,Hongkong, Longhua District Shenzhen, Guangdong,China, 518109","","","https://www.freightnet.com/profile/162270.htm","No"
"HAPPY LOGISTICS","Room A207, Kina Investment Building , QingLian Road NO.1 , YingBin Avenue, Guangzhou, China, 510800","","","https://www.freightnet.com/profile/167056.htm","No"
"Panda Global (Beijing) Co., Ltd Shanghai Branch","Room 502, Building 2, No.738 Guangji Road, Hongkou District, Shanghai, P.R.China , Shanghai, China, 100080","","","https://www.freightnet.com/profile/157410.htm","No"
"ShangHai Solution Internatioanl Forwarding Co.,ltd.","NO16 JinWen Road Pudong New District ShangHai , pudong, shanghai, 201202","","","https://www.freightnet.com/profile/166229.htm","No"
"Shining Ocean Global Logistics","Luohu  Shenzhen   , Shenzhen, Shenzhen, 000000","","","https://www.freightnet.com/profile/162563.htm","No"
"Airsupply  International  Logistics Group Limited","A602-608 GZL Business Building Longhua District Shenzhen,518109,Guangdong,China , SHENZHEN, China, 518000","","","https://www.freightnet.com/profile/159968.htm","No"
"CTS INTERNATIONAL LOGISTICS GROUP CO,.LTD","Suite 20th Floor,Tian An Centre NO.338 Nanjing Road(West) Shanghai,China , Shanghai, Shanghai/China, 200003","","","https://www.freightnet.com/profile/158608.htm","No"
"China Freight","Suhao Building, Nanxin Road,, Shenzhen, Nanshan District, 510852","","","https://www.freightnet.com/profile/159412.htm","No"
"Achilles Int’l Logistics (Shanghai) Co., Ltd.","Room 409, No.46, Lane 225, Chenyang Road , Oriental Modern Commercial Plaza, Pudong, China, 201202","","","https://www.freightnet.com/profile/111250.htm","No"
"JC Logisitics","16th floor, Jinlian Building, Zhongshan District, Dalian, China  , dalian, China, 116000","","","https://www.freightnet.com/profile/157742.htm","No"
"Guangzhou Angelwing International Cargo CO.,Ltd.","D101,Dong Feng Industrial Area,East Lingshan Road,Dongpu Town,Tian he District,Guangzhou,China , GUANGZHOU, GUANGDONG, 510660","","","https://www.freightnet.com/profile/154512.htm","No"
"H & C International Logistics Limited","Rm 615 6th floor Block B Yuanzheng Science Park,  Wuhe Avenue Bantian,Longgang District, Shenzhen,China. , SHENZHEN, CHINA, 518128","","","https://www.freightnet.com/profile/150524.htm","No"
"CIE Transport Service LTD","1010/10F,Global Logistics Service Centre,China South City,Long Gang,Shenzhen 518000, China. , Shenzhen, China, 518000","","","https://www.freightnet.com/profile/146238.htm","No"
"TRANS-TOP LOGISTICS CO.,LTD","Room 511,5/F Peninsula Building, No.7 Xinyuan Road, Luohu District, Shenzhen , Shenzhen, Guangdong, 518001","","","https://www.freightnet.com/profile/145271.htm","No"
"BEIJING FJTD FORWARDER CO.,LTD","ROM505,building,shunyi district,beijing , shunyi, China, 101300","","","https://www.freightnet.com/profile/149430.htm","No"
"SHENZHEN LAD cargo Limited","2F,CUIGANG IND,FUYONG,BAO'AN,SHENZHEN , FUYONG, CHINA, 518100","","","https://www.freightnet.com/profile/147796.htm","No"
"Guangzhou Angelwing Global Freight Company","D101,Dong Feng Industrial Area , Tian he District,Guangzhou,China, Tianhe, China, 510660","","","https://www.freightnet.com/profile/144403.htm","No"
"QINGDAO MINGCHEN INTERNATIONAL LOGISITICS CO.,LTD","ROOM 909 QINGMU BUILDING,NO.129 NINGXIA ROAD, SHINAN DISTRICT QINGDAO,CHINA , Qingdao, China, 266000","","","https://www.freightnet.com/profile/142319.htm","No"
"Airsupply  International  Logistics Group Limited","B 607 GZL Business Building Longhua District Shenzhen,518109,Guangdong,China , Hongkong, Shenzhen, China, 518000","","","https://www.freightnet.com/profile/144909.htm","No"
"shengda-freight CO.,LTD","Zhejiang ningbo jiangdong district east new world 57 12 building the first floor , ningbo, china, 31500","","","https://www.freightnet.com/profile/120475.htm","No"
"SHENZHEN HUILOGISTICS INTERNATIONAL LOGISTICS CO,.LTD","101-102 1st Floor,MinYing Building,Guangyayuan, BanTian,LongGang district, Shenzhen, Guangzhou, 518129","","","https://www.freightnet.com/profile/141237.htm","No"
"TODAY INTERNATIONAL LOGISTICS CO.,LTD","Room1904.Guidu Building,Chunfeng Road,Luohu,Shenzhen,China , Shenzhen, China, 518000","","","https://www.freightnet.com/profile/131680.htm","No"
"Shanghai Morepro Int'l Logistics Co.,Ltd.","Address:Floor 4,No.61 YangShuPu Road,Shanghai,P.R.C. , Pudong, Shanghai, 200082","","","https://www.freightnet.com/profile/127137.htm","No"
"Shenzhen Yee Zhan Yuan International Freight Co.,Ltd","Rm 13D, HanKing Building, 23 Deng Liang Rd., NanShan District  ShenZhen, China , GUANGDONG SHENZHEN, NanShan District, 518054","","","https://www.freightnet.com/profile/136987.htm","No"
"HARVEST INT’L FREIGHT CO., LTD.","RM 722-726，7TH Floor,Logistics Building,Bao An Int'l Airport, Shenzhen,China. , Shenzhen, China, 518100","","","https://www.freightnet.com/profile/136705.htm","No"
"QMING INTERNATIONAL TRANSPORTATION LTD.","NO1509,International Business Building, Jiabin Road,  Luohu District,Shenzhen,China , SHENZHEN, CHINA, 5180000","","","https://www.freightnet.com/profile/105760.htm","No"
"CTS INTERNATIONAL LOGISTICS CORPORATION LIMITED","20th Floor, Tian An Center, No. 338 Nanjing Xi Road, SHANGHAI, CHINA, 200003","","","https://www.freightnet.com/profile/134456.htm","No"
"MOD International Logistics (Shenzhen) C","R202,Building B, South International Square,  Yitian Road, Futian Dist. Shenzhen, China , Guangdong, Shenzhen, 518000","","","https://www.freightnet.com/profile/131522.htm","No"
"abi freight forwarder co., ltd","rm3104,baiyun greenland center , no.888 yunchengxi road, guangzhou, guangdong, 510420","","","https://www.freightnet.com/profile/130782.htm","No"
"Sinotech Logistics Group","Fuhong Road,Futian District,Shenzhen , Rm826 Lihao Building No.18 Jichang Rd.Guangzhou, Futian, country, 518034","","","https://www.freightnet.com/profile/55298.htm","No"
"Shenzhen Creation International Logistics Co.,Ltd","Rm 203, Bld A,Hopeway Logistics Center 1 zone, Baoan International Airport , Shenzhen, Select State, 518128","","","https://www.freightnet.com/profile/133290.htm","No"
"Cairo Freight Systems ( Shenzhen ) CO. LTD.","Room 1608 , 16/F., Jing Tian Building , No.1199, He Ping Road , Luohu  District, Shenzhen ,China , Shenzhen, China, 51800","","","https://www.freightnet.com/profile/128352.htm","No"
"Ningbo Dashing International Logistics Co.Ltd","Number 288 ,Xinma Road, Jiangbei District , Ningbo, China, 315000","","","https://www.freightnet.com/profile/120554.htm","No"
"QWCS(Quick-win Cargo Service Limited)","beijing shunyiqu shunyulu 701 , nanfaxin, nanfaxin, 100000","","","https://www.freightnet.com/profile/127498.htm","No"
"STARCROWN INTERNATIONAL FREIGHT CO.,LTD","B2407 Fenglin International Center Longgang Blvd Shenzhen China , LONGANG, GUANGDONG,CHINA, 518172","","","https://www.freightnet.com/profile/131926.htm","No"
"Quick-win Cargo Service Limited","shunchang road , Beijing, shunyi district, 100000","","","https://www.freightnet.com/profile/131365.htm","No"
"SHAMeiYiInternational Cargo Transportation Co. Ltd.","SHAJiaDing Moyu Road No. 28 , SHA, China, 201800","","","https://www.freightnet.com/profile/119791.htm","No"
"GuangZhou XueHang Logistics co ltd","Guangzhou baiyun int'l airport rd, 15 cross xuehang logistics park RM323, HuaDong, Guangzhou/China, 510850","","","https://www.freightnet.com/profile/128479.htm","No"
"Puda Logistics(Guangzhou) CO.Ltd","Rm.901.Yaohua International,NO.10-1,AirportRoad,Guangzhou P.R.China , Guangzhou, China, 510405","","","https://www.freightnet.com/profile/105740.htm","No"
"Freight Solution Ltd.","Rm4015, No.1 Office Building , Yujing Garden, Yulin Road, Shenzhen, Guangdong, 518000","","","https://www.freightnet.com/profile/127930.htm","No"
"Proair International Logistics Group Ltd","A516-517 WDL Business Building , Longhua New district, Shenzhen, 518109","","","https://www.freightnet.com/profile/127809.htm","No"
"CREATION","Room 1105, 11th Floor, Zonghe Tower 1, Xinchengrongyu, No.09 Furong South Road,  Tianxin District, Changsha city, Hunan Province, China, 410004 , CHANGSHA, HUNAN, 410000","","","https://www.freightnet.com/profile/119798.htm","No"
"Genius Cargo Limited","Room 212, Building 3rdHuafei Logistics Park  Shiwan Qi Road, Pudong Airport, Shanghai, China , shanghai, China, 201323","","","https://www.freightnet.com/profile/102544.htm","No"
"Creation (Hunan) Int'l Freight Agency Co.,Ltd","Room 1105, 11th Floor, Zonghe Tower 1 ,Xinchengrongyu , No.09 Furong South Road,  Tianxin District, Changsha city, China, 410004","","","https://www.freightnet.com/profile/116568.htm","No"
"BEST  PARTNER  INT'L FREIGHT LTD.","ROOM 1807 A BLOCK; JIANINGNA PLAZA; LUOHU;SHENZHEN ;CHINA , SHENZHEN, CHINA, 518000","","","https://www.freightnet.com/profile/108708.htm","No"
"Shanghai Alliance International Freight Forwarding Co., Ltd.","ROOM 18B-2,NO.257 SIPING ROAD,SHANGHAI,CHINA , SHANGHAI, SHANGHAI, 200081","","","https://www.freightnet.com/profile/102029.htm","No"
"Alfie Cargo Services (Shanghai) Co, Ltd","PVG,Shanghai,China , Airport Town, China, 200000","","","https://www.freightnet.com/profile/65532.htm","No"
"XIAMEN INFINITY LOGISTICS CO.,LTD -SHENZHEN BRANCH",":Room 806,ChuangJian Building,No.6023 ShenNan Road, FuTian District, ShenZhen China , SHENZHEN, GUANGDONG CHINA, 518008","","","https://www.freightnet.com/profile/96398.htm","No"
"DPI logistics (HK) limited shenzhen branch","Unit 01 13/F Lan Kun building NO.213 Minkang Road Longhua District Shenzhen city ,Guangdong,China , shenzhen, Guangdong, 518131","","","https://www.freightnet.com/profile/102813.htm","No"
"Co-logistics Co. ltd","Room2401,Guidu Bld, No.3007.Chunfeng Road, Luohu District ,Shenzhen,China , guangzhou, China, 518002","","","https://www.freightnet.com/profile/114487.htm","No"
"56port","Rm1106, JIAHUI INTERNATIONAL TRADE CENTER ,No.11,   Caihong South Road,Ningbo City,Zhejiang Province,China , Ningbo, China, 315000","","","https://www.freightnet.com/profile/112702.htm","No"
"Vanocean International Freight Ltd.","Rm.1004.Bldg,1Jinhua,no.25 Jinlan Road North Foshan , Foshan, China, 458000","","","https://www.freightnet.com/profile/60361.htm","No"
"SHEN ZHEN OCEAN MASTER INT’L FREIGHT CO.,LTD.","深圳市罗湖区南湖路安庆大厦2503 , 罗湖, 深圳, 518000","","","https://www.freightnet.com/profile/96646.htm","No"
"Shenzhen Henghang International  Logistics Co.,Ltd","Room 1205-1206 12/Floor, Foreign Trade Group Building, Luohu District , Shenzhen,China , Shenzhen, Guangdong, 518000","","","https://www.freightnet.com/profile/99600.htm","No"
"Soaring Transportation Co.,Limited","Rm.B12, 23/F, Jazz Building, Jiabin Rd,, LuoHu, ShenZhen, 51800","","","https://www.freightnet.com/profile/63314.htm","No"
"Sungars Logistics (Shanghai) Limited","RM305, GaoYang Hotel, No.879, DongDaMing Road, HongKou District, Shanghai, China, 200082","","","https://www.freightnet.com/profile/105385.htm","No"
"Shanghai Eastern Fudart Transportation Services Co.,Ltd","China Cargo Airlines Center No.199, Konggang 6 Road Hongqiao Int'l Airport Shanghai 200335 P.R.China , Hongqiao, Shanghai, 200335","","","https://www.freightnet.com/profile/101073.htm","No"
"M&S INTERNATIONAL FORWARDING LTD.","RM903, 9/Floor, 239# Zhongxing Road, Luohu District , shenzhen, China, 518000","","","https://www.freightnet.com/profile/94531.htm","No"
"Shenzhen Tadun International Freight Co., Ltd.","Room 311, Yinshan logistics center, Fuwei village, Fuyong street, Baoan district, Shenzhen city, Guangdong province, China, Shenzhen, Guangdong, 518103","","","https://www.freightnet.com/profile/53325.htm","No"
"EUROLINK GLOBAL AIR CARGO","RM604 OFFICE PARK , NO. 535 QINGSHUIQIAO ROAD, NINGBO, ZHEJIANG CHINA, 315000","","","https://www.freightnet.com/profile/53979.htm","No"
"cargo shipment international co.,LTD","shandong route , qingdao, china, 266000","","","https://www.freightnet.com/profile/102270.htm","No"
"Huahang International Logistics Co., Ltd","NO.3, Alley 2, Xiantian District 2,Huaide new village,Fuyong Town,Baoan,Shenzhen,China , Baoan, China, 580001","","","https://www.freightnet.com/profile/95171.htm","No"
"Sinotech Logistics Co.,Ltd.","Floor 27th,Block A,World Trade Plaza,Fuhong Rd , Shenzhen, China, 518033","","","https://www.freightnet.com/profile/84579.htm","No"
"procargoair logistics co ltd","Unit 316, Baoan International Airport Logistics Park Phase II,  Shenzhen, China , shenzhen, guangdong, 518000","","","https://www.freightnet.com/profile/63455.htm","No"
"China Boss Cargo Service., Ltd","Room 906,JianXing Commercial Bulind Guang Yuan Zhong Rd , Guang Zhou, China, 518000","","","https://www.freightnet.com/profile/88863.htm","No"
"linktrans logistics co., ltd.","ROOM 608-610,2st BUILDING,HILTON SQUARE,HONGFU ROAD,NANCHENG DISTRICT,DONGGUAN CITY,CHINA , Dongguan, Guangdong, China, 523000","","","https://www.freightnet.com/profile/89202.htm","No"
"Jet-Hope International Logistics Ltd","Room 712,Flat B,Zhenye Plaza,Baoan nan Rd,Luo Hu district , Shenzhen, Guangdong, 518000","","","https://www.freightnet.com/profile/89253.htm","No"
"Shenzhen LZD International Transport Co.,Limited","Room 835 Fuyong Huaide business bulding Baoan District 518102 Shenzhen China , Baoan, China, 518102","","","https://www.freightnet.com/profile/88212.htm","No"
"ocean crownsh","E6 No.188 East Jiangwan Rd, Hong Kou, Shanghai , shanghai, China, 200081","","","https://www.freightnet.com/profile/87113.htm","No"
"global engeor (qingdao)  Forwarding and logistics co.,ltd china","qingdao city,china  head office , shanghai office, north district,qingdao, china, 266100","","","https://www.freightnet.com/profile/83913.htm","No"
"beijing kingkerry int'l transport co.,ltd","Room 506, 8th street, No. 9 Building B Beijing Logistics Park, ShunYi Distric ,Beijing ,China , beijing, beijing, 101300","","","https://www.freightnet.com/profile/85963.htm","No"
"M&S International Forwarding Ltd","FOREIGN TRADE GROUP BUILDING, LUOHU DISTRICT , Shenzhen, China, 511800","","","https://www.freightnet.com/profile/85670.htm","No"
"Shenzhen Tailam International Shipping Agency Co Ltd","Room 1213, 12/F, A Wing, Wenjindu Customs, Mansion , 1006 Dongmen Road South, Shenzhen, Guangdong, 518002","","","https://www.freightnet.com/profile/19236.htm","No"
"goldenwings","guangzhou , guangzhou, guangzhou, 510000","","","https://www.freightnet.com/profile/81988.htm","No"
"GRANDLINK LOGISTICS CO.,LTD","Room 4308-10, 43/F., Golden BusinessCenter, #2028 Shennan Road(East), Luohu District , SHENZHEN, P.R. CHINA, 518000","","","https://www.freightnet.com/profile/81925.htm","No"
"APX World Logistics Inc.","No.788 Shiwan 2 road,Pudong New District , Shanghai, China, 201323","","","https://www.freightnet.com/profile/64995.htm","No"
"Shanghai U-int'l Freight Forwarding Co.,Ltd","Rm.415- 419,No.8-9,1500 Lane.Lianhua Rd.(South) , shanghai, china, 201108","","","https://www.freightnet.com/profile/63306.htm","No"
"EUROLINK GLOBAL AIR CARGO","RM604, Office Park Building, QingShuiQiao Road 535# Technical Zone , Ningbo, China, 315000","","","https://www.freightnet.com/profile/58455.htm","No"
"INNER ACTION GROUP CO,.LTD","1116，Fude Business Building, Fuyong, Baoan District,, shenzhen, 518103","","","https://www.freightnet.com/profile/57437.htm","No"
"DPL LOGISTICS (FUZHOU) CO.,LTD","UNIT E, 15/F,WORLD TRADE PLAZA,NO.71,WUSIRD FUZHOU CHINA(35001) , FUZHOU, CHNA, 350001","","","https://www.freightnet.com/profile/59083.htm","No"
"Shenzhen Glory Air-Sea Shipping Ltd","D17,4TH FLOOR,OVERSEAS FRIENDSHIP BUILDING,LUOHU DISTRICT,SHENZHEN , SHENZHEN, China, 510000","","","https://www.freightnet.com/profile/58955.htm","No"
"Aerotrans Int'l Logistics Ltd","Rm b08,9/F regalia place No.4018 Jiabin Road,Luohu district Shenzhen,China , Shenzhen, China, 518000","","","https://www.freightnet.com/profile/54888.htm","No"
"Ever Shine Int'l Logistics Limited","Room 32A.Block 4.Time City,Chuangye Rd.518054 , Nanshan district,Shenzhen, Nanshan, Guangdong, 518054","","","https://www.freightnet.com/profile/57232.htm","No"
"I-WIN International Forwarding (ShenZhen)Ltd","A312,LDL Logistics Centre , Cuigang Road West, Fuyong Town,Baoan airport, Shenzhen, Guangdong, 518002","","","https://www.freightnet.com/profile/53411.htm","No"
"Glory (HK) Industry LTD","Room D16, 4th Floor, Overseas Friendship Building , Luohu District, Shenzhen, Guangdong, 518000","","","https://www.freightnet.com/profile/52367.htm","No"
"Jade Cargo International Company Limited","Shenzhen Airlines Flight Operations Building, 6/F , Baoan International Airport, Shenzhen, Guangdong, 518128","","","https://www.freightnet.com/profile/17090.htm","No"
"Centraltrans International Logistics Co.,Ltd.Shenzhen","3/F., Oriental Plaza , 1072 Jianshe Rd., Luohu District, Shenzhen, Guangdong, 518000","","","https://www.freightnet.com/profile/53320.htm","No"
"Shenzhen I-WIN international forwarding co,Ltd","A312, LDL Logistics Centre , Cuigang Road West, Fuyong Town, Bao’an airport, Shenzhen, Guangdong, 518002","","","https://www.freightnet.com/profile/52321.htm","No"
"PENAVICO SHENZHEN LOGISTICS LTD.","20/F,ANLIAN PLAZA,NO.4018,JINTIAN ROAD,FUTIAN DISTRICT,SHENZHEN,CHINA , Shenzhen, Guangdong, 518026","","","https://www.freightnet.com/profile/51080.htm","No"
"Shenzhen Airlines","Air duty building 2 , Shenzhen Airlines base, Shenzhen Airport, Shenzhen, Guangdong, 518128","","","https://www.freightnet.com/profile/19682.htm","No"
"Guangzhou DKL International Logistics Agent TLD.","NO.351, South Baiyun Avenue , Guangzhou, Guangdong, 51000","","","https://www.freightnet.com/profile/51957.htm","No"
"Gaea(Shanghai)International Freight Forwarder Co.,Ltd","Room102,No.23,Lane300 GuLong Road,Minhang District,Shanghai,China , shanghai, china, 201102","","","https://www.freightnet.com/profile/63593.htm","No"
"Shenzhen E-Fly Logistics Co., Ltd","Rm1112, Fude Commercial Building, Huaide , Fuyong, Baoan, Shenzhen, China, 518000","","","https://www.freightnet.com/profile/97406.htm","No"
"Unicon Global Logistics (HK)L.T.D","FLAT/RM 704, 7/F, BRIGHT WAY TOWER 33 MONG KOK ROAD, KL, HK , Guangdong, Shenzhen, 51800000","","","https://www.freightnet.com/profile/98408.htm","No"
"Airfast--freight","Dongming building 1406，Shenzhen , Dongming building 1406，Shenzhen, Longhua district, China, 518131","","","https://www.freightnet.com/profile/107870.htm","No"
"Shenzhen Long Sail International logistics Co., Ltd.","Wenhua Building West. Shennan East Rd. Shenzhen China , SHENZHEN, CHINA, 518000","","","https://www.freightnet.com/profile/128943.htm","No"