"name","address","phone","website","profileUrl","isPremiumMember"
"XIAMEN Y-SOURCE INDUSTRIAL CO.,LTD.","11 FLOOR, NO.56 YIBIN NORTH ROAD , HULI DISTRICT, XIAMEN CITY, FUJIAN PROVINCE, 361006","","","https://www.freightnet.com/profile/216207.htm","No"
"Rongshang Logistics (Tianjin) Group Co., Ltd.(TIANJIN) Co.","SUITE 3803. THE EXCHANGE TOWER 1 ,189 NANJING ROAD , TIANJIN，CHINA, Choose your province, 300051","","","https://www.freightnet.com/profile/250860.htm","No"
"PRESTIGE SHIPPING SHENZHEN LTD","SHENZHEN , LUOHU, CHINA, 518023","","","https://www.freightnet.com/profile/224692.htm","No"
"AIRLINK GROUP LIMTED","Room 507,Building A1,United Industrial Park,Fuhai Street,Bao'an District,Shenzhen,China , SHENZHEN, GUANGDONG, 518000","","","https://www.freightnet.com/profile/219590.htm","No"
"Newgoodhome Co.,Ltd","Lelong Creative City, Longjiang ,Shunde District, Foshan , China , Longjiang, Foshan, 528311","","","https://www.freightnet.com/profile/209885.htm","No"
"Pihanlo Co., Limited","No. 83-87, Dongyi Road, Jiangxia, Huangshi Street, Baiyun District , Guangzhou, Guangdong, 510400","","","https://www.freightnet.com/profile/47212.htm","No"
"Shenzhen JM International Logistics Co.,Ltd","415 Bldg A Tianhui Mansion Yousong Rd Longhua , Longhua, Shenzhen, 518000","","","https://www.freightnet.com/profile/115787.htm","No"
"Shanghai Giant  Imp & Exp Co Ltd","Room A, 15 Floor, Jianai Building , No.8 Changyang Road, Hongkou, Shanghai, 200082","","","https://www.freightnet.com/profile/16893.htm","No"
"BLT Flexitank Industrial Co.,Ltd.","No.56 Hongkong Middle Road,Qingdao , Qingdao, China, 266071","","","https://www.freightnet.com/profile/56121.htm","No"
"Gamjing Shipping Co","Room 1463, Ruijin Building , 205 Mao Ming Nam Lu, Shanghai, 200020","","","https://www.freightnet.com/profile/18358.htm","No"
"Horizon Coast Trading Ltd","1317，South Tower, World Trading Center, No.371-375 , Guangzhou, China, +86","","","https://www.freightnet.com/profile/87289.htm","No"
"Shenzhen Everfresh Logistics Co.,Ltd","Rm1112,East Tower,Haian Mansion,Haide Third Street,Nanshan District,Shenzhen,China , Shenzhen, China, 518054","","","https://www.freightnet.com/profile/58485.htm","No"
"DYNA LOGISTICS","room702-703,7/F financial square,333 jiujiang road shanghhai , HuangPu, shanghai, 200001","","","https://www.freightnet.com/profile/63198.htm","No"
"Shanghai F.O.C International Trade Co.,Ltd","Rm.1101, No.738 Shangcheng Rd.,Shanghai, 200120 China , SHANGHAI, China, 200120","","","https://www.freightnet.com/profile/57495.htm","No"
"Xuchang Yaan Insulating Plant","Laodong road, Weidu district , Xuchang, Henan, 461000","","","https://www.freightnet.com/profile/13736.htm","No"
"Hangzhou Handun Trading","1207 Hangzhoukeji building , Hangzhou, Zhejiang, 310000","","","https://www.freightnet.com/profile/17385.htm","No"
"Xiamen Baroque Oil Painting Art Co Ltd","22L 2# Baolongzhongxin Jiahe Road , Xiamen, Fujian, 361000","","","https://www.freightnet.com/profile/20422.htm","No"
"Shanghai U-Express Logistics CO, LTD","Room 2406,Shenbang Mansion, No 1318th,North Sichuan Road,Shanghai China , Room 1416,Hi Time mansion,No 289 Wu jin road,Shanghai China, Shanghai, Shanghai, 200080","","","https://www.freightnet.com/profile/93076.htm","No"