"name","address","phone","website","profileUrl","isPremiumMember"
"SHENZHEN OTS TRANSPORT SERVICES LTD.","ROOM 03, 40/F, PANGLIN PLAZA, NO.2002 JIABIN ROAD, LUOHU DISTRICT, SHENZHEN, CHINA , SHENZHEN, CHINA, 518000","","","https://www.freightnet.com/profile/229633.htm","No"
"Penavico Shenzhen Logistics Ltd.","Add:20/F,AnLian Plaza,No.4018,JinTian Road, FuTian District,ShenZhen,China P.C.518026 , shenzhen, china, 518000","","","https://www.freightnet.com/profile/182006.htm","No"
"Goodway international freight com.ltd","Room 1903,Jia Ye Building,318 Dong FengZhong Road,Guangzhou,China , Guangzhou, China, 510100","","","https://www.freightnet.com/profile/61908.htm","No"
"MASTER  UNION  LOGISTICS","MASTER  UNION  LOGISTICS Rm303-303A,3/F,Shuichan building,NO.3131.Renmin North Road, Luohu District,Shenzhen , SHENZHEN, China, building,NO.3131.Renmin","","","https://www.freightnet.com/profile/138550.htm","No"
"Sinoteam Logistics Co.,Ltd","Room 9403, Ecological Bay Center,Hongshun Road, Free Trade Zone Dongli District,Tianjin,P.R.China.(300304) , Tianjin, China, 300304","","","https://www.freightnet.com/profile/140870.htm","No"
"Ningbo Tide International Logistics Co.,Ltd","Room 7016 ,International shipping service center,NO.266 ,, FUMING, CHINA, 315000","","","https://www.freightnet.com/profile/111476.htm","No"
"SHEN ZHEN BOHAIER SHIPPING AGENCY CO.LTDGUANGZHOU BRANCH","616, Hangyun Tower , Guangzhou, Guangdong, 510020","","","https://www.freightnet.com/profile/52764.htm","No"