"name","address","phone","website","profileUrl","isPremiumMember"
"Cargostan","陕西省西安市 , 港务大道88号, 国际港务区, 西安市, 710026","","","https://www.freightnet.com/profile/257841.htm","No"
"广州新集运货运有限公司","嘉禾商务大厦 , 广州, 广州, 5567","","","https://www.freightnet.com/profile/255994.htm","No"
"深圳骏雄物流有限公司","深圳市盐田区 , 深圳, 广东, 518083","","","https://www.freightnet.com/profile/254678.htm","No"
"Shenzhen Hui jun Logistics Co.,Ltd","Rm507,DongHaiLiJing building , Guangdong, Yantian, China, 518000","","","https://www.freightnet.com/profile/220861.htm","No"
"上海顺耿物流有限公司","上海市浦东新区江东路143号 , 上海市, 浦东新区高桥镇, 200137","","","https://www.freightnet.com/profile/212231.htm","No"
"SEA KING CO.，LTD.","Room 1025, Unit B, No.1, Fengxiang Avenue Qingcheng District, Qingyuan City, Guangdong. , 清远, 广东省, 511500","","","https://www.freightnet.com/profile/157641.htm","No"
"Asia Rapidness Enterprise Service Co., LTD.","Room 908, International center of Jinbi Lingxiu, No.3, Junya st, Huangpu East rd, Huangpu District  , Guangzhou, China, 510661","","","https://www.freightnet.com/profile/148036.htm","No"
"Summer Win(Shantou) International Transportation Co.,Ltd.","Room 906,China-view Plaza,No.17 Hanjiang Road,Shantou,Guangdong,China. , shantou, guangdong, 261041","","","https://www.freightnet.com/profile/112642.htm","No"