"name","address","phone","website","profileUrl","isPremiumMember"
"JUST SUPPLY CHAIN SERVICE(SHENZHEN) CO.,LTD","Room B1506,Bld Niulanqian,Minzhi Street,Longhua District,Shenzhen,Guangdong,China , Shenzhen, Longhua, 518000","","","https://www.freightnet.com/profile/139625.htm","No"
"HUIYUAN INTERNATIONAL LOGISTICS CO.,LTD","2105,Heping Building,Lane 1079, Dalian RO , Hongkou District, Shanghai, 200086","","","https://www.freightnet.com/profile/57894.htm","No"
"Shenzhen Huayuan International Logistics co., Ltd","RM1139, GuangFa Edifice, 2007# Dongmennan Road,, Shenzhen, China, 0086","","","https://www.freightnet.com/profile/63960.htm","No"
"China National Foreign Trade Transportation Corp - Sinotrans","1409 Sinotrans Plaza , No 43A Xizhimen North Street, Beijing, 100044","","","https://www.freightnet.com/profile/16554.htm","No"
"China International Freight Forwarders Association","10th Floor, Bldg 15 , Block 4, Anhuili, Chaoyang, Beijing, 100101","","","https://www.freightnet.com/profile/23607.htm","No"