"name","address","phone","website","profileUrl","isPremiumMember"
"Ningbo ruilin International Logistics Co.,Ltd","Room 1106, No. 2 Shangdong International Building,Yinzhou District,Ningbo. , shanghai, ningbo, zhejiang, 3150000","","","https://www.freightnet.com/profile/169679.htm","No"
"CNT INTERNATIONAL LOGISTICS","B BUILDING,XINHEAIQINJU,BUJI STREET,SHENZHEN,CHINA , SHENZHEN, china, 518116","","","https://www.freightnet.com/profile/259011.htm","No"
"VIE Logistics Supply Chain Co., Ltd.","Address: 13th Floor, Guangzhou Jiayu Center, No. 769 Huacheng Avenue, Tianhe District, Guangzhou , Tianhe, Guangzhou, 510000","","","https://www.freightnet.com/profile/233942.htm","No"
"Guangzhou Seven Seas International Logistics Co., Ltd","2217 No. 18 Xihu Road Grandbuy new wing building, Guangzhou , Guangdong, China, 510000","","","https://www.freightnet.com/profile/250994.htm","No"
"China import customs clearance broker","Guangzhou , Shenzhen, Guangzhou, Guangzhou, 510000","","","https://www.freightnet.com/profile/157501.htm","No"
"China customs broker for import goods","Shanghai port,86 18038319027 , Guangzhou port, Guangdong,trista@seehog.com, China, 00886","","","https://www.freightnet.com/profile/146442.htm","No"
"Customs Clearance for import China","Shenzhen airport 86 18038319027 , Guangzhou airport, Guangzhou, Guangdong province, 52300","","","https://www.freightnet.com/profile/212837.htm","No"
"Seehog International Logistics Co.,Ltd","GuangDong , Nancheng street, Dongguan, 523000","","","https://www.freightnet.com/profile/204386.htm","No"
"Seahog Internationational Logistics Co., Ltd.","3F/A3 , No.197 North Fu Te Road, Pudong New Area, Shanghai, 200137","","","https://www.freightnet.com/profile/200056.htm","No"
"Vanhang Supply Chain Management (Shanghai) Co.,Ltd.","Room 906-908,BLD 6,No.3611,Zhangyang Rd,Pudong new District,Shanghai,200136 , Room 802,no.12,jinang avenue,nansha district,guangzhou, 上海, 浦东, 200000","","","https://www.freightnet.com/profile/197041.htm","No"
"Beijing Flywing Aviation Co., Ltd","Room 807 NO.9 Shunyuan Street  ,  Chaoyang District, CHAO YANG, CHINA, 100018","","","https://www.freightnet.com/profile/160081.htm","No"
"Seehog Customs Clearance Agent China","Tianjin, Qingdao, Ningbo port , Beijing, Shanghai, Shenzhen port, Tianjin, China, 523000","","","https://www.freightnet.com/profile/158464.htm","No"
"Customs Clearance in China (SeeHog Customs broker)","No.108, block 1, dongguan avnue, No.198, Guangdong, China , guangdong, China, 523000","","","https://www.freightnet.com/profile/158012.htm","No"
"SeeHog Import & Export Customs Broker Co., ltd","No.108, Block1, happiness massion, nancheng,guangdong,china , guangdong, China, 523000","","","https://www.freightnet.com/profile/157974.htm","No"
"Shenzhen Customs Clearance Agent Logistics Service","Shenzhen baoan district , yantian port, China, 518000","","","https://www.freightnet.com/profile/146800.htm","No"
"China Import Customs Clearing & forwarding agency","HongKong , Shenzhen, GuangDong, China, 0086","","","https://www.freightnet.com/profile/146801.htm","No"
"China SeeHog International Logistics Co., ltd","Shanghai pudong raod , Shenzhen zhantao road, Nancheng, China, 523000","","","https://www.freightnet.com/profile/146799.htm","No"
"Shanghai Import & Export Co., Ltd.","Road Jilong，No 1，Tangchen International Trade Building，Room 2101，China (Shanghai) Pilot Free Trade Zone，Pudong , Shanghai, Shanghai, 200131","","","https://www.freightnet.com/profile/109325.htm","No"
"Unionway International (HK) Limited","Rm.1905-1907,19th/F,International Trade Center Renmin South Rd. , Shenzhen, China, 5810001","","","https://www.freightnet.com/profile/57205.htm","No"
"ShenZhen Kingstar Shipping Co Ltd","Rm2006-07, Shenye Building , Shenzhen, Guangdong, 518001","","","https://www.freightnet.com/profile/14805.htm","No"