"name","address","phone","website","profileUrl","isPremiumMember"
"Global Freightage Services","162, Kinshasa , Goma, Kinshasa, Democratic Republic of the Congo, 162","","","https://www.freightnet.com/profile/231391.htm","No"
"DIRCO EXPRESS","Avenue du Plateau 06 , Immeuble CNSS; APPARTMENT 04.KINSHASA GOMBE, Kinshasa, Republique Democratique du Congo, 1224","","","https://www.freightnet.com/profile/118564.htm","No"
"AFREX CONGO SARL","1703, KASA VUBU , LUBUMBASHI, KATANGA, 00243","","","https://www.freightnet.com/profile/204878.htm","No"
"Raj international forwarding Ltd","Congo , Congo, Pointe noire, Congo, 234","","","https://www.freightnet.com/profile/170701.htm","No"
"Perseus Forwarders DRC","4 Av. Butembo, Quartier des Volcans , Goma, North Kivu, 12345","","","https://www.freightnet.com/profile/176008.htm","No"
"Malabar Group","2 Avenue Square Forrest , Lubumbashi, Katanga, 00000","","","https://www.freightnet.com/profile/98188.htm","No"
"Swift Travel & Supply","51/A, Boulevard Du 30 Juin , B.P. 2594 KIN 1, Kinshasa,","","","https://www.freightnet.com/profile/17696.htm","No"
"RAPIDSERVICE","Av/croix rouge n*108. C/Kinshasa Av/Kato N*97 direction kasavubu C/Kinshasa ,  Room 5205,Yueyang Trading Mall (B),Lu Jing Road, Yue Xiu District, GuangZhou., Guangzhou, Guangdong, 510000","","","https://www.freightnet.com/profile/225603.htm","No"