"name","address","phone","website","profileUrl","isPremiumMember"
"Nattybe Overseas","coronado, san jose costa rica, san jose, San Jose, n/a","+50688313688","http://www.nattybeoverseas.com/","https://www.freightnet.com/profile/230551.htm","Yes"
"M&B LOGISTICA INTEGRAL SA","Costa Rica , La Asunción de Belén, Belén, Costa Rica, 40101","(506)63805544","http://www.myb.co.cr/","https://www.freightnet.com/profile/258455.htm","Yes"
"ATLANTIC EXPRESS S.A.","Francosta 307 , Barreal de Heredia, Heredia, 40104","","","https://www.freightnet.com/profile/221198.htm","No"
"Sictra Costa Rica SA","Barrio Lujan , 50 Norte Colegio Rosario, San José, San José, 1000","","","https://www.freightnet.com/profile/207341.htm","No"
"Transunion Freight Costa Rica","San Jose Costa Rica, San Sebastian Calle pipianes Recidencial Mayorca 16E , San Jose , Costa Rica, San Jose, San José, 10111","","","https://www.freightnet.com/profile/258037.htm","No"
"Pumilio Cargo","Del gimnasio 100 al este, 50 norte y 75 oeste , Tibas, San Jose, 11301","","","https://www.freightnet.com/profile/256606.htm","No"
"Global Operations & Logistics (GO LOGISTICS)","Zapote , San José, Costa Rica, San José","","","https://www.freightnet.com/profile/106435.htm","No"
"Argus Expresso del Norte S.A.","P.O. Box 7330-1000 , , San Jose, 1000","","","https://www.freightnet.com/profile/1262.htm","No"
"SCG LOGISTICS SRL","Barreal de heredia 10mts oeste de almacen fiscal tinza  , HEREDIA, ULLOA, 40104","","","https://www.freightnet.com/profile/245348.htm","No"
"NATTYBE OVERSEAS","CORONADO , SAN JOSE, SAN JOSE, COSTA RICA, n/a","","","https://www.freightnet.com/profile/187031.htm","No"
"ITRGT MERCADEO S.A.","CÉDULA JURíDICA 3101680328 - OFIBODEGAS BARREAL DE HEREDIA No 13 , BLOQUE # 13, HEREDIA, Heredia, 1000  www.derco.co.cr","","","https://www.freightnet.com/profile/130220.htm","No"
"ICC COSTA RICA","ALAJUELA , AEROPUERTO, SANTIAGO OESTE, 4005","","","https://www.freightnet.com/profile/108818.htm","No"
"Transtainer","Guatemala - Honduras - El Salvador - Nicaragua , Costa Rica, Panama, Peru, .","","","https://www.freightnet.com/profile/186115.htm","No"
"Asetranscr, S.A.","Alajuela Costa Rica , , Alajuela, N/A","","","https://www.freightnet.com/profile/53949.htm","No"
"SERVICIOS INTERNACIONALES DE CARGA, S.A.","Goicoechea, 350 mts este de los Tribunales de Justicia , San Jose, Costa Rica, 3045-1000","","","https://www.freightnet.com/profile/173984.htm","No"
"GRUPO LOGISTICO YASLIN, S.A.","PUERTO LIMON COSTA RICA , LIMON, COSTA RICA, 1000","","","https://www.freightnet.com/profile/141739.htm","No"
"GRUPO MEGA COSTA RICA B.R. S.A.","ASERRI , SAN JOSE  , BARRIO DON BOSCO, SAN JOSE, COSTA RICA, 80-1350","","","https://www.freightnet.com/profile/153679.htm","No"
"Crown Shipping Co.","Belen Multicentro Oficina 49 , Heredia, Heredia, 54210","","","https://www.freightnet.com/profile/143726.htm","No"
"Leader Ocean Service Costa Rica","de la Iglesia Santa Teresita 300 Metros Norte, 25 metros Este. , Barrio Escalante, San Jose, San Jose, San Jose, 10111","","","https://www.freightnet.com/profile/140313.htm","No"
"Alfa Logis-Tica S.A.","Plaza Madero, Oficina #6 , 25 W de Esquina SW del Parque, San isidro de Coronado, Costa Rica, 11101","","","https://www.freightnet.com/profile/136768.htm","No"
"LogisticCo | Aduanas & Carga","Apdo. 171-1100 Tibas , San Jose, Costa Rica, 11301","","","https://www.freightnet.com/profile/85292.htm","No"
"Adusi International Logistics Center of Costa Rica","50 Mts. E y 75 Mts. S de el Servicentro Tinoco , 506 8639 7818, Tres Rios, Cartago, (506)","","","https://www.freightnet.com/profile/21600.htm","No"
"CRESSA Logistics, S.A.","Oficentro Holland House Ofic. #5 , De la Rotonda de La Bandera 350m Oeste, San Jose, Costa Rica, 2093-2050","","","https://www.freightnet.com/profile/131692.htm","No"
"PREMIUM CARGO LOGISTICS SERVICES, S.A.","SAN JOSE, DE CASA MATUTE GOMEZ 125 ESTE Y 50 NORTE , SAN JOSE, COSTA RICA, 1234","","","https://www.freightnet.com/profile/50645.htm","No"
"Logistica ALCA","Tibas, San Jose Costa Rica , Tibas, San Jose, 22971021","","","https://www.freightnet.com/profile/128505.htm","No"
"Linc","San José, Costa Rica , Heredia, la Asunción de Belén, Heredia, 283000","","","https://www.freightnet.com/profile/115295.htm","No"
"SOLUCIONES LOGISTICAS MUNDIALES","San Jose, Costa Rica. 200 Norte y 200 Oeste del Perimercado de la Florida de Tibas. , Tibas, San Jose, 11301","","","https://www.freightnet.com/profile/98874.htm","No"
"MBrothers Logistics","Tibas,Costa Rica , Tibas, San José, 10010","","","https://www.freightnet.com/profile/104919.htm","No"
"Logistic Management & Transportation Corp. S. A.","Sabana Este, 125 metros Este de Soda Tapia, Casa Canada, Local 35, San José, Costa Rica, San Jose, San José, None","","","https://www.freightnet.com/profile/64950.htm","No"
"TNT EXPRESO MUNDIAL DE COSTA RICA, S.A.","400 O. de EPA La Asuncion Belen, Heredia Costa Rica , Heredia, Heredia, 7596","","","https://www.freightnet.com/profile/110161.htm","No"
"LOTRASA","SAN JOSE , SAN JOSE, COSTA RICA, 1000","","","https://www.freightnet.com/profile/55094.htm","No"
"GTLogistics Internacional","Cacique de Alajuela, 150 metros Oeste del hotel Hampton Inn Express , Almacén Fiscal Terminales Unidas, Alajuela, 506","","","https://www.freightnet.com/profile/45472.htm","No"
"Track Co. Logistics SA","800 m Oeste del Colegio San Nicholas, Residencial Villaflores, 18B , San Lorenzo, Heredia, Heredia, Costa Rica, 1000","","","https://www.freightnet.com/profile/97528.htm","No"
"Logistica Aduanera Alca","La Uruca, 150 oeste y 75 norte de la Rotonda Juan Pablo II , San José, Costa Rica, 10107","","","https://www.freightnet.com/profile/59496.htm","No"
"Agencia De Aduanas Multimodal S.A.","100 Metros Al Norte De Water Land , Belén, La Asuncion, Heredia, 974002 ZF ZARET","","","https://www.freightnet.com/profile/22095.htm","No"
"AC Logistica","Avenida 8, Calles 20-24 , San Jose, San Jose, 1000","","","https://www.freightnet.com/profile/56010.htm","No"
"Segtransa","La Aurora , 100 Oeste del Kinder Zorek, Heredia, 565-3000","","","https://www.freightnet.com/profile/13052.htm","No"
"JUZU LOGISTICS","Alajuela Costa Rica , De la agencia del ice, 350 oeste, alajuela, costa rica, 1020000","","","https://www.freightnet.com/profile/83630.htm","No"
"Worldwide Logistics Costa Rica","Oficentro Terrum , Oficina #4, Rio Segundo, Costa Rica, N/A","","","https://www.freightnet.com/profile/56485.htm","No"
"Antares Carga Aerea Y Maritima, S.A.","Costado Norte Plaza Real Cariari , Barreal, Heredia,","","","https://www.freightnet.com/profile/22458.htm","No"
"Grupo Mega Costa Rica, S.A.","450 Sur Fuente La Hispanidad, Barrio Roosevelt , Edificio Mega, San Pedro de Montes de Oca, San Jose, 80-1350","","","https://www.freightnet.com/profile/14405.htm","No"
"Grupo E. Lebuar & Cia.","San Jose, Costa Rica , 200 Sur De Entrada Trasera Centro C. Sur, San Jose, Costa Rica,","","","https://www.freightnet.com/profile/4898.htm","No"
"Dacotrans de Centroamérica, S.A.","Paseo Colón, Calle 32 Edificio DINA , , San Jose, 4074-1000","","","https://www.freightnet.com/profile/20847.htm","No"
"Transportes Ultramarinos, Sa- Sr. Luis A. Granera","Goicoechea , Goicoechea, Guadalupe, Costa Rica, APDO.1148-1100 TIBÁS","","","https://www.freightnet.com/profile/3276.htm","No"
"AIMI Logistica,SA","800 Mts Oeste Mall Real Cariari , Edificio AIMI, Belen, Heredia, 1697-4050","","","https://www.freightnet.com/profile/13673.htm","No"
"Navicon Overseas Costa Rica SA","De los Antojitos 200 Oeste , 25 Sur, 75 Oeste, Tibas, San Jose, 222-1009","","","https://www.freightnet.com/profile/13675.htm","No"
"Seabox Logistics Intl S.A.","50 al Sur del Hotel Grano de Oro , B° Don Bosco, San Jose, 222-1009- Fecosa","","","https://www.freightnet.com/profile/21706.htm","No"
"W.C.C. Cafraba de Costa Rica","250 mts sur de la Antigua Dos Pinos , Barrio Lujan, San Jose,","","","https://www.freightnet.com/profile/21901.htm","No"
"SATSA","Moravia , Moravia, San Jose, 2150","","","https://www.freightnet.com/profile/53486.htm","No"
"GS Logistica Costa Rica","100 norte de KFC , Alajuela, Costa Rica, 1084-4050","","","https://www.freightnet.com/profile/99004.htm","No"
"Consolidadora Los Leones, S.A.","Barrio San Jose de Curridabat , San Jose, Costa Rica, 00100","","","https://www.freightnet.com/profile/99009.htm","No"