"name","address","phone","website","profileUrl","isPremiumMember"
"GLOBAL INTERNATIONAL FORWARDING YDF","Avenida Jacobo Majlunta, Ciudad Modelo, Santo Domingo, SANTO DOMINGO, 2111","8093552136","http://www.gifcago.com/","https://www.freightnet.com/profile/249252.htm","Yes"
"RODRIGUEZ & ASOCIADOS SRL AND GRUPO 2R MULTIMODAL CARGO SRL","ave. independencia km 9 1/2 , calle segunda No. 30 urb Velazcasa, Santo Dominicana, dominican republic, 10206","809-530-7444","","https://www.freightnet.com/profile/160263.htm","Yes"
"SkyPaq Courier","Horacio Blanco Fombona # 9, Ens La Fe, Santo Domingo, Republica Dominicana, 10514","809-333-2467","http://www.skypaqexpress.com/","https://www.freightnet.com/profile/156991.htm","Yes"
"Emy Cargo Logistics, SRL","Villa altagracia, km 43 , Santo Domingo, Santo Domingo, 11117","","","https://www.freightnet.com/profile/245778.htm","No"
"SUBRA LOGISCARGO SRL","Ave. Abraham Lincoln No. 150. Edif. Honnita Suite 5  Sector La Julia, Santo Domingo D.N. , Santo Domingo, Distrito Nacional, 10109","","","https://www.freightnet.com/profile/138182.htm","No"
"Walodis DOM","Autopista Las Americas Km 12 , Esq. Puente Juan Pablo, Santo Domingo Este, DN, 1223","","","https://www.freightnet.com/profile/128184.htm","No"