"name","address","phone","website","profileUrl","isPremiumMember"
"TRANSLOGISTICS S.A.","Quisquis 1502 y Tulcan, Guayaquil, Guayas, 090301","+593998245930","http://www.translogistics.com.ec/","https://www.freightnet.com/profile/95062.htm","Yes"
"CGLogistics S.A.","Av. Fco. de Orellana Km. 1.5 y Juan Tanca Marengo, Ed. Cofín, P.3, Of.3, Guayaquil, Guayas, 00000","+51917360720","http://www.cglogistics.com.ec/","https://www.freightnet.com/profile/91170.htm","Yes"
"AMS DEL ECUADOR","Quisquis 1502 y Tulcan  , Guayaquil, Guayas, 090301","","","https://www.freightnet.com/profile/263126.htm","No"
"LINK CARGO","31 de Mayo y 1 de Mayo , Quito, Ecuador, 171103","","","https://www.freightnet.com/profile/266096.htm","No"
"VyO Cargo S.A.","Cordova 810 y Victor Manuel Rendon , Edif Torres de la Merced Piso 15, Guayaquil, Guayas / Ecuador, 090150","","","https://www.freightnet.com/profile/146376.htm","No"
"INTEROCARGSER S.A.","Victor Manuel Rendon #600 , y Escobedo, Guayaquil, Guayas, 090107","","","https://www.freightnet.com/profile/183614.htm","No"
"GLOBAL CARGO ECUADOR","Av. San Luis, Edf. San Rafael Business Center, piso 5, oficina 5B , Isidro Ayora 3-019 y Cayambe, Sangolqui, Ecuador, 171103","","","https://www.freightnet.com/profile/130075.htm","No"
"ACL, ALLCARGO LOGISTIC S.A.","Victor Manuel Rendon 600 , Baquerizo Moreno y Cordova, Piso 4 Oficina 402, Ecuador, EC090306","","","https://www.freightnet.com/profile/166649.htm","No"
"Overseas Dolmar Line","Av. Francisco de Orellana  234  Edf Blue Towers Piso 7 Of 707 , Guayaquil, Ecuador, 090150","","","https://www.freightnet.com/profile/100208.htm","No"
"TRANSPORT SOLUTIONS TSTM SA","Edif Albobanco piso 1 oficina 101 , Av Rodolfo Baquerizo Nazur, Guayaquil, Guayas, 090501","","","https://www.freightnet.com/profile/172931.htm","No"
"MASTER GLOBAL LOGISTICS","AV 6 DE DICIEMBRE , IGNACIO BOSSANO, PICHINCHA, QUITO, 170518","","","https://www.freightnet.com/profile/219407.htm","No"
"CARGOWSHIPPING S.A.","URDESA CENTRAL, CALLE CEDROS 122 Y TODOS LOS SANTOS. EDIF. CEDROS 2 CENTER, OFICINA 2 PLANTA BAJA. DIAGONAL A LA CAMARA DE COMERCIO ECUATORIANA CHINA. , GUAYAQUIL, GUAYAS, 090507","","","https://www.freightnet.com/profile/186366.htm","No"
"FECARGO","Jiguas 127D y Victor Emilio Estrada , Urdesa, Guayaquil, Guayas, 090507","","","https://www.freightnet.com/profile/108033.htm","No"
"INTERMARES SA","SAUCES 1 MZ F30 SOLAR 36  , GUAYAS, GUAYAQUIL, 090502","","","https://www.freightnet.com/profile/189210.htm","No"
"INTERCOMEX Freight Forwarders & Worldwide Movers","Nueva Ventura Aguilera N58-88 y Juan Molineros , Quito, Pichincha, EC170513","","","https://www.freightnet.com/profile/187615.htm","No"
"LOGISBUSINESS GROUP","Av. General Rumiñahui 1277 y Geovanny Farina , Edificio ValleCenter, San Rafael, Pichincha, 171101","","","https://www.freightnet.com/profile/99827.htm","No"
"ALLIANZE LOGISTICS CIA. LTDA.","Km 13.5 Vía a la Costa , Guayaquil, Ecuador, 090150","","","https://www.freightnet.com/profile/153037.htm","No"
"Transporte Avila","Cdla Las Acacias Mz F3 V 9 , Guayaquil, Guayas, 090202","","","https://www.freightnet.com/profile/159594.htm","No"
"SWISS LINES INTERNATIONAL","Av, Colón y Diego de Alamgro , Quito, Ecuador, www.swiss-lines.com, Custom Broker -NVOCC","","","https://www.freightnet.com/profile/11386.htm","No"
"G&L GLOBAL LOGISTICS","ALBORADA 1RA ETAPA AV. FRANCISCO DE ORELLANA # 006 Y PUERTO AYORA , GUAYAQUIL, GUAYAS, 090101","","","https://www.freightnet.com/profile/154407.htm","No"
"TRUNGELI S.A.","Hurtado 702 y Los Rios  , Mezanine Ofic N. 2, Guayaquil, Ecuador, 090303","","","https://www.freightnet.com/profile/153830.htm","No"
"ROYAL CARGO","QUITO , EL INCA AVENUE and LA PRENSA, QUITO, PICHINCHA, 170124","","","https://www.freightnet.com/profile/135012.htm","No"
"SERICARGO SHIPPING COMPANY","Cdla. Bellavista Manz. 5 Solar 13 Condominio Diaz Garcia PB , Guayaquil, Guayas, 00000","","","https://www.freightnet.com/profile/64086.htm","No"
"AIR OCEAN CARGO","Gral. Elizalde 119 y Pichincha Piso 9 Of. 9B , Guayaquil, Guayas, 593","","","https://www.freightnet.com/profile/121356.htm","No"
"Tecomp S.A. (Logistics & Trading)","Avenida de las Américas 406 , Centro de Convenciones Guayaquil, Oficina 1, Guayaquil, Guayas, EC090107","","","https://www.freightnet.com/profile/58880.htm","No"
"surtax S.A.","miguel H. Alcivar y Victor Hugo Sicouret , edificio Torres Del Norte Torre A Oficina 505, guayaquil, guayas ecuador, ec090112","","","https://www.freightnet.com/profile/92190.htm","No"
"BBC WORLD LOGISITCS ECUADOR S.A.","PRADERA 1 MZ A 2 SL 24 , Guayaquil, ECUADOR, 0901","","","https://www.freightnet.com/profile/47966.htm","No"
"CGLOGISTICS S.A.","Av. Fco. Orellana Km. 1.5 y Juan Tanca Marengo Edificio Cofin Piso3 Oficina 3 , Guayaquil, Guayas-Guayaquil, 5934","","","https://www.freightnet.com/profile/82605.htm","No"
"TEMCORPSA S.A.","AV. JIJON MANZANA-69 SOLAR 34 , GUAYAQUIL, GUAYAS, 5934","","","https://www.freightnet.com/profile/110039.htm","No"
"TRADINTER LOGISTICS","URB. ALBAN BORJA EDIF. CLASSIC P 4 , GUAYAQUIL, ECUADOR, 5934","","","https://www.freightnet.com/profile/95673.htm","No"
"MOONCARGO S.A.","Quisquis 1502 and Tulcan, 5th Floor Office 302 , Guayaquil, Ecuador, 5934","","","https://www.freightnet.com/profile/108921.htm","No"
"Ocean Air World Cargo C.A.","Tungurahua y Clemente Ballen (Esquina) , Guayaquil, Guayas, 12345","","","https://www.freightnet.com/profile/7695.htm","No"
"Operflor Cargo","Mariscal Sucre International Airport , Cargo Building - Tababela, Quito, Pichincha, 7714","","","https://www.freightnet.com/profile/19628.htm","No"
"Surtax S.A.","Miguel H. Alcivar y Victor Hugo Sicouret , Edificio Torres Del Norte Torre A Oficina 506, Guayaquil, Guayas, 59342","","","https://www.freightnet.com/profile/22839.htm","No"
"WORLD FREIGHT LOGISTICS WFL SA","LOS RIOS 609 Y QUISQUIS , FLOOR 2|, GUAYAQUIL, ECUADOR |, 593","","","https://www.freightnet.com/profile/86526.htm","No"
"LSC ECUADOR S.A.","America n40-81 y Bouguer , Quito, Ecuador, n43-53","","","https://www.freightnet.com/profile/94383.htm","No"
"Import & Export Network Impexnet S.A.","Cordova 810 y V M Rendon, Edificio Torres de la Merced, piso 23 oficina 1 , Guayaquil, Ecuador, EC090109","","","https://www.freightnet.com/profile/95715.htm","No"
"VyO Cargo","Av. Americas S/N Terminal de Cargas , Gral. Cordova 810 y Victor Manuel Rendon, Guayaquil, Ecuador, 59342","","","https://www.freightnet.com/profile/81741.htm","No"
"BETANJETY LOGISTIC","AV JAIME ROLDOS. PARQUE EMPRESARIAL COLON EDIF 1. OF 108 , GUAYAQUIL, GUAYAS, EC090112","","","https://www.freightnet.com/profile/82402.htm","No"
"CgLogistics S.A.","Av. Francisco de Orellana Km. 1.5 y Av. Juan Tanca , Marengo Edificio Cofin piso 3 oficina 3, Guayaquil, Guayas, 12345","","","https://www.freightnet.com/profile/65496.htm","No"
"Import & Export Network ""Impexnet"" S.A.","P. Ycaza 407 y Cordova Bldg ""Alfil"" 12 Floor Ofic 1202 , Guayaquil, Guayas, 12345","","","https://www.freightnet.com/profile/21480.htm","No"
"Livias S.A.","Pedro Moncayo 940 E/. Velez Y 9 De Octubre , Guayaquil, Guayas,","","","https://www.freightnet.com/profile/18066.htm","No"
"American Business Ecuador S.A.","Tulcan 303 Y Padre Solano , Barrio Orellana, Guayaquil, Guayas,","","","https://www.freightnet.com/profile/1365.htm","No"
"Ecuacargas S.A.","Av. Francisco De Orellana Word Trade Center Torre B Piso 4to , Guayaquil, Guayas, 1717900","","","https://www.freightnet.com/profile/2955.htm","No"
"Universalcargo S.A.","Valderrama entre S. Gabriel y Mariana de Jesus calle N31EV-OE6-84 , Quito, Guayas,","","","https://www.freightnet.com/profile/7961.htm","No"
"Logistics Unlimited SA","Junin 114 Y Maleco 5to Piso Of 4 , Guayaquil, Guayas,","","","https://www.freightnet.com/profile/10699.htm","No"
"Geotransport S.A.","Alpallana y Diego de Almagro- Edif. Alpallana 2 - Ofi. 4.4 , Quito, Pichincha, 4","","","https://www.freightnet.com/profile/13747.htm","No"
"Universalcargo S.A.","C.C. Alban Borja Edif. La Linea Piso 1 Oficina10 , Guayaquil, Guayas,","","","https://www.freightnet.com/profile/16905.htm","No"
"Nl Logistics","Vernaza Norte  , Mz 24 V 8, Guayaquil, Guayas, 59342","","","https://www.freightnet.com/profile/18080.htm","No"
"Air Ocean Cargo","Cdla. Alborada 8va Etapa Mz. 825 Villa 15 , Guayaquil, Guayas, 1018","","","https://www.freightnet.com/profile/18391.htm","No"
"GPlogistics / Garinmopoint","Eloy Alfaro entre Juncos y Manuel Ambrosí , (5 minutos al Norte de Solca y la Embajada Americana), Quito, Ecuador, 17","","","https://www.freightnet.com/profile/58570.htm","No"
"RUTHCARGO S.A.","Avda. Cayetano Tarruel Esteros Mz.3A Solar 7 , Guayaquil, Ecuador, 00000","","","https://www.freightnet.com/profile/103383.htm","No"
"CARGOCORP ECUADOR S.A.","Av. Francisco de Orellana , BLUE TOWERS Building 10th Floor Office 1002, Guayaquil, Guayas, 090506","","","https://www.freightnet.com/profile/131914.htm","No"
"MULTIFORWARDING & BUSINESS","GUAYAS E3 - 112 Y AV AMAZONAS EDF. TORRE CENTRE OIF 1105 , QUITO, ECUADOR, 170507","","","https://www.freightnet.com/profile/214978.htm","No"