"name","address","phone","website","profileUrl","isPremiumMember"
"DY LOGISTICS CO.,","104 Building 3A - Nozha el Gdeda , Cairo, Cairo, 002","","","https://www.freightnet.com/profile/205754.htm","No"
"A.B.S Courier & Freight Systems Egypt.","65 Misr Helwan Road, Maadi, Cairo, egypt, 12567","","","https://www.freightnet.com/profile/102230.htm","No"
"ESSG EGYPT HOURES","1 MOHAMED SABRI  SBO ALAM - , MOHAMED FARID SQUIER ABDEEN DOWEN TOWEN CAIRO EGYPT, CAIRO, CAIRO/EGYPT, 11613","","","https://www.freightnet.com/profile/179893.htm","No"
"Master Logistics","34 Talat Harb St. Down Town , Cairo, EGYPT, 11121","","","https://www.freightnet.com/profile/46794.htm","No"
"A.B.S Courier & Freight Systems Egypt","59 Misr Helwan Road , Maadi, Cairo, Egypt, 12567","","","https://www.freightnet.com/profile/145222.htm","No"
"Jet Express Services","3 Housing & Developing Building , Sheraton - Nozha, Cairo, Egypt, 11843","","","https://www.freightnet.com/profile/142092.htm","No"
"Egyptian Express","3, Dr, Abdel Hameed Saeed St , Opposite Odeon Cinema Apt, #21, Cairo, Kasr Al Neil, 11111","","","https://www.freightnet.com/profile/17625.htm","No"
"ABS Courier & Freight Systems","egypt. 25 Elbaramouni st , Abdeen, Down town, egypt.Cairo, cairo, 11345","","","https://www.freightnet.com/profile/19227.htm","No"