"name","address","phone","website","profileUrl","isPremiumMember"
"amazon marine","villa 129 second district new cairo, new cairo, Cairo, 11865","+201010600971","http://www.amazonmarine.ltd/","https://www.freightnet.com/profile/170858.htm","Yes"
"M&R for Shipping logistics Services Company","59 Rabaa Investment Bldgs., Golf ST,  Nasr City, Cairo, EGYPT, NASR CITY, CAIRO, 11538","+201152220904","http://www.mr-logistics.com/","https://www.freightnet.com/profile/246877.htm","Yes"
"EFG LOGISTICS SERVICES","Sheraton Heliopolis, CAIRO, EGYPT, 12311","01222139032","https://www.efg-mena.com/","https://www.freightnet.com/profile/257409.htm","Yes"
"Smart Express","Nasr City, Cairo, Egypt, 112134","M : +201157009700 WhatsApp & Calls & wechat","http://www.smartexpress-eg.com/","https://www.freightnet.com/profile/185479.htm","Yes"
"Tact Freight for shipping & customs clearance","Nasr City, Cairo - Egypt, Cairo, Nasr City, 11371","+201275888559","https://www.tactfreight.com/","https://www.freightnet.com/profile/256362.htm","Yes"
"Seven seas AMG shipping","26 July St, El kournish road block no:18, Alexandria, Egypt, Alexandria, Alexandria, 21500","01553379900","https://www.sevenseas-amg.com/","https://www.freightnet.com/profile/259264.htm","Yes"
"Mwani Logistics","Sheraton Buildings, Cairo- Egypt., Sheraton Buildings, Cairo, Egypt, 11757","0222663500","https://mwanilogistics.com/","https://www.freightnet.com/profile/260208.htm","Yes"
"EWA Group","22 BaniElAbassi Street, Sultan Hussein, Alexandria, Egypt, 15 Kamal ElDin Hussein , Sheraton, Cairo., Alexandria, Egypt, 126500","034855900","http://www.ewa-group.com/","https://www.freightnet.com/profile/254411.htm","Yes"
"Matrix Freight System","35 w El Fostat New City , Cairo - Egypt, EGYPT, Cairo, 11555","01123311666","","https://www.freightnet.com/profile/261982.htm","Yes"
"DPL Logistics","8 Al shaid ahmed mokhtar, Cairo, AI Qahirah, 02345","01288815257","https://dpl-logistics.org/about.html","https://www.freightnet.com/profile/250861.htm","Yes"
"ICON LOGISTICS INTERNATIONAL","6th Naguib El-Rihani St., Mahatet El Raml, Alexandria, Egypt , Alexandria, Alexandria, 21563","","","https://www.freightnet.com/profile/182548.htm","No"
"C.knights","street 3, 5th Zone , Sheraton Elmatar, Cairo, Sheraton Almatar, 11799","","","https://www.freightnet.com/profile/263236.htm","No"
"El Bedaya Logistics","22 El Horreya St., Block B, 5th Floor, 18 El Raml Station, Al Mesallah Sharq, Al Attarin, Alexandria Governorate , Alexandria, NA, 22111","","","https://www.freightnet.com/profile/255698.htm","No"
"Egress International","Building #6, Road 9 (b) , El Maadi, Cairo, 11431","","","https://www.freightnet.com/profile/14723.htm","No"
"Multi Global Logistics","6th of October - Alfardoos , october, Choose your province, 345356","","","https://www.freightnet.com/profile/262608.htm","No"
"Logistimania -Egypt","Cairo , Alexandria, Cairo, Egypt, 4710001","","","https://www.freightnet.com/profile/265052.htm","No"
"Nile Ship Technology Solutions","100 Merghany street ,Heliopolis , Cairo, Egypt, 11757","","","https://www.freightnet.com/profile/261931.htm","No"
"Prime Global logistics","10 abbas helmy street ard el golf , Cairo, Egypt, 12454","","","https://www.freightnet.com/profile/263229.htm","No"
"Foreign Logistics International","Police officers buildings , Maadi, Egypt, 33411","","","https://www.freightnet.com/profile/183482.htm","No"
"Sent logistics services","215 Port said street, sporting , Alexandria, Egypt, 22516","","","https://www.freightnet.com/profile/262484.htm","No"
"GCT INTERNATIONAL SHIPPING SERVICES","7 Al Salmia Tower, Rafah St., Nasr City , Cairo, Cairo, 11765","","","https://www.freightnet.com/profile/264050.htm","No"
"ocean wave","53 el qoba station  , egypt, cairo, 1123","","","https://www.freightnet.com/profile/237417.htm","No"
"EMERALD LINES","28, Mourad St., Giza , H Shafik St., 5th district, Cairo, Giza, Cairo, 12211","","","https://www.freightnet.com/profile/263691.htm","No"
"international trade shipping","22,ibrahim elattar , non, zezinia, Alexandria, 11511","","","https://www.freightnet.com/profile/51227.htm","No"
"Creative For Shipping and Logistics","114 Joseph Titto Rood. 2nd Floor -Flat#(1) Nozha Gedida - Cairo , Egypt , Cairo, Cairo, 11843","","","https://www.freightnet.com/profile/168384.htm","No"
"FreightEx","1 B Soliman el Tamawy , Cairo, Egypt, 1142321","","","https://www.freightnet.com/profile/185937.htm","No"
"EDGE CARGO","27 Mahdi Arafa Street, 10th District , Cairo, Nasr city, Cairo, 11528","","","https://www.freightnet.com/profile/263110.htm","No"
"Next move freight","32 gardenia heights  , cairo, egypt, 11358","","","https://www.freightnet.com/profile/262936.htm","No"
"East International Freight Egypt LLC","6, El Mosheir Ahmed Ismail St., Sheraton Heliopolis , Cairo - Egypt, Cairo, Egypt, 11799","","","https://www.freightnet.com/profile/7008.htm","No"
"Megaport for Import and export","1 , Alkablat, إختر المحافظة, egypt, 00203","","","https://www.freightnet.com/profile/262004.htm","No"
"X Global Trade","Office A1-04, Dunes Mall A, Second Al Sheikh Zayed , Giza, Egypt, 00000","","","https://www.freightnet.com/profile/261433.htm","No"
"Shaden Shipping & Trading Co.","4 Al metrass st, Al werdyan  , Alexandria , Egypt, Wardeyan, 4 Al-Mitras Street, in front of Gate 54, Alexandria Port, 21335","","","https://www.freightnet.com/profile/161002.htm","No"
"Macon Logistics","151 central area , New Damietta , damietta, egypt, 34517","","","https://www.freightnet.com/profile/88657.htm","No"
"corner stone marine","14th Mostafa Refaat St. , 1138 square  ,6th floor ,Sheraton, Heliopolis, cairo, egypt, 1138","","","https://www.freightnet.com/profile/258182.htm","No"
"MYLLOGISTIC","67VC+V5G, 23 July Road, Al Arab, Port Said Governorate , Port Said, Egypt, 12345","","","https://www.freightnet.com/profile/262111.htm","No"
"MEGA PORT Logistics Service","Alexandria, Egypt , Alexandria, Alexandria, 21500","","","https://www.freightnet.com/profile/259440.htm","No"
"SEVEN SEAS - AMG Shipping","bahry - 26 july st:.elkournish road block no:18 , Alexandria, Egypt, 21556","","","https://www.freightnet.com/profile/199514.htm","No"
"pyramids freight services (PFS)","88 El-Horreya Street, Al-Ahram Building, 2nd Floor , Alexandria, egypt, 21512","","","https://www.freightnet.com/profile/258313.htm","No"
"Atoor marine","230 St. #23e , Bolkely, Alexandria, 21648","","","https://www.freightnet.com/profile/161793.htm","No"
"ZeeTrans","9, Zahabi Square, Roxy , Cairo, Cairo, Egypt, 11341","","","https://www.freightnet.com/profile/168235.htm","No"
"Master Shipping Logistics","12-Ibn Al-Saegh St from Sulatn Hussain, Borg Al-Khair, Floor 3. Raml Station, Alexandria - Egypt , Alexandria, Egypt, 21517","","","https://www.freightnet.com/profile/261031.htm","No"
"Marine Trust Shipping Agencies & Maritime Affairs CO. S.A.E","1 El-Arish St., Smouha – Alexandria–Egypt , Alexandria, Egypt, 00000","","","https://www.freightnet.com/profile/232509.htm","No"
"Zed train for trans","7 Al Nasr St. 4th floor #20, Sheraton, Heliopolis , Cairo, Egypt, 11799","","","https://www.freightnet.com/profile/259753.htm","No"
"MICO LOGISTICS","52 Sakr Qurish - FLAT 7 - ROOM 28, Masaken Sheraton, Cairo. , Cairo, Egypt, 12345","","","https://www.freightnet.com/profile/131503.htm","No"
"tk freight","10 hussien fahmy st , ALEXANDRIA, EGYPT, 211053","","","https://www.freightnet.com/profile/156881.htm","No"
"Prime Shipping Services","14 Sakr Koraish, Sheraton building  , Cairo, Cairo, Egypt, 11799","","","https://www.freightnet.com/profile/252022.htm","No"
"SEAGULL MARITIME SHIPPING CO.","38 MOLTAKA ELARABY , 2ND FLOOR, SHERATON, EGYPT, 11757","","","https://www.freightnet.com/profile/229738.htm","No"
"Freight World","Giza , October, Giza, Egypt, 11461","","","https://www.freightnet.com/profile/258328.htm","No"
"BLUELYNK","alexandria montazah elsadat street , ALEXANDRIA, EGYPT, 00001","","","https://www.freightnet.com/profile/257027.htm","No"
"KHALED AMIN SHIPPING FORWARDER","EKMOSHEER ISMAIL STREET , EL ARAB DISTRICE, PORTSAID, EGYPT , PORT SAID, PORTSAID, 42511","","","https://www.freightnet.com/profile/258156.htm","No"
"Starlink Shipping & Trading","Al Ghorfa Al Togareya Street, Concord Building, Office # 1501  , Raml Station, Alexandria, Alexandria, 21519","","","https://www.freightnet.com/profile/23275.htm","No"
"Aِِl-Nahar International Freight","24  , amin elshamsi, heliopolis, cairo, 11757","","","https://www.freightnet.com/profile/193970.htm","No"
"EGYPT LE HAVRE  (E.L.H.) - SEAFRIGO","Downtown Katameya Building S2-B, Second Floor Area A - City Center,  5th District, Road 90 New Cairo, Egypt , Cairo, Egypt, 11936","","","https://www.freightnet.com/profile/256532.htm","No"
"Marine Link Internatioal","1st soliman yousry street , against the satdium, Alexandria, ALEXANDRIA, 00203","","","https://www.freightnet.com/profile/169162.htm","No"
"Atlantic shipping","Capital Tower  El-Nasr st. Alexandria - Egypt , Alexandria, Choose your province, 5310002","","","https://www.freightnet.com/profile/229733.htm","No"
"Logics for shipping","mohamed othman  , alexandria, alexandria, 21532","","","https://www.freightnet.com/profile/247448.htm","No"
"Mondial Logistics Shipping Agency","Mohamed Aly & Nile Str. , Port Said, Egypt, 42211","","","https://www.freightnet.com/profile/132925.htm","No"
"pyramids freight services","88 El Horreya ST, Al Ahram Building,  2nd Floor Alexandria, Egypt., Alexandria, Egypt, 00203","","","https://www.freightnet.com/profile/149910.htm","No"
"Freight Net Global FNG","17 A El obour Building Salah Salem st, Cairo-Egypt , Cairo, Egypt, 11811","","","https://www.freightnet.com/profile/246600.htm","No"
"Grand Ocean Logistics","2 Sayed Zakaria St. Ministers Square No.,1166  , Sheraton Heliopolis, Cairo - Egypt, 11757","","","https://www.freightnet.com/profile/243737.htm","No"
"Astra freight & Logistics","بورسعيد حي الشرق شارع ممفيس بورج ماجيستيك الدور الأول علوي , portsaid, portsaid, 42511","","","https://www.freightnet.com/profile/254656.htm","No"
"Incoterms Logistics LLC.","Tower 3, Hunayda Commercial Center, Central Axis, 6th October Ciry , Giza, Egypt, 12564","","","https://www.freightnet.com/profile/254571.htm","No"
"oceanic trade","102 al amal maadi , CAIRO, egypt, 11421","","","https://www.freightnet.com/profile/236364.htm","No"
"Ammos Shipping","5th settlement  , North 90, Cairo, Egypt, 4240111","","","https://www.freightnet.com/profile/239989.htm","No"
"Beacon Logistics","3 Attia El-sawalhy Behind omar effandi El-seraj Mall Towers , Nasr City, Cairo, Egypt, 11564","","","https://www.freightnet.com/profile/252615.htm","No"
"Honest for Shipping and Customs Clearance","Building 12 Masr Lltameer , cairo, AI Qahirah, 11799","","","https://www.freightnet.com/profile/236371.htm","No"
"Fellowship Logistics Company","39 Horreya Street off Nozha , Cairo, Egypt, 00202","","","https://www.freightnet.com/profile/245724.htm","No"
"Hana Marine Logistics Co.","El Shark District , Port Said, egypt, 421111","","","https://www.freightnet.com/profile/166870.htm","No"
"BARONIAL LOGISTICS","32 obour bldg -salah salem , cairo, EGYPT, 11234","","","https://www.freightnet.com/profile/250903.htm","No"
"winger international freight","12 Andalos str, Heliopolis - C , Cairo, Egypt, 2213","","","https://www.freightnet.com/profile/204152.htm","No"
"Atlantic Shipping Agency","Gamal El Din Yassin Street,| El Raml Station Square - Alexandria – Egypt (2nd Floor, Office No. 8) , Alexandria, Egypt, 2222","","","https://www.freightnet.com/profile/249447.htm","No"
"Phoenix Logistics and Commercial Services.","20A El Obour Buildings Salah Salem St, 19th floor, office no. 3, Nasr City , Cairo, Egypt, 11811","","","https://www.freightnet.com/profile/245041.htm","No"
"Paradise Marine Company","3 Alexandria - new nasrya village Abis - elraml Alexandria , Alexandria, Egypt, 21563","","","https://www.freightnet.com/profile/244233.htm","No"
"Master Shipping Logistics","21,Sultan Hussain St ,Raml Station , Alexandria, Egypt, 31544","","","https://www.freightnet.com/profile/197814.htm","No"
"Merck Global Logistics","Bldg #31, Masaken Elzobbat , Wadi Hof, Cairo, Cairo, Select, 11433","","","https://www.freightnet.com/profile/189472.htm","No"
"Ocean Pioneers Logistics","20 General Mahmoud Hamdy Khattab , Bab Sharqi-Alexandria , Egypt , Alexandria, Egypt, 21526","","","https://www.freightnet.com/profile/245030.htm","No"
"Fast Freight International","82 Makram Ebaid , Office 18, Nasr City, Cairo,","","","https://www.freightnet.com/profile/204671.htm","No"
"Ovi logistics FZCO","P.O. Box90195| Dubai Airport Free zone , 7WA, Warehouse: F15, Dubai, United Arab Emirates, 90195","","","https://www.freightnet.com/profile/247160.htm","No"
"Phoenix Logistics","12 Mahmoud Hamdy Khattab St. - El Shalalat - Bab Sharq , Alexandria, Alexandria, 21514","","","https://www.freightnet.com/profile/243310.htm","No"
"EGY SERV","44 abd Elmonem Reyad St. Elmohandesin ,Giza , Cairo , Giza, Cairo, 3753602","","","https://www.freightnet.com/profile/238320.htm","No"
"Ocean Life For Logistic Services","3 Siraj Monir Street, Off Sultan Hussein , Alexandria, Egypt, 21563","","","https://www.freightnet.com/profile/236401.htm","No"
"Tiba Garden co","mohamed reffat st. no 38- el nozha el gededa-helipolice - cairo - Egypt , El Nozha el gededa- Helipolice, Cairo, 11834","","","https://www.freightnet.com/profile/151925.htm","No"
"Egy Logistics Freight Forwarder Company","12 AL Farik Mahmoud Shoukry , Koubry AL Kobba, Cairo, Egypt, Cairo, 11766","","","https://www.freightnet.com/profile/232511.htm","No"
"Medsea","7 El Zarkashy ST - Alexandria - Egypt , 13 Mohammed Mousa, Al Mesallah Sharq, Al Attarin, Alexandria Governorate 5373010, Alexandria, Alexandria, 23511","","","https://www.freightnet.com/profile/236636.htm","No"
"Marine Allianz","14 Ahmed Alzomor street , Nasr City, Cairo, Egypt, 11571","","","https://www.freightnet.com/profile/208403.htm","No"
"EL REEDY SHIPPING AGENCY","83 Omar ibn el khattab st - Helioplis - Cairo , helioplis, Cairo,","","","https://www.freightnet.com/profile/201505.htm","No"
"WORLD FREIGHT EGYPT","18th Mostafa Refaat - Sheraton – Cairo  , 74 Albert Al Awal, Baron Towers NO(6)first floor office 103,  Smouha, Alexandria, Cairo, EGYPT, 14531","","","https://www.freightnet.com/profile/229728.htm","No"
"TPF Forwarding Network (Egypt)","8 Gamal El Din Yassin St., el raml Station,, Alexandria, Egypt, NA","","","https://www.freightnet.com/profile/108520.htm","No"
"Al Manara International Transport & Logistics","7th District, unit 9 , build 2 , Giza, Giza, 11511","","","https://www.freightnet.com/profile/208968.htm","No"
"M.R.Z  For Logistics Services","14 Mahmoud El Deeb St. Gleem , Alexandria, Alexandria, 12221","","","https://www.freightnet.com/profile/170351.htm","No"
"Sinotrans Logistics Egypt LLC.","Cairo, Sheraton Al Matar , Cairo, Al Qāhirah, 71111","","","https://www.freightnet.com/profile/225299.htm","No"
"Cargo Land","27 Sultan Abdel Aziz , Azarita Dist , Alexandria , Egypt, Alexandria, Egypt, 020","","","https://www.freightnet.com/profile/211963.htm","No"
"Arab Corporation for trade and technical projects","6, Naguib El-Rehany St, Mahatet el-Raml , Alexandria, Egypt, -","","","https://www.freightnet.com/profile/222066.htm","No"
"Logex Cargo GFS.","4 Abdel Hameed Badawy Str., Sq. 1258 B, Sheraton Residences, Nasr Road  , Cairo, Egypt, 11799","","","https://www.freightnet.com/profile/218517.htm","No"
"SGL","49 abdel hay fatooh , Heliopolis, Cairo, Cairo, 11351","","","https://www.freightnet.com/profile/228765.htm","No"
"ASTRA FREIGHT EG","El Batrawy, Abass Elakkad, Nasr City , 19, Cairo, Egypt, 11727","","","https://www.freightnet.com/profile/109715.htm","No"
"ACS Logistics co","58 Elbaharya st., Front of Alexandria Terminal Port 10, Elgomrok, Alexandria, Egypt. , alexandria, Egypt, 21513","","","https://www.freightnet.com/profile/222575.htm","No"
"Interlog international logistcs","PortSaid,8 Al Gomhouria St.Lo'loat Al Qanah Building, Egypt. , port said, Bur Sa'id, 42511","","","https://www.freightnet.com/profile/135527.htm","No"
"ALFA TRANS","1 Victor Bassily str , Alexandria, Egypt, 21521","","","https://www.freightnet.com/profile/183560.htm","No"
"Royal Shipping For Logistics","El gomhourya Tower, El Gomhourya  St, 4th floor, flat no 4, Port Said, Port Said, 452111","","","https://www.freightnet.com/profile/114044.htm","No"
"AL MANARA FOR INTERNATIONAL TRANSPORT AND LOGISTICS","57 Central axis , 6 October City, egypt, 12509","","","https://www.freightnet.com/profile/224849.htm","No"
"East & West Express Logistics Co.","23 Youly Street, Mecca Jewlery Bldg , 1st floor, Apt# (1) P.O. Box 58, Dumyat, Damietta, 34511","","","https://www.freightnet.com/profile/5167.htm","No"
"Direct International Logistics","Alexandria , Alexandria, Egypt, 203","","","https://www.freightnet.com/profile/127258.htm","No"
"Sea Scanner Logistics SAE","Villa No.11, Street No 87, Ras El Bar, Damietta, Egypt, Damietta, Egypt, 34511","","","https://www.freightnet.com/profile/145012.htm","No"
"Seven Stars Logistics","4, Soliman Youssry , Attareen, Alexandria, Alexandria, 21517","","","https://www.freightnet.com/profile/206295.htm","No"
"golden wide logistics","2 new nozha cairo egypt  , cairo, egypt, cairo, 10578","","","https://www.freightnet.com/profile/171424.htm","No"
"SAFTY GROUP Co.","6 ABDELFATTAH YAHYA St. , RAMEL STATION, SHARQ, ALEXANDRIA, 21211","","","https://www.freightnet.com/profile/114099.htm","No"
"WORLDFREIGHTEGYPT","74 Abert Al-Awal  ST. ,Smouha Baroun Towers NO.6 , 74 Abert Al-Awal  ST. ,Smouha Baroun Towers NO.6, Alexandria, Alexandria, 125","","","https://www.freightnet.com/profile/209100.htm","No"
"Bleue Marine","Cornish ElNile , Commercial Chamber building ,8th Floor, office no.18th  , Damietta, Egypt, 34511","","","https://www.freightnet.com/profile/22388.htm","No"
"United for freight service UFS","1,Misr eltaamer BLDG , Sheraton , Cairo , Egypt , Heliopolis, Cairo, 11799","","","https://www.freightnet.com/profile/199786.htm","No"
"green point","el nasr st , Alexandria, ALEX, 31514","","","https://www.freightnet.com/profile/210739.htm","No"
"WFE","73 HORRIA STREET first floor office no 103 , alexandria, egypt, 003","","","https://www.freightnet.com/profile/151516.htm","No"
"Advanced For Shipping and Logistics","23, Misr El Tameir building , 8 th District  Sheraton - Heliopolis  , cairo, egypt, 11321","","","https://www.freightnet.com/profile/135785.htm","No"
"ACS Logistics Co.","58 ElBaharyea St., Elgomrok , Front of Alex Port Gate 10, Alexandria, Egypt, 21513","","","https://www.freightnet.com/profile/207132.htm","No"
"Safe Global Logistics SGL","55 , EL hay street, ALEXANDRIA, EGYPT, 21928","","","https://www.freightnet.com/profile/207603.htm","No"
"Daimond marine","18 sodaya building - el ozha- nasr city  , Cairo, Egypt, 11865","","","https://www.freightnet.com/profile/206848.htm","No"
"Breccia International Logistics","Nasr City , Cairo, Egypt, 11765","","","https://www.freightnet.com/profile/206474.htm","No"
"cargo partner Logistics","62 AL-ABBASIA St., AL-ABBASIA, Cairo11831, Egypt , cairo, Egypt, 11831","","","https://www.freightnet.com/profile/180938.htm","No"
"MESCO ( Marine and Engineering Service Company )","8 Lumumba Street, Bab Sharq, Qism Bab Sharqi, Alexandria Governorate , Alexandria, Egypt, 21526","","","https://www.freightnet.com/profile/186017.htm","No"
"Consolidation Marine Service","9 Mahmoud Hamdy khattab , egypt, alexandria, 00203","","","https://www.freightnet.com/profile/140307.htm","No"
"smash global logsitics","14 ministers square , plot 1165  , sheraton, cairo, egypt, 11757","","","https://www.freightnet.com/profile/199979.htm","No"
"Vertex Express Freight Forwarder","3146 Mahmoud Madkour st., Al Meraj city  Maadi Ring Road, AL Mokattam district , Cairo, Egypt, 3146","","","https://www.freightnet.com/profile/199187.htm","No"
"A.B.S Courier & Freight Systems Egypt","65 Misr Helwan Road  , Maadi, Cairo, Egypt, 12567","","","https://www.freightnet.com/profile/145098.htm","No"
"Khawass","112 , Abd Elsalam Aref, Glem, Alexandria, Egypt, 03","","","https://www.freightnet.com/profile/195689.htm","No"
"Nile logistics international (IOR/EOR)","4 Eltahrir st., Square 1130  , Sheraton Heliopolis , Cairo, Egypt, 11361","","","https://www.freightnet.com/profile/182533.htm","No"
"AAA. WORLD OCEAN TREADING & SHIPPING CO","egypt port said 64 safia zaglol st salma tower 5th floor apartment21 , port said, egypt, 42111-762","","","https://www.freightnet.com/profile/169526.htm","No"
"perfect quality","87 elmethak street , zahraa madinat nasr , cairo , cairo, cairo , egypt,","","","https://www.freightnet.com/profile/177418.htm","No"
"ALFA FREIGHT SERVICES - AFS","Behind 19 – Aqaba street - Cleopatra , Alexandria - Egypt , ALEXANDRIA, EGYPT, 21523","","","https://www.freightnet.com/profile/194017.htm","No"
"World Cargo Egypt","cacc cargo village office no 505 cairo airport , Cairo, Egypt, 11511","","","https://www.freightnet.com/profile/176341.htm","No"
"B2B Shipping Services","6B Yahia Zakria  , Sheraton, Cairo, Cairo, 11779","","","https://www.freightnet.com/profile/179211.htm","No"
"volume group","25 obour buildings  , salah salem, cairo, egypt, 11311","","","https://www.freightnet.com/profile/162587.htm","No"
"Unitrasco","Mansheya Alexandria , ALEXANDRIA, Egypt, 00000000","","","https://www.freightnet.com/profile/108485.htm","No"
"ESA Global Logistics","50, Abdulla bin Taher St., off Makram Ebeid St., Six District, Cairo, Cairo, 11213","","","https://www.freightnet.com/profile/167567.htm","No"
"National Transport & Overseas Services Co.","47, beirut St. , Cairo, Egypt, 11737","","","https://www.freightnet.com/profile/189116.htm","No"
"Blue Oceans Trade","Aly Al Gendy - Sixth Area , Cairo, Nasr City, 11762","","","https://www.freightnet.com/profile/174223.htm","No"
"SKY EXPRESS CO LLC","1 Masr Travel Sr, Al Fardous Bldgs , Auto Strad , Nasr City, Nasr City, Egypt, 11431","","","https://www.freightnet.com/profile/139321.htm","No"
"FRIEND TRANS","8 DR.HUSSIN HASSAB STREET , FARANA, ALEXANDRIA, ALEXANDRIA, 21519","","","https://www.freightnet.com/profile/185447.htm","No"
"Friends Trans Co. ,LTD","68 Fouad St. , Floor 7 , Flat No.702 , Alexandria, Egypt, 22111","","","https://www.freightnet.com/profile/83545.htm","No"
"Gulff freight international","Cairo 5th settlement ,golf st. 3/4 district building 250 , Jeddah : port st., Egypt, Cairo, 02002","","","https://www.freightnet.com/profile/151123.htm","No"
"united for freight services - UFS","19 Hosni Mubarak st , sheraton , cairo, Egypt , cairo, Cairo/Egypt, 11799","","","https://www.freightnet.com/profile/169656.htm","No"
"EGK marine services & foewarding","Elgomhoria & Mohamed Mahmoud St., Elwaha Bldg, floor No. 1 , portsaid, egypt, 42511","","","https://www.freightnet.com/profile/179199.htm","No"
"TML Egypt","21 Freeport, Port Said , Port Said, Egypt, 42536","","","https://www.freightnet.com/profile/131592.htm","No"
"EXPRESS","MAADI , CAIRO, EGYPT, 14475","","","https://www.freightnet.com/profile/108984.htm","No"
"Alhoda for cargo&clearance","1 Extension of abdel hamid badawy st , Sheraton Heliopolis, cairo, EGYPT, 11799","","","https://www.freightnet.com/profile/158816.htm","No"
"AT Logistics Egypt","378 Horia Road , Moustafa Kamel dis , Floor no 7 , Office no 701, Alexandria, Egypt, 2356","","","https://www.freightnet.com/profile/179537.htm","No"
"Al-Hoda Freight For cargo & Clearance","1extension of Abdel Hamid bawdy st , Sheraton, Cairo, Egypt, Cairo, Egypt, 11799","","","https://www.freightnet.com/profile/176117.htm","No"
"ACS Logistics","58 El-Baharya Street , Alexandria, Alexandria, 21500","","","https://www.freightnet.com/profile/162279.htm","No"
"Ibramar Shipping Co","15 El Nasr Avenue, Ramo Bldg , Nasr City, Cairo,","","","https://www.freightnet.com/profile/20479.htm","No"
"East Med Shipping & International Services","27 Dr. Abd El-Hamid Badawy St. El-Azarita -Alexandria , 1 El-Bostan St. , Behind Sherton Helipolis , Cairo, Alexandria, Egypt,","","","https://www.freightnet.com/profile/763.htm","No"
"Idaco","17/243 , 3 Industrial Zone, 6 October, Giza, 12566","","","https://www.freightnet.com/profile/2474.htm","No"
"pfl","Sporting abou kir 21 El Berony st , Alexandria, egypt, 1234","","","https://www.freightnet.com/profile/173161.htm","No"
"Foreign Logistics Int'l","53 Police officers buildings , Maadi, Cairo, Egypt, 33411","","","https://www.freightnet.com/profile/157429.htm","No"
"Orient integrated logistics","Makram ebaad, Nasr city , Cairo, Egypt, 11071","","","https://www.freightnet.com/profile/172587.htm","No"
"cross ocean for logistics and trading","114 Joseph Tito El Nozha El Gadida , cairo, cairo, 11211","","","https://www.freightnet.com/profile/171625.htm","No"
"EGYPTIAN TRANSPORT AND COMMERCIAL SERVICES CO., S.A.E","11 DR KAMEL MORSY STREET , EL SHATBY, ALEXANDRIA, 21519","","","https://www.freightnet.com/profile/171966.htm","No"
"AGF Logistics","23 of nacr city - cairo - egypt , cairo, egypt, 12345","","","https://www.freightnet.com/profile/119007.htm","No"
"UNITRANS Global Logistics","12B, Mushir Ahmed Ismail - 11371 Sheraton - Cairo , 10 Galal Desouky - wabour Miah - Alexandria, CAIRO, EGYPT, 11371","","","https://www.freightnet.com/profile/170800.htm","No"
"Rasha Cargo - Egypt","Al Kalaa - Cairo , Suez Port Tawfek, Cairo, hkalefa, 11411","","","https://www.freightnet.com/profile/170663.htm","No"
"العربيه الدوليه للشحن والتصدير والاستيراد","مكتب رقم 3 بجمع مصر للطيران المطور  , CAIRO, EGYPT, 11766","","","https://www.freightnet.com/profile/170090.htm","No"
"world freight egypt","73 horria street above arab african bank  , Alexandria, egypt, 00203","","","https://www.freightnet.com/profile/170068.htm","No"
"Empire Logistics Service","8 Dr. Hussein Hasab St. Qesm Al Attarin , Alexandria, Egypt, 1206","","","https://www.freightnet.com/profile/169992.htm","No"
"FTL logistics","Villa 168, Dr. Ahmed Okasha St.,   El Banafseg 4, New Cairo, Egypt , Cairo, Egypt, 11551","","","https://www.freightnet.com/profile/169528.htm","No"
"golden wide logistics","el nozha el gdeda  , cairo, egypt, 11203","","","https://www.freightnet.com/profile/168919.htm","No"
"marine united group","8 elnasr st alexandrea , Alexandria, egyp, 2112","","","https://www.freightnet.com/profile/157617.htm","No"
"EMCL Shipping","45 Sultan Hussien st., from Victor Basily, Bab Shark , Alexandria, Egypt, 21311","","","https://www.freightnet.com/profile/151589.htm","No"
"On Time Shipping","15 Ahmed Orabi street, Mohandseen , Giza, Egypt, -","","","https://www.freightnet.com/profile/150677.htm","No"
"Power Trading للشحن الدولى","156 Ramses 2 building , Qsm Than Nasr city   cs-power.trading@outlook.com   , salma_gharib@outlook.com, Cairo - Alexandria, Egypt, 11759","","","https://www.freightnet.com/profile/161795.htm","No"
"Echo Logistics","26 Al Sheikh Mohammed Al Nadi , from Mostafa El-Nahas , Nasr City  , Cairo, Egypt, 11391","","","https://www.freightnet.com/profile/161637.htm","No"
"SQL SHIPPING LLC","318 Choueifat, S Teseen In front of Down Town ,  5th settlement, New Cairo, Egypt, 11865","","","https://www.freightnet.com/profile/166669.htm","No"
"Pyramids Freight Services (PFS)","88 El Horreya Street, Al Ahram Building, 2nd Floor , , Alexandria,","","","https://www.freightnet.com/profile/42301.htm","No"
"Link Cargo","19 Ismail Mohamed  , Cairo, Egypt, 11211","","","https://www.freightnet.com/profile/162681.htm","No"
"shipping castle logistics","9 sidi  alkhayashy kom al dekka  alexandria  egypt , same, alexandria, egypt, 002","","","https://www.freightnet.com/profile/162206.htm","No"
"Hana Marine Co","El Shark District , El Gomhoria St, Port Said, EGYPT, 22666","","","https://www.freightnet.com/profile/18839.htm","No"
"Pyramids Freight Service","88 El Horya St. , Alexandria, Egypt, 21111","","","https://www.freightnet.com/profile/160902.htm","No"
"USCO LOG","District No 6,  Cairo  , Nasr city, Cairo, 11765","","","https://www.freightnet.com/profile/160571.htm","No"
"capricorn logistics , EGYPT Branch","Egypt branch .Ministry area , Sheraton heliopolis , cairo, EGYPT,","","","https://www.freightnet.com/profile/147805.htm","No"
"B2B Shipping Service","6B Heliopolis Rock Bldg, sheraton, Cairo, Cairo, 11311 , egypt, Cairo, 11311","","","https://www.freightnet.com/profile/160257.htm","No"
"SAS TRANS","18 SAUDI BUILDINGS, NOZHA ST.,, CAIRO, EGYPT, 11586","","","https://www.freightnet.com/profile/160264.htm","No"
"C-Sky Logistics","#7 Elmadina Elmonawara st., Elnozha Algadida, Cairo, Egypt, 11361","","","https://www.freightnet.com/profile/116787.htm","No"
"Suntra Express","20 El Mathaf El Zeraey  , Agouza, Cairo, Egypt, Cairo, Egypt, 12654","","","https://www.freightnet.com/profile/159616.htm","No"
"Marine United Group","8 Elnasr Street, El Manshia ,, Alexandria, Egypt, 41111","","","https://www.freightnet.com/profile/151735.htm","No"
"Stone Logistics","37 Taha Hussine st. Elnozha Elgdeda , Cairo, Egypt, 11843","","","https://www.freightnet.com/profile/159554.htm","No"
"Arab express shipping co.","59,El horrya road,Alexandria,Egypt , 59,El horrya road,Alexandria,Egypt, Alexandria, Egypt, 20112","","","https://www.freightnet.com/profile/158406.htm","No"
"Tadawul Freight Services","18 East Autostrad Buildings, Maadi, Cairo - Egypt , Cairo, Egypt, 00202","","","https://www.freightnet.com/profile/158670.htm","No"
"Al Hoda for Cargo and Clearance","1 Misr El Tamer Buildings,2nd Zone, Sheraton,Cairo,Egypt. , 7 El Nasr St., El Manshia,Alexandria, Cairo, Cairo, 11621","","","https://www.freightnet.com/profile/138154.htm","No"
"Capricorn Logistics Egypt","building no 6,block 1183,Said Zakaria  St. Sheraton, Heliopolis ,1163 Cairo,Egypt   , cairo, Egypt, 1183","","","https://www.freightnet.com/profile/145248.htm","No"
"DHL","Address: Cairo Festival City Building #14D06 (B005)– Fifth district , New Cairo, Egypt, 11311","","","https://www.freightnet.com/profile/156352.htm","No"
"Speed Way Logistics","120 elmarghanyst,helipolice , Egypt, cairo, 11775","","","https://www.freightnet.com/profile/142925.htm","No"
"U Go","alexandria , alexandria, Egypt, 002","","","https://www.freightnet.com/profile/154633.htm","No"
"Global Masr cargo","6 Abd el Aziz ban Marwan st el Gish road sidi Gaber Alexandria  , Alexandria, Egypt, 55555","","","https://www.freightnet.com/profile/154244.htm","No"
"Go! Logistics","48 Seliem El-awal St. El-zaitoun  , Cairo, Egypt, 11725","","","https://www.freightnet.com/profile/152669.htm","No"
"Shipping HUB","14 ElShohada St., ElMansheya, Alexandria - Egypt , Alexandria, Egypt, 21519","","","https://www.freightnet.com/profile/152081.htm","No"
"CARGO SHIPPING LINE","nabeeh & Sharia St.  , Port said, Egypt, 42111","","","https://www.freightnet.com/profile/151652.htm","No"
"3way logistic international freight forwarders ""Egypt""","Egypt, 10th Of Ramadan, Al-Ordonia , El-Marwa Center, 2nd Floor, Office No:05, 10th Of Ramadan, Egypt, 00245","","","https://www.freightnet.com/profile/151509.htm","No"
"AMS Line","10th azamy & Ahmed maher st,Farhoud Tower 2nd flower , Port Said, Port Said, 42511","","","https://www.freightnet.com/profile/151325.htm","No"
"Ability Freight","GIZA, EGYPT , Giza, Egypt, 12518","","","https://www.freightnet.com/profile/150949.htm","No"
"Rodymar Shipping Co.","Mahmoud Sedky & El Taef st , El Shark District, Port Said,","","","https://www.freightnet.com/profile/11648.htm","No"
"okland","thalathiny and mokhtar saied , port said, egypt, 42511","","","https://www.freightnet.com/profile/150389.htm","No"
"Sarah Global Logestics","8 El Adeeb Aly Adham street-Sheraton area , Heliopolis, Cairo, 11111","","","https://www.freightnet.com/profile/11664.htm","No"
"Phantom logistics international","128 Gesr el suze st. Cairo. , Cairo, Egypt, 002","","","https://www.freightnet.com/profile/149830.htm","No"
"Overseas Shipping Logistics Company","Abd Ellatif Hamza  ST . Zone Six Building  7 Block 101 First Floor Apartment  3 , Cairo, Egypt, 0020","","","https://www.freightnet.com/profile/132964.htm","No"
"Al Badr Group","4 Farouk Amer St. , From Mohamed Metwaly St., Airport Sheraton, Cairo,","","","https://www.freightnet.com/profile/55168.htm","No"
"cargo International co.S.A.E","villa No 2 , Street 263 , new  Maadi , cairo , Egypt, cairo, Egypt, 11432","","","https://www.freightnet.com/profile/148422.htm","No"
"Zenith Marine Co.","5 elshorta building.App 83 kom eldekka -Alexandria , 5 elshorta building.App 83 kom eldekka -Alexandria, Alexandria, Egypt, 12111","","","https://www.freightnet.com/profile/147131.htm","No"
"Arabian International Freight Forwarding & Warehousing - AIFFCO","9 Saeid Zakaria St., Nasr city , Cairo, Cairo, 11471","","","https://www.freightnet.com/profile/129916.htm","No"
"International Logistics Partners Egypt","6 Gaafar Al sadek st. , Azarita - Alexandria, Alexandria, alexandria, 1576","","","https://www.freightnet.com/profile/145056.htm","No"
"Terminal logistics","23 fawzy moaz st horreya towers smouha alaxandria egypt , 23 fawzy moaz st horreya tower smouha alaxandria, alaxandria, alaxandria egypt, 303","","","https://www.freightnet.com/profile/142860.htm","No"
"SORIAL LOGISTICS","211 GESR EL SUEZ  , Heliopolis, cairo, 11351","","","https://www.freightnet.com/profile/144127.htm","No"
"ALHODA FREIGHT","MAIN OFFICE : 7 MISR TAAMER BUILDINGS .INFRONT OF RADISON HOTEL FIRST ZONE .SHERATON.CAIRO.EGYPT. , ALEX OFFICE:7 El Nasr St.,El Manshia, ALEXANDRIA, EGYPT, 11361","","","https://www.freightnet.com/profile/20655.htm","No"
"Tiger Global Logistics","Salah Salem & El Nahda St, Port Said , Port Said, Egypt, 40111","","","https://www.freightnet.com/profile/141503.htm","No"
"Alex Trade","9 Elfawateem st , alexandria, egypt, 0204","","","https://www.freightnet.com/profile/143368.htm","No"
"Royal Marine","34 Ramsis Street, Riviera Tower | First floor , Port said, Egypt, 42511","","","https://www.freightnet.com/profile/138389.htm","No"
"Unicorn International","3, Hassan Pasha Sadek St.,  Al Orouba Tower, Heliopolis,, Cairo, Egypt, 202","","","https://www.freightnet.com/profile/54005.htm","No"
"Green Line Warehousing and Cargo Services","10 Ahmed Hosny street, nasr city , cairo, egypt, 11759","","","https://www.freightnet.com/profile/142333.htm","No"
"speed bird trance","9 bahgat basha st , el-azarita , alexandria, egypt, 12345","","","https://www.freightnet.com/profile/118242.htm","No"
"Link Cargo","19 Ismail Mohamed St., Zamalek  , Cairo, Egypt, 11211","","","https://www.freightnet.com/profile/141701.htm","No"
"Hansa Freight Ltd.","22, Nabil El Beshbeshy Street, 5th Floor, Office No. 503, El Togareen Area , Gesr El Suez, Cairo, Egypt, 00202","","","https://www.freightnet.com/profile/141295.htm","No"
"AL Anwar cargo systems - Cairo Egypt","74 saqr qurish buildings - sheraton heliopolis - Cairo Egypt , CAIRO AIRPORT-CAGO VILLAGE-AAMER BLDG-OFFICE NO 1, CAIRO -EGYPT, EGYPT, 11211","","","https://www.freightnet.com/profile/140960.htm","No"
"inter freight cargo systems","5 villa el moshier ahmed ismail sheraton helioplis , cairo, egypt, 11361","","","https://www.freightnet.com/profile/113310.htm","No"
"A.A. New Marine Shipping Co","68 Horreya Avenue , Alexandria, Egypt, 21548","","","https://www.freightnet.com/profile/20997.htm","No"
"Master International freight","3 Makram Ebied , Nasr City, Cairo, Egypt, 11762","","","https://www.freightnet.com/profile/133130.htm","No"
"Sadat Marine","1 Ahmed Naguib Hashem St. El Hegaz Square, Heliopolis Cairo , 14 Sizostris St., El Mancheya, Alexandria, Alexandria and Cairo, Egypt, 11361","","","https://www.freightnet.com/profile/140263.htm","No"
"egylogistics","#12 EL-Farik Mahmoud Shokry Street., Behind Ministry of Defence., cairo, kobry el kobba, 11331","","","https://www.freightnet.com/profile/128810.htm","No"
"Everest Logistic Company","19 amin fekry street  , Alexandria, Egypt, 43211","","","https://www.freightnet.com/profile/139673.htm","No"
"OSC Logistics Egypt","El Gomhoria st.| Deliseps Tower | 10th Floor , Port said, Egypt, 42511","","","https://www.freightnet.com/profile/139251.htm","No"
"CARGO POINT","95 A El Merghany str., Floor 3, App 312 Heliopolis  , Cairo, Egypt, 1111","","","https://www.freightnet.com/profile/83537.htm","No"
"Horus Air & sea Transport","32 B. Morad St., El-Hoda Misr Tower,, Giza, Egypt, 12111","","","https://www.freightnet.com/profile/109651.htm","No"
"DIRECT INTERNATIONAL LOGISTICS","10 AL-NASR ST , AL-NASR BUILDING INFRONT OF ALEXANDRIA PORT, ALEXANDRIA, ALEXANDRIA, 502","","","https://www.freightnet.com/profile/138518.htm","No"
"Nitro International Logistics","16 Ramo Building Al Nasr Road, Nasr City , Cairo, Egypt, 11765","","","https://www.freightnet.com/profile/138181.htm","No"
"Consolidation Marine Service - CMS","33 Abd Elhamid Bdawy , Azareta , Alexndria , Alexandria, Egypt, 00203","","","https://www.freightnet.com/profile/130795.htm","No"
"Consolidation Marine Service - CMS","9 Mahmoud hamdy khattab , fouad st . Alexandria , Egypt , Alexandris, Egypt, 00203","","","https://www.freightnet.com/profile/138319.htm","No"
"red line egypt","32 haram st ,cairo  , alexandria, cairo, egypt, 11211","","","https://www.freightnet.com/profile/138293.htm","No"
"3N For Cargo Services & Custom Clearance","​81 Al-Fath  Building , Nasrcity, Cairo, 11471","","","https://www.freightnet.com/profile/138289.htm","No"
"almariam logistic for freight services","Egypt -portsaid -6th of october buliding -no 72-f 10 , Egypt -portsaid -6th of october buliding -no 72-f 10, portsaid, egypt, 42111","","","https://www.freightnet.com/profile/137892.htm","No"
"ARK Business & Logistics (ARK B.L)","16 Ibrahim Nosir St., Loran, Alexandria,Egypt , Alexandria, Alexandria, 1221","","","https://www.freightnet.com/profile/137720.htm","No"
"ON TRANSEGYPT","salah salem - akka street , port said, port said, 421156","","","https://www.freightnet.com/profile/136940.htm","No"
"continental marine line","borg selsela azarita , alexandria, egypt, 0000","","","https://www.freightnet.com/profile/135998.htm","No"
"Union Middle East","7 moustafa kamel buildings  , alexandria, Egypt, 20354","","","https://www.freightnet.com/profile/136431.htm","No"
"AL MENA CARGO SERVICES","7 HELMY GOMA STR- HELIOPOLIS-CAIRO , CAIRO, EGYPT, 11341 HELIOPOLIS","","","https://www.freightnet.com/profile/136472.htm","No"
"TML Egypt","21 Freeport, Port Said , Port Said, Port Said, 42536","","","https://www.freightnet.com/profile/131593.htm","No"
"trust shipping","5 ahmed orabi street , manshiya, Al Iskandariyah, 12345","","","https://www.freightnet.com/profile/135100.htm","No"
"ASLS- Air Sea Logistic System","68h seliem Alawal St., Elzaytoon , Cairo, Egypt, 11321","","","https://www.freightnet.com/profile/54804.htm","No"
"City Freight Co.","44 El-Nasr St., El-Nozha El-Gadida , Cairo, Egypt, 11599","","","https://www.freightnet.com/profile/135822.htm","No"
"Three Way International Freight","Building 13 Blok 10 Sakr Koraish - El Hay El Asher  , 3 El Guiza Buildings - El Hay El Asher, Cairo, Egypt, 11528","","","https://www.freightnet.com/profile/135413.htm","No"
"Freight Link Egypt","95 Ismail El Fangary Str Nasr City , Cairo, Cairo, Egypt, 11371","","","https://www.freightnet.com/profile/132454.htm","No"
"Master International Logistics","3 Makram Ebeid st, Nasr city , Cairo - Egypt , Nasr city, Cairo, 022","","","https://www.freightnet.com/profile/134809.htm","No"
"AT Logistics Egypt","22 Syria St, 'Roushdy,First Floor, Office No: 115 , Alexandria, Egypt, 020","","","https://www.freightnet.com/profile/63033.htm","No"
"International Freight Group - Egypt","115 Sakr Koraish , sheraton , Cairo , cairo, Cairo/Egypt, 01122","","","https://www.freightnet.com/profile/134643.htm","No"
"specialist transport systems&Custom Clearance services","61 Saab Sakeh ST. - Cairo , EGYPT , 3A Farouki Twers - Gessr EL Suze - Nozha, Cairo, EGYPT, 11311","","","https://www.freightnet.com/profile/58738.htm","No"
"Master international logistics","3 Makram Ebeid st, Nasr city , Cairo - Egypt , Cairo, Egypt, 11765","","","https://www.freightnet.com/profile/133132.htm","No"
"Sea Born Egypt","8 Al-Faraana , Bab Sharqi, Alexandria, Egypt, 21514","","","https://www.freightnet.com/profile/117089.htm","No"
"Trans Star Logistics","16 Ramo Building, Al Nasr Road, Nasr City , Cairo, Egypt, 11765","","","https://www.freightnet.com/profile/132754.htm","No"
"Logistics Solutions SAE","2, El Moarekh Mohammad Refaat St , El Nozha El-gededa, CAIRO, Cairo, 11311","","","https://www.freightnet.com/profile/133076.htm","No"
"A.M Cargo","21 Amin Fekry st,Raml station,infront of Kaed Ibrahim. , Alexandria, Alexandria, 21519","","","https://www.freightnet.com/profile/120158.htm","No"
"FIRST UNION INT'L","11, Mahmoud Hamdy Khatab St ,  | El Gabarty  Building (A), Alexandria-EG , ALEXANDRIA, EGYPT, 00200","","","https://www.freightnet.com/profile/132719.htm","No"
"Master Logistics Co","34 Talat Harb Down Town , Cairo,","","","https://www.freightnet.com/profile/10710.htm","No"
"First International For Shipping and Investment","11 Bany el Abbas From El Sultan Hussein - floor 7 , Alexandria, egypt, 0203","","","https://www.freightnet.com/profile/112182.htm","No"
"El Masri Freight Services","102 B El Merghany St., Heliopolis , Cairo, Egypt, 11911","","","https://www.freightnet.com/profile/109138.htm","No"
"Trust Shipping Company","5 Ahmed Orabi St. El Manshia, Alex. Egypt. , Alexandria, Alexandria, 0200","","","https://www.freightnet.com/profile/100144.htm","No"
"Transway Logistics","Cornish El Nile El Maadi, (Tower 2) , Al Mohandessen towers, 2nd floor, Al Maadi, Cairo, 11431","","","https://www.freightnet.com/profile/129626.htm","No"
"EUROTRANS GLOBAL LOGISTICS","10 dokki street , Giza, Egypt, 1145","","","https://www.freightnet.com/profile/131528.htm","No"
"DHL GLOBAL FORWARDING","Building 19, District 7 , Sheraton Buildings, Heliopolis, Cairo, Egypt, 11361","","","https://www.freightnet.com/profile/131659.htm","No"
"Cairo Freight Systems","64 Sakr Quoriesh Buildings  , Sheraton Heliopolis, Cairo, Egypt, 1234","","","https://www.freightnet.com/profile/21597.htm","No"
"Intex Express ""Swiss Cargo""","Cairo International Airport, International Export Enter, 2nd.floor Office 303 , 4 Khan Al-khalili, Al-hossein, Cairo, Cairo, 1159","","","https://www.freightnet.com/profile/21748.htm","No"
"AL TAYYAR FOR SHIPPING & CUSTOMS CLEARANCE","5th EL Obour Building, Salah Salem Rd, Heliopolis , Cairo, Cairo, 13113","","","https://www.freightnet.com/profile/99463.htm","No"
"SAFTY GROUP Co.","ALEX , ALEX, ALEXANDRIA, ALEXANDRIA, 21611","","","https://www.freightnet.com/profile/86308.htm","No"
"PERFECT INT'L FREIGHT (P.I.F EGYPT)","2 BOSSTAN EL- GESH ST  , ABBASSIYA  , EGYPT. CAIRO,, ABBASSIYA, CAIRO, cairo","","","https://www.freightnet.com/profile/89422.htm","No"
"Fast M Shipping Services","35 abd elhamid awad , Nasr City, Nasr City, Egypt, 11391","","","https://www.freightnet.com/profile/130108.htm","No"
"Naggar Trading & Consultancy","20 Patrice Lumumba Street, Babsharki , Alexandria, Egypt, 21131","","","https://www.freightnet.com/profile/129869.htm","No"
"Blue Lan Logistics","9 El-Nasr St. Sheraton , Cairo, Cairo, 11361","","","https://www.freightnet.com/profile/112657.htm","No"
"Global Maritime Ltd","10039 ELMearag Elelwy city-10th Mogawra-Maadi , 10039 ELMearag Elelwy city-10th Mogawra-Maadi, Cairo, Egypt, 02222","","","https://www.freightnet.com/profile/129209.htm","No"
"El-Nada for international services - Cargo ( NIS )","14 Mahmoud Ahmed El Meligy –Heliopolis –Shames Club-Cairo-Egypt  , Cairo International Air Port –Cargo Village –, cairo, Cairo, 77777","","","https://www.freightnet.com/profile/57474.htm","No"
"General Express","Office No. 3 – BLDG No. 26 – Area No. 5 – Misr El Taameer BLDGS  Sheraton Heliopolis – Cairo - Egypt , cairo, egypt, 17111","","","https://www.freightnet.com/profile/116986.htm","No"
"Escapade for shipping service","7 al madina st - new nozha -  Beside Nesma Airlines - 4th floor - flat 9 , cairo, egypt, 2222","","","https://www.freightnet.com/profile/108730.htm","No"
"3n For Cargo Services & Customs Clearance","81 Al Fath Buildings , Nasr City, Cairo, nasr city, 11147","","","https://www.freightnet.com/profile/9690.htm","No"
"Agnadeen for shipping","Egypt, 6th of October City ,  Fourth District, Housing Bank Building, Building No. 3, Office No. 202, 6 october, Egypt, 002","","","https://www.freightnet.com/profile/121266.htm","No"
"ابو العينين للخدمات البحرية","villa 28 , 101 st. Ras El Bar , Damietta , 30 Obour builting , Salah Salem St. Cairo, Cairo, Egypt, 34517","","","https://www.freightnet.com/profile/121425.htm","No"
"universalgroup","EGYPT,CAIRO.EL WAHAT ROAD,6 OCTOBER CITY. , VILLA B18.EL RAWDA VILLAGE., CAIRO, EGYPT, 11511","","","https://www.freightnet.com/profile/115144.htm","No"
"Navigator Egypt","9 Al Eqbal Street , Louran, Al-Saraya, Alexandria, Egypt,","","","https://www.freightnet.com/profile/17671.htm","No"
"Jenoa Cargo","488 Alhouryea Road - Bulkely , Alexandria, Egypt, 12521","","","https://www.freightnet.com/profile/121240.htm","No"
"Fancy Speed","dokki , Cairo airport, Giza, Dokki, 12345","","","https://www.freightnet.com/profile/106657.htm","No"
"Link America","25-233 rd st. suite, Degla Maadi egypt , 307 Bay Ridge Ave Brooklyn New York, Maadi , Giza, Egypt, 112111","","","https://www.freightnet.com/profile/57287.htm","No"
"Eleman Co.For Internationl Transport","port sid , port said, egypt, 42211","","","https://www.freightnet.com/profile/58271.htm","No"
"Axis Freight Management","5 emarat elshorta beganb alestad mahatet masr , Alexandria, Egypt, 12599","","","https://www.freightnet.com/profile/62927.htm","No"
"Axis Freight Management","3 Zakria Ghonem  , Alexandria, 11211","","","https://www.freightnet.com/profile/24261.htm","No"
"VOLTRANS GLOBAL LOGISTICS","8 Victor Basili St , 6th floor Apt 24, ALEXANDRIA, Egypt, 21421","","","https://www.freightnet.com/profile/118557.htm","No"
"Concord Shipping Agency","21 El Nahda St , Port Said, 1161","","","https://www.freightnet.com/profile/10397.htm","No"
"Blue Ocean Logistic","4 Tomanbay St., Zaytoun, Cairo, Egypt- Flat No. 23 Fourth Floor , Cairo, Egypt, 11123","","","https://www.freightnet.com/profile/118323.htm","No"
"Best Way Logistic","Building Nr. 4, 4th floor, Area Nr. 1155, Markaz Al Maalomat St., Cairo, Egypt., Egypt, 11773","","","https://www.freightnet.com/profile/43590.htm","No"
"United Emirates Group Ltd","22, Bani El Abbassi Str , Bab Shark, Alexandria, Sultan Hussein, 21111","","","https://www.freightnet.com/profile/18840.htm","No"
"SEVEN SEAS SHIPPING & TRADING","1 Osman Ahmed Ramzy st., Heliopolis , Cairo, Egypt, 00202","","","https://www.freightnet.com/profile/117090.htm","No"
"Flying Pharaoh Logistics","19 Dr.Omar El-Desouki st.,From Taha Hussien st.,  El-Nozha El-Gedeeda, Cairo – Egypt. , Cairo, Egypt., 18678","","","https://www.freightnet.com/profile/116661.htm","No"
"International Logistics Partners","El Pharaana St. - Azarita , Alexandria, Egypt, 21000","","","https://www.freightnet.com/profile/50097.htm","No"
"Alexandria International Trade","sultan Husien_9 elfawatem st , east town, Alexandria, 00203","","","https://www.freightnet.com/profile/111005.htm","No"
"atlantic star for cargo","10th of Galeb Hamouda Al Otiby, New Heliopolis , 10th of Galeb Hamouda Al Otiby, New Heliopolis, Cairo, Egypt, 12124","","","https://www.freightnet.com/profile/116990.htm","No"
"Unicorn Intrnational","3 Hassan Pasha Sadek , Heliopolies, cairo, 1190","","","https://www.freightnet.com/profile/93883.htm","No"
"Zus Marine Co. Ltd.","Chamber of commerce st. , Manshia, Alexandria, 33133","","","https://www.freightnet.com/profile/64822.htm","No"
"EMT - Egyptian Multimodal Transport","11 Sherket Misr St., off El Sultan Hussein St , Azarita, Alexandria, 21112","","","https://www.freightnet.com/profile/17230.htm","No"
"Fast trade company","6 Mostafa Refaat street,Sheraton , Cairo, Egypt, 11311","","","https://www.freightnet.com/profile/102006.htm","No"
"Mondial Logistics Co.,","Mohamed Aly & El Nile St, El Tawhid Bldg. 2nd Floor, Port Said, Egypt, 42211","","","https://www.freightnet.com/profile/45751.htm","No"
"union Middle East","7 elzobat buldings -roushdy , alexandria, egypt, 20254","","","https://www.freightnet.com/profile/106039.htm","No"
"Globe Investments Co","6 B Kasr El Nile St , downtown, Cairo, 11647","","","https://www.freightnet.com/profile/18953.htm","No"
"PSL GROUP","6 albert alawal-Smouha , Alexandria, Egypt, 00203","","","https://www.freightnet.com/profile/85967.htm","No"
"Egyptian corporation for investment","112 st abd elsalam aref - glem , alexanderia, egypt, 12345","","","https://www.freightnet.com/profile/108555.htm","No"
"SAFTY GROUP CO.","33 ABDELHAMEED BADAWY ST.-AZARETTA , ALEXANDRIA, EGYPT, 21121","","","https://www.freightnet.com/profile/96615.htm","No"
"Trans Misr Shipping Clearing & Trading","8 Gamal El Din Yassin El Raml Station , Alexandria, Alexandria, 576","","","https://www.freightnet.com/profile/657.htm","No"
"Master International Freight","3 Makram Ebaid St. , Nasr city, Cairo, Egypt, 11762","","","https://www.freightnet.com/profile/107225.htm","No"
"Alexandria International Trade ( Alex Trade)","9 El-Fawatem St, from Elsultan Hussien , Alexandria, Egypt, 2011","","","https://www.freightnet.com/profile/105945.htm","No"
"3 Way Logistics - Egypt","10th Of Ramadan City - El Ordonia - El Marwa Center - 2ND Floor - Office No. 05 , 10th Of Ramadan, egypt, 015","","","https://www.freightnet.com/profile/106749.htm","No"
"United Transport Services - UTS","CACC Building  - Office No. 304 A , Cargo Village - Cairo Airport ,11776, Cairo, Egypt, 11776","","","https://www.freightnet.com/profile/98664.htm","No"
"Seaways Marine Services","El Gomhorai St, front Hsbc Bank , Buldg No 3 Office No * , Suez canal, port said, 42211","","","https://www.freightnet.com/profile/92875.htm","No"
"Unicorn International","3, Hassan Pasha Sadek St.,  Al Orouba Tower, Heliopolis,  Cairo – Egypt  , Egypt, Cairo, 002","","","https://www.freightnet.com/profile/54594.htm","No"
"SEAGATE INTERNATIONAL GROUP LTD.","33A BIN SANDAR SARRAY ALKOBBA , CAIRO, EGYPT, 00202","","","https://www.freightnet.com/profile/81614.htm","No"
"Halifax Egypt ( H.F.E )","62 Makka Street, Sakr Quoreish buildings,Sheraton Heliopolis, Cairo,Egypt , Cairo, Egypt, 11361","","","https://www.freightnet.com/profile/104140.htm","No"
"Egyshipping","Miami, K.Hamadah St. , Alexandria, Alexandria, Egypt, 21131","","","https://www.freightnet.com/profile/2412.htm","No"
"talent logistics","23 fawzy moaaz st.smoha , alexandria, Egypt, 11222","","","https://www.freightnet.com/profile/101505.htm","No"
"Alfa Trans","1 Victor Bassili Str. Attareen  , Alexandria, Egypt, 21121","","","https://www.freightnet.com/profile/83180.htm","No"
"Nosco Shipping Agencies","10,  Ahmed Yehia Street , 10 , Ahmed Yehia Street, Alexandria, Egypt, 21619","","","https://www.freightnet.com/profile/98877.htm","No"
"Venus International transport","Building B 40 flat no. 4 , 104  El Moltaka El Araby Area  Sheraton Heliopolis area  Cairo - Egypt , cargo village office no 2,4, Cairo, Egypt, 11511","","","https://www.freightnet.com/profile/100552.htm","No"
"Gateway Freight Systems","Seraton Helioplois , Alexandria, 11799, Egypt, 214548","","","https://www.freightnet.com/profile/94636.htm","No"
"BSAF sea and air freight","24 Obour bldg .Salah Salem Rd, Nasr City , Cairo, Cairo,","","","https://www.freightnet.com/profile/55481.htm","No"
"EFC SERVICES","CARGO VILLAGE , CAIRO, EGYPT, 12345","","","https://www.freightnet.com/profile/98634.htm","No"
"Marcos Marine Services","19 sidi lalou str, El gomrik el kadim , Alexandria,","","","https://www.freightnet.com/profile/7980.htm","No"
"OMEGA SHIPPING G","9 Omar EL Farouk St., Wabour EL-Meyah, Bab Sharki, 3rd floor, Alexandria, Egypt. , ALEXANDRIA, EGYPT, 21223","","","https://www.freightnet.com/profile/88402.htm","No"
"Evergreen Logistics Corp. Egypt S.A.E.","Block 1169, Minister's Square, Behind Sheraton Heliopolis Buildings, 2nd Floor, Cairo, Egypt P.O.Box: 11361 , Cairo, Egypt, 11361","","","https://www.freightnet.com/profile/55060.htm","No"
"Porto Egypt","58 Gamal Abd Elnaser , Ezbet El Nakhel, Cairo, Egypt, 99999","","","https://www.freightnet.com/profile/61423.htm","No"
"Egypt Logistics Corporation","1 Mahmoud Rezk St., Area 1113, Sheraton Residences, Airport Road, 11361 Heliopolis,, Cairo, Egypt,","","","https://www.freightnet.com/profile/95208.htm","No"
"BS MARINE SURVEY & LOGISTICS","569 Malek  Hafne str.   El-Montazah , Alexandria, Egypt, 219231","","","https://www.freightnet.com/profile/84338.htm","No"
"Ictforwarder","21 Nasr Street, Manshia No 1 , 47 Zayed City  N 4, Alexandria,","","","https://www.freightnet.com/profile/6868.htm","No"
"EGRESS INTERNATIONAL","6 ROAD 9B MAADI, CAIRO , 13 MOASKAR EL ROMANY EL SAFA BLDG , ROUSHDY , ALEX, CAIRO, EGYPT, 11343","","","https://www.freightnet.com/profile/93500.htm","No"
"Swift Logistics & Shipping Int (L.L.C.)","Omar Ibn Elkhattab st., block 1155 , Plot 5- Sheraton Heliopolis, Cairo, egypt, 11361","","","https://www.freightnet.com/profile/55672.htm","No"
"Atlantic Logistics Group","23 July St., ElSalam Bldg, Gate#3, 2nd Floor, Office #43, Port Said, Egypt, 42111","","","https://www.freightnet.com/profile/89874.htm","No"
"GOLDEN EAST LOGISTICS CO,","9 beach  Eldekhila, near Victoria hospital, Alnouha building 2nd Commercial floor, Alexandria/Egypt , Alexandria, Egypt, 21537","","","https://www.freightnet.com/profile/62557.htm","No"
"Cairo Freight Systems","64 Sakr Quoreish buildings, Sheraton Heliopolis , Cairo, Egypt, +202","","","https://www.freightnet.com/profile/84498.htm","No"
"Egypt Logistics & Forwarding","El Shark District , Port Said, 2033","","","https://www.freightnet.com/profile/12474.htm","No"
"Eittrans","70 Sakr Kouriesh , Sheraton HEliopolis, Cairo, Egypt, 11367","","","https://www.freightnet.com/profile/91732.htm","No"
"Alex. Global Shipping (AGS)","8 Kenisset El Debanna Str , Alexandria,","","","https://www.freightnet.com/profile/4523.htm","No"
"Liner Egypt","Abdel Salam Aref St, Alhana Twoer , Damietta, Damietta, 34511","","","https://www.freightnet.com/profile/81519.htm","No"
"trans ocean egypt co.","40A Baghdad St. , El Korba Areea, Cairo, Egypt, 11757","","","https://www.freightnet.com/profile/55754.htm","No"
"Freight Systems International Inc","P.O. Box 9 , El- Abyysia, Cairo,","","","https://www.freightnet.com/profile/8179.htm","No"
"Alanwar Cargo System","109 Saqr Koresh Sheraton Holiples , Cairo,","","","https://www.freightnet.com/profile/8635.htm","No"
"Confreight Logistics","10, Nasr St., - 7th floor - Flat no. 703 , Manshia, Alexandria, 703","","","https://www.freightnet.com/profile/14559.htm","No"
"Gulf Agency Company","62 Ramsis Street   , Heliopolis, Cairo, 1065","","","https://www.freightnet.com/profile/1501.htm","No"
"Mehraty Shipping","Haram, Giza , Giza, Egypt, 112311","","","https://www.freightnet.com/profile/58285.htm","No"
"United Freighters","Flat no. 5, 8 Abaza Street,Cairo , Cairo, Egypt, 11311","","","https://www.freightnet.com/profile/87634.htm","No"
"Meta One","Alhria St. , Bolky Alex, Belky, Egypt, 325466","","","https://www.freightnet.com/profile/86908.htm","No"
"EL MASRI FREIGHT SERVICES","102 B El Merghany St., Heliopolis , Cairo, Egypt, 11911","","","https://www.freightnet.com/profile/59686.htm","No"
"Cairo Marine services (CMS)","73, Saqr Qureesh – Sheraton Heliopolis – Cairo Egypt , Port Tewfik In front Of Red Sea Hotel Suez - Egypt., Egypt, cairo, 0020","","","https://www.freightnet.com/profile/86447.htm","No"
"Future Freight","107 Sakr Koresh St,.Sheraton,Heliopolis. , Cairo, Egypt, 02","","","https://www.freightnet.com/profile/53740.htm","No"
"hjjhjh","kjkjkjkjk , klklklk, hjhjhjj, kjhghh, 23145","","","https://www.freightnet.com/profile/83898.htm","No"
"DHL Global Forwarding","36 Delivrande St , Heliopolis, Cairo,","","","https://www.freightnet.com/profile/20477.htm","No"
"freight service center","20 masaken misr taamer , zone6 sheraton, egypt, cairo, +202","","","https://www.freightnet.com/profile/59332.htm","No"
"Prime Shipping & Logistics Co.","6 Albert Al-Awal st., Building A, Smouha, Alexandria, Egypt, 36251","","","https://www.freightnet.com/profile/65552.htm","No"
"InterLog - International logistics.","Damietta, 85 Mubarak Avenue , Alexandria, 231 Horria Avenue, Cairo, Egypt, 34571","","","https://www.freightnet.com/profile/65691.htm","No"
"alhoda freight.international","7 misr taameer buildindngs sheraton.cairo.egypt , ., cairo, egypt, 11361","","","https://www.freightnet.com/profile/64295.htm","No"
"Sharaf Maritime & Trading Corp.","El Sharkawy Building , Port Said,","","","https://www.freightnet.com/profile/20484.htm","No"
"freight service center","20massakn misr Taamer Bldgs . ,6zone , Sheraton Heliopolis, Egypt, cairo, +202","","","https://www.freightnet.com/profile/63795.htm","No"
"Global Transport & Logistics Services Ltd","5, Misr Taameer Buildings , Masaken Sheraton, Heliopolis, Cairo,","","","https://www.freightnet.com/profile/22361.htm","No"
"Pan Marine Co.","50 Omar Lotfy St. Camp Cesar , Alexandria, Egypt, 21321","","","https://www.freightnet.com/profile/3174.htm","No"
"Speed Cargo Systems","Cairo-Egypt , Alexandria-Egypt, Cairo, Egypt, 11238","","","https://www.freightnet.com/profile/5340.htm","No"
"Barwil Egytrans ( Wilhelmsen)","9, Hussein Hassab & Beni El-Abbassi Street El Zaher , Building (2) 1st Floor – Sultan, Hussein – Alexandria , Alexandria, Egypt, 0020665","","","https://www.freightnet.com/profile/51223.htm","No"
"United Group for Cargo Services","1 El-Nasr Str, Ibn Khaldon Building , 3rd Floor -  El Gomrok, Alexandria, 21111","","","https://www.freightnet.com/profile/21482.htm","No"
"ELG Group for Shipping Co., SAE","95 El-Aamal Towers,  Autostrad Al-Maadi, Cairo-Egypt. , 4th Floor, Cairo, Egypt, 11931","","","https://www.freightnet.com/profile/61060.htm","No"
"Tiffany Cargo Systems","Building 2, Elshahid Sayed Zakareya , Sheraton Heliopolis, Cairo, Cairo, 11736","","","https://www.freightnet.com/profile/21942.htm","No"
"World Trans Group","22 Bani  El Abassi St , 26 Gamet El Dewal, Cairo, Egypt, 21111 ALEXANDREIA","","","https://www.freightnet.com/profile/760.htm","No"
"King Logistics","El Gomhoreya & El Nast Street , Port Said, El Shark, 46111","","","https://www.freightnet.com/profile/18047.htm","No"
"AIM LOGISTICS INTERNATIONAL","23 MOHAMMED SAID EL HALWANY , NOZHA, CAIRO, 11361","","","https://www.freightnet.com/profile/42509.htm","No"
"Mediterranean Logistic Co.","33 Abd Alhamyed Badwy St. , Alexandria, Egypt, 41211","","","https://www.freightnet.com/profile/56881.htm","No"
"Cargo Team Ltd","7 Dr.Aly Remaz Apt 403 , Remalah station, Alexandria,","","","https://www.freightnet.com/profile/7471.htm","No"
"Freight Link","39 Ibn El Hakam Str. , Cairo Egypt, P O box 13 Al Swissry Nasr City 11826, Cairo, Egypt, 11826","","","https://www.freightnet.com/profile/4405.htm","No"
"Vertex Express","55, Naguib El Rehany St , Downtown, Cairo, 11111","","","https://www.freightnet.com/profile/22017.htm","No"
"AL MARIAM LOGISTIC FOR FREIGHT SERVICES","port said egypt , port said  egypt, portsaid, egypt, 14211","","","https://www.freightnet.com/profile/46201.htm","No"
"Andalusiah trading & maritime services","bld. 62 -officers city , Alexandria,","","","https://www.freightnet.com/profile/6419.htm","No"
"Trimar Forwarding Co","13 El Themar St , Mohandseen, Cairo,","","","https://www.freightnet.com/profile/7007.htm","No"
"Uni Trans","21,dr.El Batrawy - Nasr City. , Cairo, Egypt,","","","https://www.freightnet.com/profile/2240.htm","No"
"Global Export Co","22, Ahmed Said Street, Pyramids Road , International Export Center, Cairo Airport Office 207, Cairo,","","","https://www.freightnet.com/profile/8822.htm","No"
"Geologistics","222 El Hegaz St , Heliopolis, Cairo,","","","https://www.freightnet.com/profile/16843.htm","No"
"Top Freight","19 Hosni Moubark Street -Masaken Sheraton -Elnozha , Cairo, Egypt, 31111","","","https://www.freightnet.com/profile/50339.htm","No"
"Bonvoyage Transport","630 Horaya Road -Gnaklees Alexandria , 16 Adly St.-Cairo, Alexandria  & Cairo, Egypt,","","","https://www.freightnet.com/profile/4816.htm","No"
"Amsar","1 mohamed Anys street , Koleyet el banat, Heliopolis, 4th floor, Cairo, 11341","","","https://www.freightnet.com/profile/12069.htm","No"
"El Bedaya Co. For Export And Customs Clearance","10 Kemel Twig Street , Alexandria, Ibrahmeya, 03","","","https://www.freightnet.com/profile/16407.htm","No"
"Orient Integrated Logistics","53 Ahmed Al Sawy Str , Nasr City, Cairo, 11371","","","https://www.freightnet.com/profile/21406.htm","No"
"Shashati Freight Services","13 Tawfik Ahmad El Bakry , Nasr City, Cairo, 6th District, 12234","","","https://www.freightnet.com/profile/7887.htm","No"
"KGL Logistics Egypt","11 Bani El Abbassi St. , El Pharaana. Al Azarita, Alexandria, Egypt, 21131","","","https://www.freightnet.com/profile/23891.htm","No"
"Safety Sky","18 EL-Adib Aly Adham Str , ., FROM EL-Shahid Sayed Zakaria Str, Block 1216, 3rd Floor, Cairo,","","","https://www.freightnet.com/profile/6589.htm","No"
"Adriatic Shipping Agency","4,ibn sinai str,midan el mansheya , Alexandria, alexandria, 42511","","","https://www.freightnet.com/profile/14823.htm","No"
"Sea Bird Services Inc","15 Ahmed Orabi st. , Mohandeseen, Cairo, 11451","","","https://www.freightnet.com/profile/21270.htm","No"
"Extreme Logistics","67 El Nasr St. - Sheraton , Cairo, Egypt, 11222","","","https://www.freightnet.com/profile/51162.htm","No"
"Freight Way Logistics (FWL)","74 Joseph Tito St. Hikestep Road, 2nd Floor , Elnozha Elgadida, Cairo, 55555","","","https://www.freightnet.com/profile/16943.htm","No"
"Fast for shipping and Logistics","10 Moustafa Lotfy El-Manfalouty st , ALEX, Egypt, 22111","","","https://www.freightnet.com/profile/51299.htm","No"
"alhodafrieght","Main Branch Address: 7 Misr Lltaamer Buildings, 1st floor- Sheraton Heliopolis- Cairo. , Alexandria office Address: 21 El Nasr Street, El Manshea , Floor 6 ,Flat 604 ., cairo, egypt, 0202","","","https://www.freightnet.com/profile/50676.htm","No"
"arabian co.","8 elnil st.  , cairo, cairo, 55555","","","https://www.freightnet.com/profile/50352.htm","No"
"DEMLINE ""EGYPT""","77,SULTAN HOSEIN ST, ALEX  , ALEX, EGYPT, 21211","","","https://www.freightnet.com/profile/50334.htm","No"
"delta express","faculty of medicine st.alex , alexandria, alexandria, 12345","","","https://www.freightnet.com/profile/49509.htm","No"
"Adriatica Marittima","11, moneer al- syed al- far(alska )st., 3rd floor , sporting, alexandria. Egypt , Alexandria, Alexandria, 00203","","","https://www.freightnet.com/profile/49382.htm","No"
"Cargo Service International.","Nasr City,Cairo,Egypt. , Nasr City, Cairo, Egypt, 202","","","https://www.freightnet.com/profile/8506.htm","No"
"overworld freight line","17 dr.mohamed mandour st.from el tayaran st.rabaa zone-nasr city-cairo-egypt , cairo, egypt, 02","","","https://www.freightnet.com/profile/49120.htm","No"
"East International Freight Forwarders","43, El Moushir Ahmed Ismail , Sheraton Heliopolis, Cairo,","","","https://www.freightnet.com/profile/20478.htm","No"
"Alexandria for marine services & trade -AMSTEGYPT","33 Abdel Hamid Badawy str.  , Azarita, Alexandria, Azarita, 4879935","","","https://www.freightnet.com/profile/17916.htm","No"
"Linkona","3 barry st. , porto, porto sokhna, 43251","","","https://www.freightnet.com/profile/47431.htm","No"
"Trans Fair Egypt","33 El Obour Bldg , Salah Saleam St, AEV 05.10.05 Cairo,","","","https://www.freightnet.com/profile/1217.htm","No"
"Global Logistics Egypt","33 El Obour Bldg. Salah Saleam St. , Cairo, Egypt,","","","https://www.freightnet.com/profile/1218.htm","No"
"Horus International Freight","95, Hafez Ramadan Str. - Nasr City , 6 ( 48 ) Str.- Semouha / Alexandria, Cairo, Egypt,","","","https://www.freightnet.com/profile/1329.htm","No"
"Nekhaly Freight Co","127 Kablat St.,elameria , 16 Elhariry St.,elsharabia, Cairo, Egypt, 11251","","","https://www.freightnet.com/profile/1651.htm","No"
"Suntra Express","20 El Mathaf El Zeraey St. , Agouza - Giza - Egypt, Cairo, Egypt, 12212","","","https://www.freightnet.com/profile/1714.htm","No"
"Favia International Transport","18 Adly Street , P.O.Box 1109, Cairo, 11111","","","https://www.freightnet.com/profile/2546.htm","No"
"Haggag Brothers Egypt","10 Panama & El Zaher Street. , Mohamed Mahmoud & El Gish Street., Port Said, Egypt, 678","","","https://www.freightnet.com/profile/2854.htm","No"
"Tact Freight","29 Ahmad Kassem Gouda St.Nasr City , Cairo, Egypt, 11371","","","https://www.freightnet.com/profile/3284.htm","No"
"Dream Canal Service","Abdel Salam Areef , El Zaher & Kalwoon Dahroug Buillding, Cairo, Port-Said, 42111","","","https://www.freightnet.com/profile/3645.htm","No"
"Egyptair Cargo","Cargo Teminal Cairo Int'l A/P , Cairo, Egypt, 11321","","","https://www.freightnet.com/profile/4022.htm","No"
"Golden Line International","39, Asmaa Fahmy St , From Alnozha St. Ard Algolf, Cairo, 11361","","","https://www.freightnet.com/profile/4187.htm","No"
"Alhosan For Import & Export","Al Golf City - Cairo -Egypt , Cairo, Egypt,","","","https://www.freightnet.com/profile/4477.htm","No"
"Pro Movers Int. Freight & Transport","45, Road 77 , 3rd floor Maadi , Alexandria  /  Suez  sea offices, Air prot office Cairo, Cairo, Cairo,","","","https://www.freightnet.com/profile/5907.htm","No"
"Amfreight","12 el masged street , Cairo,","","","https://www.freightnet.com/profile/6028.htm","No"
"Golden Pharaoh Logistics Company","3el-Shahed Sayed Zakaria St , Sheraton Helioplis, Cairo,","","","https://www.freightnet.com/profile/6111.htm","No"
"Nile Marketing","15 Enshrah , Giza, Egypt,","","","https://www.freightnet.com/profile/7041.htm","No"
"AlemanForwarding","Eleman office , Port Said,","","","https://www.freightnet.com/profile/7993.htm","No"
"Directions Co. Ltd.","6, Aswan Square, Mohandessin , International Export Center, Cairo Airport Office no. 217, Cairo,","","","https://www.freightnet.com/profile/8519.htm","No"
"Super Freight International","53 Atlas Bldgs-8th District-Nasr City , Cairo, 0000","","","https://www.freightnet.com/profile/8838.htm","No"
"CIS (Custom Integration Services)","33  Dr Ibrahim Abou El-Naga St , Cairo, 11471","","","https://www.freightnet.com/profile/9291.htm","No"
"T S Logistic","115 Sakr Koreish Bldgs , Sheraton Heliopolis, Cairo, 11631","","","https://www.freightnet.com/profile/9449.htm","No"
"Pharoah Freight International","17 E  Nasr Road -Fron of El Sekka Club-3rd Floor , Nasr City, Cairo, 11471","","","https://www.freightnet.com/profile/9671.htm","No"
"GTS Logistics","Ciro-Nasr City Behind Ahli Clup , Cairo, 33123","","","https://www.freightnet.com/profile/10172.htm","No"
"Cargo Shack","63 Saqr Koresh Elnasr St , Sheraton Heliopolis, Cairo, 11361","","","https://www.freightnet.com/profile/10322.htm","No"
"Nile Globe International Freight Forwarder","9, Mohamed Abu El-Maati , Hegaz Sqr, Cairo, 11111","","","https://www.freightnet.com/profile/10485.htm","No"
"Ocean Express Agency","9, El Fawatem Street , Azareta, Alexandria, 21131","","","https://www.freightnet.com/profile/10565.htm","No"
"Betacargo","20 Taher el Gazary St , Nasr City, Cairo,","","","https://www.freightnet.com/profile/10834.htm","No"
"Middle East Group","Tarbya Naweya St, No 9B , New Damietta City, Damietta, 002057","","","https://www.freightnet.com/profile/10859.htm","No"
"Infinity Cargo Egypt","24 EL SHAHID SAYED ZAKARIA KHALIL , Cairo, Egypt, 11361","","","https://www.freightnet.com/profile/10874.htm","No"
"Orient Trans Cargo","115 Seliem A-Awal Street , Helmiyat Al Zaytoun, Cairo, 02","","","https://www.freightnet.com/profile/10972.htm","No"
"GT Freight","Nasr City , Cairo, 02","","","https://www.freightnet.com/profile/11657.htm","No"
"El Salam Shipping Co (ESC)","5A, El Faroqya Bldgs, Gesr El Suez , Heliopolis, Cairo,","","","https://www.freightnet.com/profile/11674.htm","No"
"Tabarak Cargo Services (TCS)","23 Port Saeed St , 2nd. floor, Alexandria, 21526","","","https://www.freightnet.com/profile/11905.htm","No"
"Mecca Shipping","19 A al-Abour Buildings, 2 nd floor , Salah Salem Road, Nasr city, Cairo, 19","","","https://www.freightnet.com/profile/12406.htm","No"
"Dynamic Freight & Trading","25 Ahmed Fouad Street , Sant Fatima, Heliopolis, Cairo, 452214","","","https://www.freightnet.com/profile/12699.htm","No"
"Inter Freight Cargo Systems","95 Masaken Sakr Korish- Sheraton , Cairo, 025642","","","https://www.freightnet.com/profile/12775.htm","No"
"Seagate International Group","99 Al-Amal Building , Al-Autostrad Street, Maddi, Cairo,","","","https://www.freightnet.com/profile/13537.htm","No"
"AM Logistics","12 El Masged Street , Cairo, 11311","","","https://www.freightnet.com/profile/13997.htm","No"
"Techno Group For Cargo","8 Hamdy St., From Elgish , Portsaid , Egypt , Portsaid, Portsaid, 42111","","","https://www.freightnet.com/profile/15492.htm","No"
"Total Logistica","11Edonis Str , Ibrahemeya, Alexandria, 21131","","","https://www.freightnet.com/profile/16107.htm","No"
"Alpha Cargo","1 Al-Montaza Street , Cairo,","","","https://www.freightnet.com/profile/16696.htm","No"
"UPS SCS (Egypt) LLC Co","13 Misr Eltameer Bldgs , Sheraton Heliopolis, Cairo,","","","https://www.freightnet.com/profile/16842.htm","No"
"United Cargo Systems","The Trading & Business bldg , No 2, Masaken Sheraton Helioplis, Cairo, cairo, 11223","","","https://www.freightnet.com/profile/17274.htm","No"
"KML - Khedivial Marine Logistics SAE","129 El Marghany Street , Heliopolis, Cairo,","","","https://www.freightnet.com/profile/17569.htm","No"
"Philo Freight World","145 Masaken el Estesmary , Cairo, Giza,","","","https://www.freightnet.com/profile/18095.htm","No"
"WORMS United Shipping Agency","Sonesta Commercial Center , Suites 111 & 112, Port Said, 42511","","","https://www.freightnet.com/profile/18262.htm","No"
"Mohassib Freight","Free Port Bldg., Mezzanine floor., Port Said, Egypt, 42111","","","https://www.freightnet.com/profile/49498.htm","No"
"Unifreight Global Logistics","Down Town Bussines Center Abu El Abba Square  , Alexandreia, 120115","","","https://www.freightnet.com/profile/18335.htm","No"
"Allied Transport & Trade Co","52 Gameat El Dowal Street, 8th floor, Suite 22 , El Mohandseen, Giza, 12311","","","https://www.freightnet.com/profile/19204.htm","No"
"Combined Maritime Services (CMS)","23 Ibn Rabah Street , Off Al-Horriya Ave, Alexandria, 21321","","","https://www.freightnet.com/profile/20145.htm","No"
"A. Behiry Co","19 Ahmed Heshmat St , Zamelek, Cairo,","","","https://www.freightnet.com/profile/20475.htm","No"
"ALEXMAR - Alexandria Maritime Service","10, Coptic Church St , Alexandria,","","","https://www.freightnet.com/profile/20476.htm","No"
"Rafimar International Multimodal Transport","9 Orabi Sq , El Mansheya, Alexandria,","","","https://www.freightnet.com/profile/20481.htm","No"
"Salamarine Egypt Trade & Transport Co Ltd","Behind 30 Lomomba St , El Obour Bldg.- Shalalat, Alexandria,","","","https://www.freightnet.com/profile/20483.htm","No"
"Amstegypt","33 Abd Alhamyd Badawy St , Azarita, Alexandria, 21411","","","https://www.freightnet.com/profile/20923.htm","No"
"Navy Blue Freight","37A Galal Eldeen Eldesoki , Cairo, Heliopolis, 11371","","","https://www.freightnet.com/profile/21141.htm","No"
"Fast Express Freight","Badr El Din St , Dokki, Giza, 12311","","","https://www.freightnet.com/profile/21188.htm","No"
"Royal International Freight","8 Police Towers , Misr Railway Station, Alexandria, 12121","","","https://www.freightnet.com/profile/21668.htm","No"
"Almarina","9 Ahmed Mekhamer St , Nozha Gedida, Cairo, Egypt, 11371","","","https://www.freightnet.com/profile/23150.htm","No"
"Modern Freight Service","9 Refaha St, from Maqrezy, Helioples , Cairo, 12212","","","https://www.freightnet.com/profile/23159.htm","No"
"Nexus","32, rashid st. from Ouroba st. heliopolise , cairo, cairo, 11341","","","https://www.freightnet.com/profile/23322.htm","No"
"Fast Freight International","Elamar Plaza, Tower (A) , Hafez Ramadan St, Makram Ebeid, 7th floor, Apt 77., Cairo,","","","https://www.freightnet.com/profile/23499.htm","No"
"Earth Link","End of Mostafa El Nahas - El shams Buldings , Bulding No.10 - flate No. 206, Cairo, Cairo, 12971","","","https://www.freightnet.com/profile/23695.htm","No"
"Brothers Group","5c Othman Ahmed Ramzy ST behind Florida mall, Sheraton Heliopolis  , Sheraton Heliopolis, Cairo,","","","https://www.freightnet.com/profile/23823.htm","No"
"New Freight Professionals","5 El Adib Ali Adham  , Sheraton Airport, Cairo, Egypt, 1533","","","https://www.freightnet.com/profile/24058.htm","No"
"East Mediterranean Container Line","17 El Pharaana St, Sultan Hussein , Alexandria, Egypt, 00203","","","https://www.freightnet.com/profile/24214.htm","No"
"alsafwa","tanta , el fateh, tanta, egypt, 11111","","","https://www.freightnet.com/profile/46871.htm","No"
"marine link international","29 EL NABI DENIAL ST,. , ALEXANDRIA, EGYPT, 23145","","","https://www.freightnet.com/profile/42791.htm","No"
"al mariam logistic for freight services","port said egypt , port said  egypt, portsaid, egypt, 42111","","","https://www.freightnet.com/profile/44090.htm","No"
"AL MARIAM LOGISTIC FOR FREIGHT SERVICES","6th of oct bldg no 72 flat 10 , port said  egypt, portsaid, egypt, 42111","","","https://www.freightnet.com/profile/45477.htm","No"
"FIXEXPO","23 KELOPETRA , CAIRO, EGYPT, 202","","","https://www.freightnet.com/profile/45710.htm","No"
"MISR MARINE&TRADING","32 SALAH SALEM ST , nasr city cario, ALEXANDRIA, EGYPT, 21111","","","https://www.freightnet.com/profile/52210.htm","No"
"Easy Freight","20 Edfu Str., Camp Shezar , Alexandria, Egypt, 21111","","","https://www.freightnet.com/profile/53105.htm","No"
"Skyline International Services","Tower (d ) El-Farama Towers, Mohamed Ali St., Port Said , Port Said, Port Said, 1113","","","https://www.freightnet.com/profile/54178.htm","No"
"Royal Company","109 El-Dakahlyea , Port Said, Egypt, 42211","","","https://www.freightnet.com/profile/58382.htm","No"
"Green Line Warehousing and Cargo services","10 ahmed hosny st, nasr city , 26, adly st down town, cairo, Egypt, 002","","","https://www.freightnet.com/profile/65109.htm","No"
"alkaswaa-logistics","110 obour city , cairo , 110 obour city , cairo, Obour, Cairo, 112","","","https://www.freightnet.com/profile/85811.htm","No"
"International shipping bureau","26 (B) Fawzy Moaaz St., Mefco Helwan Building, Office No.903 , Smouha, Alexandria, 21111","","","https://www.freightnet.com/profile/87079.htm","No"
"aramex","31 musadak st, dokki , cairo, egypt, 002","","","https://www.freightnet.com/profile/91352.htm","No"
"Interlog International Logistics","231 Horria Avenue Ibrahimia , Alexandria, egypt, 231","","","https://www.freightnet.com/profile/94368.htm","No"
"Elkawther Logistics for shipping services","21 Elkaddy Mosque Manshia , Alexandria, Egypt, 00203","","","https://www.freightnet.com/profile/104931.htm","No"
"Rockit Transport Service","BUILDING NO 1 .EL MARWA BLDG AHMED TAISSER ST KOLYT EL BANAT HELIOPOLIS CAIRO EGYPT , 5 EL Shahid Sayed Zakaria -Sheraton Helipolis Cairo Egypt, Cairo, Egypt, 111111","","","https://www.freightnet.com/profile/109795.htm","No"
"Elite International Logistics","El Hadayek Tower 4 Street 163 - Maadi - Cairo - Egypt , Cairo, Egypt, 11511","","","https://www.freightnet.com/profile/110643.htm","No"
"Marino Egypt","6 Abd Elmonim Riyad , Faisal, Giza, Egypt, 42513","","","https://www.freightnet.com/profile/113337.htm","No"
"united emirates group","24 pharana street , alexandria, egypt, 0023","","","https://www.freightnet.com/profile/115489.htm","No"
"SAFE TRANS","100 El-Amal Buildings , Autostrad Maadi , Cairo, Egypt, 11261","","","https://www.freightnet.com/profile/127263.htm","No"
"Multi Mode Logistics","31 mohamed hegab st heliopolis cairo egypt , cairo, cairo, 12345","","","https://www.freightnet.com/profile/130095.htm","No"
"Green Line International Ltd .","24 El Nozha st- Ard El Golf , Cairo, Egypt, 11324","","","https://www.freightnet.com/profile/132720.htm","No"