"name","address","phone","website","profileUrl","isPremiumMember"
"حورس للشحن البحري والجوي والبري","32 شارع مراد الجيزة , الجيزة, مصر, 24631","","","https://www.freightnet.com/profile/259274.htm","No"
"Egypt Star Express","Abbas Aqad, Madinet Nasr , Cairo, Egypt, 72427","","","https://www.freightnet.com/profile/64992.htm","No"
"FLOW SHIPPING COMPANY","KM 25/26 DESERT ROAD - MERGIM ALEXANDRIA , Alexandria, Al Iskandariyah, XXXX","","","https://www.freightnet.com/profile/168333.htm","No"
"Magnet logistics network","39th Mohammed Maqrif St.,, Cairo, Cairo, 11531","","","https://www.freightnet.com/profile/170023.htm","No"
"Magnet Logistics Network","39th Mohammed Maqrif St.,, Cairo, Egypt, 11531","","","https://www.freightnet.com/profile/192687.htm","No"
"B2B shipping services","6B Heliopolis Rock Bldg, sheraton , Cairo, Cairo, 11311","","","https://www.freightnet.com/profile/134622.htm","No"