"name","address","phone","website","profileUrl","isPremiumMember"
"Genius choice logistics","Office number 7 2nd floor , 30 Othman abaza st , Mina albasal , Alexandria , 3rd floor,building number 5 , Alnasr street , almanshiya , Alexandria, Giza, Egypt, 2030","01558472005","","https://www.freightnet.com/profile/196136.htm","Yes"
"Owner Marine","Suez, marwa st , Suez, suez, egypt, 43511","","","https://www.freightnet.com/profile/260501.htm","No"
"al rayan custom clearance","NEW DAMIETTA , DAMIETTA PORT, DAMIETTA, EGYPT, 01002492721","","","https://www.freightnet.com/profile/264595.htm","No"
"Egystar logistics","memphis & elnahda St. , free port bldg. No. 220, Port Said, egypt, 42511","","","https://www.freightnet.com/profile/155499.htm","No"
"marino","33 kassr rass elteen - alexandria -egypt , alexandria, egypt, 11150","","","https://www.freightnet.com/profile/86566.htm","No"
"United Cargo Systems UCS","The Commercial & Business Center No.2,  behind Misr Al-Tammeer Masaken Sheraton , Office No 212, 2nd floor, Sheraton Heliopolis, Cairo, 8th District, 11361","","","https://www.freightnet.com/profile/18153.htm","No"
"Brothers Group","9 Sayed Zakaria St, Square 1216 - Sheraton Buildings  , Cairo, Heliopolis, 12311","","","https://www.freightnet.com/profile/17903.htm","No"