"name","address","phone","website","profileUrl","isPremiumMember"
"AFRISIL GLOBAL FORWARDING LTD","3477, Libreville, +241, Gabon , Libreville, Libreville, Gabon, NIL","","","https://www.freightnet.com/profile/193834.htm","No"
"Raj international rajforwarding","libreville, Gabon , lagos, nigeria, surulere, libreville, Gabon, M1W 2N8","","","https://www.freightnet.com/profile/160599.htm","No"
"Aaroco Global Trans & Logistics Services Ltd","Boulevard de Independence  BP 89   , Libreville, Gabon, 1100","","","https://www.freightnet.com/profile/144274.htm","No"
"Fret Services Logistiques (F.S.L)","Libreville Gabon (LBV) , Libreville, Libreville, 241","","","https://www.freightnet.com/profile/52311.htm","No"
"Trans Form","BP 7538 , Libreville,","","","https://www.freightnet.com/profile/21167.htm","No"