"name","address","phone","website","profileUrl","isPremiumMember"
"Hegelmann Multimodal Georgia","A.Beliashvili str145 , Tbilisi, Georgia, 0156","","","https://www.freightnet.com/profile/255680.htm","No"
"Averon LLC","vazha-pshavela st.45 , Tbilisi, Georgia, 0181","","","https://www.freightnet.com/profile/265231.htm","No"
"Air Solutions","41a Chvchavadze Ave , Chvchavadze Ave, Tbilisi, Georgia, 0162","","","https://www.freightnet.com/profile/210244.htm","No"
"LGC Logisitcs Georgia","Tbilisi International airport , Tbilisi, GEORGIA, 0184","","","https://www.freightnet.com/profile/264798.htm","No"
"Corporate shipping agency","KONSTITUTSIA ST 74 , Poti, Georgia, 4400","","","https://www.freightnet.com/profile/242257.htm","No"
"Amanati LLC","8 Bochorma st. , Tbilisi, Georgia, 0144","","","https://www.freightnet.com/profile/262185.htm","No"
"Cargomarket Ltd","A. Kazbegi 24b , Tbilisi, GE, 0177","","","https://www.freightnet.com/profile/138509.htm","No"
"Logixment Georgia Ltd","32 Samegrelo , Poti, Samegrelo, 4400","","","https://www.freightnet.com/profile/92587.htm","No"
"KTL Kaukasus Transport Logistik","Ketevan Tsamebuli Ave. 54  0144, Tbilisi, Georgia , Tbilisi, Georgia, 0144","","","https://www.freightnet.com/profile/251438.htm","No"
"PrimeLogistics LLC","Digmis Masivi, Quarter IV, House 24, office 87 , Tbilisi, Tbilisi, 1059","","","https://www.freightnet.com/profile/192742.htm","No"
"PRO GLOBAL Spedition LLC","Chitaiia , Tbilisi, Georgia, 0144","","","https://www.freightnet.com/profile/254007.htm","No"
"GSG Freight Forwarding","Georgia , Sololaki, Tbilisi, Poti, 4400","","","https://www.freightnet.com/profile/156533.htm","No"
"Bene Group LLC","Petre Kavtaradze str. #60 , Tbilisi, Georgia, 0186","","","https://www.freightnet.com/profile/250313.htm","No"
"Atlantis Global Solutions LLC","Georgia, City Poti, G. Saakadze Street, N 216 , Poti, Georgia, 4400","","","https://www.freightnet.com/profile/249295.htm","No"
"VEGA GROUP","TBILISI , Tbilisi, Tbilisi, 01019","","","https://www.freightnet.com/profile/215286.htm","No"
"Mirtekgeorgia","Alio mirtskhulava str , Tbilisi, Georgia, 0119","","","https://www.freightnet.com/profile/238503.htm","No"
"Megrex LLC","12 S. Zakariadze St. (The Opposite Side) , Tbilisi, Georgia, 0177","","","https://www.freightnet.com/profile/151777.htm","No"
"Oceannet Georgia Ltd","11 a Shatberashvili Street , Tbilisi, Ge, 0162","","","https://www.freightnet.com/profile/234051.htm","No"
"Metro Logistics","al kazbegi ave 24 g , al kazbegi ave 24 g, tbilisi, Georgia, 0117","","","https://www.freightnet.com/profile/227442.htm","No"
"Silk Road Line LTD","Shartava str 40 , Tbilisi, Georgia, 0160","","","https://www.freightnet.com/profile/214810.htm","No"
"Ace Forwarding Ltd","42, Gardabani, Highway , Tbilisi, Georgia, 0102","","","https://www.freightnet.com/profile/171053.htm","No"
"LINK LOGISTIC","Tsereteli Avennnue, XII block Apt 9 , Tbilisi, Georgia, 0119","","","https://www.freightnet.com/profile/113705.htm","No"
"Abu Jorjia","Kazbegi 24G , Tbilisi, Georgia, 0160","","","https://www.freightnet.com/profile/206494.htm","No"
"Express trans-shipment services","Poti, Gegidze str. 15 , Tbilisi, Saakadze descent #6/6th floor, Poti, Georgia, 4400","","","https://www.freightnet.com/profile/169016.htm","No"
"geoinspect / geoshipping","Batumi Gorgasali str. 110 / 112 , Batumi, Batumi / Georgia, 2010","","","https://www.freightnet.com/profile/143992.htm","No"
"G&L Company LLC","Liepaias str 12 , POti, Georgia, 4400","","","https://www.freightnet.com/profile/193260.htm","No"
"G&L Company LLC","Poti, Liepaia Str.,12 , Poti, Georgia, 4400","","","https://www.freightnet.com/profile/190173.htm","No"
"EISA - Economou international shipping Agencies Ukraine","1A Mytna Square, Marine Plaza Centre, 65026 Odessa,, Tbilisi, T'bilisi, 0102","","","https://www.freightnet.com/profile/182017.htm","No"
"ACE Forwarding LTD","6 Zurab Chavchavadze Street , Ground Floor, Tbilisi, Tbilisi, 0102","","","https://www.freightnet.com/profile/82710.htm","No"
"Atulog Georgia 1LTD","Guramishvili str#35 , Poti, 995, 4400","","","https://www.freightnet.com/profile/168707.htm","No"
"BDS Logistic","2 Kipshidze street , Tbilisi, Georgia, 0162","","","https://www.freightnet.com/profile/161447.htm","No"
"ILCHIN Express Post","Tbilisi, Tolstoy Str.19 , zip 0102, Tbilisi, Georgia, 0102","","","https://www.freightnet.com/profile/157560.htm","No"
"VENGO GROUP LTD","37b Chavchavadze ave. , Tbilisi, Tbilisi, 0172","","","https://www.freightnet.com/profile/154402.htm","No"
"GK Group","al.kazbegi ave 12a , al.kazbegi ave 12a, Tbilisi, georgia, 0161","","","https://www.freightnet.com/profile/151245.htm","No"
"Georgia Trans Expedition ltd","Chiqobava str. #24 , Tbilisi, AA, 0102","","","https://www.freightnet.com/profile/133111.htm","No"
"Marine Shipping and Forwarding","Tsereteli Avenue 49/51 , Tbilisi, Georgia, 0100","","","https://www.freightnet.com/profile/145171.htm","No"
"Alba Logistics","9 april ave. 22/40 , Larnaka str.12, Poti, Georgia, 4400","","","https://www.freightnet.com/profile/144377.htm","No"
"Autologistics LTD","12a, Al. Kazbegi ave. , Tbilisi, Georgia, 0160","","","https://www.freightnet.com/profile/105082.htm","No"
"Greenway Logistic","7 Dadiani street , Karvasla Business Centre, 3rd Floor, Tbilisi, Georgia, 0101","","","https://www.freightnet.com/profile/134742.htm","No"
"Georgian Service Group","Ingorokva str 12 , Georgia, Tbilisi, 0108","","","https://www.freightnet.com/profile/113808.htm","No"
"EISA","12b Kazbegi Ave. , Tbilisi, Georgia, 0160","","","https://www.freightnet.com/profile/90970.htm","No"
"Euroasian Express Poti Ltd","10. Larnaka Str , , T, 0110","","","https://www.freightnet.com/profile/21602.htm","No"
"Euroasian Express Ltd","108, Paliashvili Str. , , T, GE-0162","","","https://www.freightnet.com/profile/5617.htm","No"
"GeoChina Trans","Gamrekeli street #8 , Tbilisi, Georgia, 0171","","","https://www.freightnet.com/profile/119962.htm","No"
"TAT LTD","G.Brtskinvale str.1 , Tbilisi, Georgia, 0103","","","https://www.freightnet.com/profile/102622.htm","No"
"Georgian Logistic Group","G.Kuchishvili str 12 , Tbilisi, 0179, 0179","","","https://www.freightnet.com/profile/119047.htm","No"
"Worldwide Energy Logistics Limited (WELL) Georgia","12 b Al. Kazbegi Avenue , , T, 0161","","","https://www.freightnet.com/profile/22325.htm","No"
"Logistics Solutions Ltd","74, Chavchavadze ave , Liberty Tower, 9-th floor, Tbilisi, Georgia, 0179","","","https://www.freightnet.com/profile/61766.htm","No"
"LTD TEZI","66,Paliashvili str.Tbilisi,Georgia , Tbilisi, Georgia, 0179","","","https://www.freightnet.com/profile/98146.htm","No"
"VIRA LTD","AGHMASHENEBELI., STR47 , POTI, GEORGIA, 4400","","","https://www.freightnet.com/profile/104316.htm","No"
"ITES","Mosashvili str. 24/26 , Tbilisi, Georgia, 380007","","","https://www.freightnet.com/profile/65526.htm","No"
"IB-Logistic","Niko Nikoladze 41/8 , Poti, Georgia, 4400","","","https://www.freightnet.com/profile/85886.htm","No"
"Albatros Shipping and Forwarding","47. Agmashenebeli str., Poti. Georgia , Poti, Georgia, 4400","","","https://www.freightnet.com/profile/84239.htm","No"
"Caucastransexpress","10A Tashkenti st. , 12 b khazbegi st., Tbilisi, Georgia, 0160","","","https://www.freightnet.com/profile/92719.htm","No"
"WORLD EX","Gagarini str. #5 , , T, 0160","","","https://www.freightnet.com/profile/47230.htm","No"
"Gi Anti Ltd","3 V. Gabashvili st , , T, 1100","","","https://www.freightnet.com/profile/21297.htm","No"
"Worldex Ltd","Kostava 1st lane #11 , , T, 0179","","","https://www.freightnet.com/profile/22254.htm","No"
"IZALA GEORGIA LOGISTICS","Tbilisi Str.47 , TBILISI, GEORGIA, 0163","","","https://www.freightnet.com/profile/61546.htm","No"
"IZALA GEORGIA LOGISTICS","Tbilisi , , Georgia, 0163","","","https://www.freightnet.com/profile/52769.htm","No"
"Wilhelmsen Ships Service","5, Kutaisi Street , , T, 6003","","","https://www.freightnet.com/profile/50866.htm","No"
"FORMAG GEORGIA LTD","Georgia, Tbilisi, Al. Kazbegi av, 12a , Georgia, Poti, Agmashenebeli str. 7, Tbilisi, Georgia, 0160","","","https://www.freightnet.com/profile/50108.htm","No"
"FORMAG GEORGIA LTD","GEORGIA,TBILISI, AL.KAZBEGI av. 12a , GEORGIA, POTI, Agmashenebeli str.7, TBILISI, GEORGIA, 0160","","","https://www.freightnet.com/profile/50063.htm","No"
"D&G Transcompany Ltd.","Agmashenebeli av. 154 , 70 Kostava St., Tbilisi, Georgia, 0112","","","https://www.freightnet.com/profile/4929.htm","No"
"D&G Transcompany","154, Agmashenebeli Av , , T, 0112","","","https://www.freightnet.com/profile/14936.htm","No"
"Gi Anti","gulia sq. , , T, 0114","","","https://www.freightnet.com/profile/50485.htm","No"
"Trans Georgia Ltd","Nutsubidze Street, Block 26, App.47 , , T, 0183","","","https://www.freightnet.com/profile/16390.htm","No"
"Caravan Shipping","12 Isakadze Str , , T, 0107","","","https://www.freightnet.com/profile/17863.htm","No"
"Caucastransexpress Ltd","10A, Tashkent street , , T, 0160","","","https://www.freightnet.com/profile/22213.htm","No"
"Continental Trans Company","8a Leipaia str , , T, 4400","","","https://www.freightnet.com/profile/23303.htm","No"
"AGONTA LTD","Mitskevich str. 27 , Tbilisi, Kartli, 0194","","","https://www.freightnet.com/profile/24336.htm","No"
"MyGps","Aslanidi , Tbilisi, Ge, 380005","","","https://www.freightnet.com/profile/45422.htm","No"
"FETA GROUP","Kostava Str.8/47 , Tbilisi, Georgia, 0112","","","https://www.freightnet.com/profile/62570.htm","No"
"Cargomarket","Kazbegi Str.24g , Tbilisi, Georgia, 0177","","","https://www.freightnet.com/profile/64341.htm","No"
"Liberty Trans LLC","34 Chavchavadze ave. , Tbilisi, Georgia, 0162","","","https://www.freightnet.com/profile/96892.htm","No"
"Newtransport LTD","57 St.Giorgi st , Poti, Georgia, 4400","","","https://www.freightnet.com/profile/133843.htm","No"