"name","address","phone","website","profileUrl","isPremiumMember"
"Lager.de Berlin Spandau","Rauchstraße 21 , Berlin, Berlin, 13587","","","https://www.freightnet.com/profile/246207.htm","No"
"Stravex Transport- und Handels GmbH","Altenwerder Hauptstr 17 , Hamburg, Germany, 21129","","","https://www.freightnet.com/profile/96337.htm","No"
"WILMS Tiefkühl-Service GmbH","Sohlweg 2 , Niederkrüchten, Nordrhein-Westfalen, 41372","","","https://www.freightnet.com/profile/9693.htm","No"
"M2Logistik GmbH","Henleinstr. 1 , Markt Schwaben, Munchen, Bayern, 85570","","","https://www.freightnet.com/profile/13359.htm","No"
"Skorppio Deutschland GmbH","Pinkertweg 1 , , Hamburg, 22113","","","https://www.freightnet.com/profile/17169.htm","No"