"name","address","phone","website","profileUrl","isPremiumMember"
"gartmas","P.O Box MR 2020 , Takoradi, Ghana, 00233","","","https://www.freightnet.com/profile/118038.htm","No"
"Oscar marine","Tema Community 1 , Tema, Accra, 00233","","","https://www.freightnet.com/profile/214620.htm","No"
"KSK SHIP SERVICES LTD","Pine cL community 12 Tema , Tema, Ghana, +233","","","https://www.freightnet.com/profile/197756.htm","No"
"CANNANDSONS COMPANY LIMITED","south effikuma estate T152 , TAKORADI, GHANA, +233","","","https://www.freightnet.com/profile/137740.htm","No"
"Atomium Marine","P.O.BOX AX 1904 , Takoradi, Western, 00233","","","https://www.freightnet.com/profile/117148.htm","No"
"BLESSING SHIP SERVICES","CO-OP  #073CO-OPERATIVE COMM 8TEMA, GHANA , TEMA, GHANA, 00233","","","https://www.freightnet.com/profile/108764.htm","No"
"Vigastar","P.O.Box AT 2110 Achimota , Accra, Greater Accra,","","","https://www.freightnet.com/profile/23231.htm","No"