"name","address","phone","website","profileUrl","isPremiumMember"
"MERILINE LOGISTICS LIMITED","P.O.BOX KIA 30615 , AIRPORT, ACCRA, +233","","","https://www.freightnet.com/profile/143559.htm","No"
"Harmony Maritime Limited","Emmanuel Quist Street, Hova House , Suite 202, Community 8, Tema, Ghana, 233","","","https://www.freightnet.com/profile/140485.htm","No"
"Chris Logistics","Plot 10, New Obgojo Police Station , Ashaley Botwe, Ghana, 00233","","","https://www.freightnet.com/profile/173172.htm","No"
"cyborgee express co. ltd","accra central , accra, accra airport, +233","","","https://www.freightnet.com/profile/132534.htm","No"
"IAS GHANA LTD","136 airport West, Accra Ghana , 60 Mango Tree Avenue, Accra, Ghana, 233","","","https://www.freightnet.com/profile/104445.htm","No"
"Royal Kaskot Services","Box WJ252 , Weija, SCC, Accra, Greater Accra, Ghana, GH233","","","https://www.freightnet.com/profile/117386.htm","No"