"name","address","phone","website","profileUrl","isPremiumMember"
"Maestro Logistics S.A","Ag. Spyridona 23, Piraeus, Greece, 18535","+306974173370","https://maestro-logistics.com/","https://www.freightnet.com/profile/249067.htm","Yes"
"Onitas Hellas","Agioriton Pateron 21 Str., Thessaloniki, Central Macedonia, 57001","+302310530126","http://www.onitas-hellas.gr/","https://www.freightnet.com/profile/52235.htm","Yes"
"ARIAN MARITIME SA","Filonos 133A, PIRAEUS, GREECE, 18536","2104170211","http://www.arianmaritime.gr/","https://www.freightnet.com/profile/169259.htm","Yes"
"UNION LOGISTICS SA","16, AKTI MOUTSOPOULOU STREET , PIRAEUS, ATHENS, GREECE, 18535","","","https://www.freightnet.com/profile/220822.htm","No"
"Nest LTD","Miltiadou 19 , Glyfada, Greece, 16675","","","https://www.freightnet.com/profile/263948.htm","No"
"Euromare Forwarding Ltd","6-8 Fragon str , Thessaloniki, 546 26","","","https://www.freightnet.com/profile/18597.htm","No"
"Thalassa Maritime Services & Logistics","VIKTOROS HUGO 14 , THESSALONIKI, GREECE, 54625","","","https://www.freightnet.com/profile/174141.htm","No"
"Red Lines Logistics Ltd","98 Kolokotroni Street , Piraeus, Attica, 18535","","","https://www.freightnet.com/profile/17834.htm","No"
"SKG Thessaloniki Cargo Services","21, Kountouriotou str , Thessaloniki, Center, 546 25","","","https://www.freightnet.com/profile/135778.htm","No"
"Planet Trans Int. Ltd","Veranzerou 30 , Athens, Attika, 10432","","","https://www.freightnet.com/profile/2445.htm","No"
"Cargo & Freight Services Ltd","26 October Street 90 , Porto Center Office 502, Thessaloniki, Greece, 54627","","","https://www.freightnet.com/profile/181816.htm","No"
"WTS Logistics","Ag.Dimitriou Str. 41 , Piraeus, Greece, 18546","","","https://www.freightnet.com/profile/249376.htm","No"
"Actimar Shipping Co.","18A Spyrou Labrou str. , Piraeus, Attiki, 18538","","","https://www.freightnet.com/profile/10196.htm","No"
"INTERWAYS SA","12 Etolikou street , Piraeus, Greece, 18545","","","https://www.freightnet.com/profile/218832.htm","No"
"AEGEAN SHIPPING AGENCY","7, Karatasou str. , THESSALONIKI, THESSALONIKI, 54626","","","https://www.freightnet.com/profile/170001.htm","No"
"Nivice","Thesis Kelia Kimi Evias , Kimi, Greece, 34003","","","https://www.freightnet.com/profile/232710.htm","No"
"AKTIS SHIPPING AND FORWARDING LTD","HATZIKYRIAKOU AVENUE 27-31 , PIRAEUS, ATTICA, 18538","","","https://www.freightnet.com/profile/184618.htm","No"
"LOADIT","Arhailogikoy Mouseioy 17 , Thessaloniki, Thessaloniki, 54640","","","https://www.freightnet.com/profile/225007.htm","No"
"Marinair Cargo Services Ltd","97, Akti Miaouli , Piraeus, Attica, 185 38","","","https://www.freightnet.com/profile/187592.htm","No"
"Tas Trans Ltd","Skra 4 Voula , Athens, Attika, 16673","","","https://www.freightnet.com/profile/4106.htm","No"
"L.G. TRANS Ltd.","113 Filonos Str. Piraeus Port , Piraeus, Piraeus, GR-18535","","","https://www.freightnet.com/profile/195118.htm","No"
"ΩRION FREIGHT","4-6 D. Gounari str. , Piraeus, Greece, 18531","","","https://www.freightnet.com/profile/172716.htm","No"
"BISTIS","57 TINOU STR , KYPSELI, ATHENS, ATTICA - GREECE, 11361","","","https://www.freightnet.com/profile/153420.htm","No"
"EXPRESS LINES D.A.","LEOF.DIMOKRATIAS82 , ASPROPYRGOS, GREECE, 19300","","","https://www.freightnet.com/profile/183210.htm","No"
"Euro Container Services","Grigoriou Lampraki 44 , Kifisia, Greece, 14561","","","https://www.freightnet.com/profile/151694.htm","No"
"Aegean Shipping Agency L.P.","7, Karatasou str. , Thessaloniki, GREECE, GR54626","","","https://www.freightnet.com/profile/8416.htm","No"
"CARGO INTERLAND","L.PORFYRA 32 , PIRAEUS, GREECE, 18539","","","https://www.freightnet.com/profile/154849.htm","No"
"GATE LINE","Kalochori - Thessaloniki , Thessaloniki, Greece, 54628","","","https://www.freightnet.com/profile/160026.htm","No"
"CARGO TRACKERS","ΑΚΤΗ ΙΩΝΙΑΣ 36 , ΚΕΡΑΤΣΙΝΙΟΥ, ΕΛΛΑΔΑ, 18755","","","https://www.freightnet.com/profile/158794.htm","No"
"T.P.S. GREECE S.A.","13, N. KOUNTOURIOTOU Str , THESSALONIKI, GREECE, 54625","","","https://www.freightnet.com/profile/86553.htm","No"
"Antips Cargo","26 Trikalon St. Ambelokipi  , 8 Kandanou St. Ambelokipi, Athens, Athens, 11526","","","https://www.freightnet.com/profile/149195.htm","No"
"VLP Hellas S.A.","Thesi Skarpa  , Aspropirgos, Attika, 19300","","","https://www.freightnet.com/profile/44511.htm","No"
"VENIERIS MARITIME S.A.","2 Navarinou , 4th Floor, Piraeus, Greece, 18531","","","https://www.freightnet.com/profile/146244.htm","No"
"PHOENIX ECTS LIMITED","Akti Miaouli 85 , PIRAEUS, ATTICA, GR-18538","","","https://www.freightnet.com/profile/140936.htm","No"
"Contact Air","El. Venizelou 6, Argyroupolis , Athens, Greece, 164 52","","","https://www.freightnet.com/profile/140131.htm","No"
"ARPA SA","10 KLM THESSALONIKIS-POLIGIROU , THERMI, THESSALONIKI, GREECE, 57001","","","https://www.freightnet.com/profile/136980.htm","No"
"Aektemar Forwarding Ltd","2 Andrianoupoleos Str. , Keratsini, Piraeus, Attika, 187 56","","","https://www.freightnet.com/profile/648.htm","No"
"Eurotrans Group of Companies","Sotiros Dios 13-15 , Piraeus, Attika, 18535","","","https://www.freightnet.com/profile/10320.htm","No"
"IONIAN NAVIGATION&MANAGEMENT Co Ltd","7,IRODOU ATTIKOU STR , KIFISIA,ATHENS, GREECE, 14561","","","https://www.freightnet.com/profile/136125.htm","No"
"Cargo Group Services","5-7 Filellinon str , Piraeus, GREECE, 18536","","","https://www.freightnet.com/profile/133641.htm","No"
"FREEMAR LIMITED","7 SOTIROS DIOS STR. , PIRAEUS, GREECE, 18535","","","https://www.freightnet.com/profile/48798.htm","No"
"Gold Star Shipping SA","Notara Str.117 , Piraeus, Greece, 18535","","","https://www.freightnet.com/profile/110963.htm","No"
"EASTERN TRANS","215, SALAMINOS AVENUE , KERATSINI, GREECE, 18756","","","https://www.freightnet.com/profile/131714.htm","No"
"Volos International Transports Ltd","1, K. Kartali Street , Volos,","","","https://www.freightnet.com/profile/6856.htm","No"
"Fairplay SA","5, Koleti St. , , Thessaloniki, 54627","","","https://www.freightnet.com/profile/20008.htm","No"
"Eurotrans Logistics","FILONOS 97-99 , Piraeus, ATTIKI, 18535","","","https://www.freightnet.com/profile/8437.htm","No"
"Phoenix Ects Limited","Akti Miaouli 85 , Piraeus, Attika, 18538","","","https://www.freightnet.com/profile/11740.htm","No"
"Horizon co","4, Salaminos str , , Thessaloniki,","","","https://www.freightnet.com/profile/8663.htm","No"
"olympias sa","agias sophias , athens, greece, 19300","","","https://www.freightnet.com/profile/92472.htm","No"
"CARGO TRUST MON.I.K.E","KATOUNI 3 , THESSALONIKI, Greece, 54625","","","https://www.freightnet.com/profile/114165.htm","No"
"STEFANIDIS SPECIAL TRANSPORT","21 Artis str. , Thessaloniki, Greece, 56334","","","https://www.freightnet.com/profile/110746.htm","No"
"MEDAL LINES (GREECE)","Venizelou 4 , , Thessaloniki, 54624","","","https://www.freightnet.com/profile/51474.htm","No"
"FREEMAR LIMITED","7 SOTIROS DIOS STREET , Piraeus, Attika, 185 35","","","https://www.freightnet.com/profile/52528.htm","No"
"EasyCargo ltd","Prousis 1, Keratsini , Piraeus, Greece, 18755","","","https://www.freightnet.com/profile/107891.htm","No"
"HELLENIC & INTERNATIONAL TRANSPORT SYSTEMS LTD","13 Vakchou street , Vari, Attica, 16672","","","https://www.freightnet.com/profile/86241.htm","No"
"Orphee Beinoglou International Forwarders SA","Orphee Beinoglou Building , Syngrou Ave Kallithea, Athens, 176 74","","","https://www.freightnet.com/profile/785.htm","No"
"Atlantis S.A Freight forwarding","43, 26th October Str , Thessaloniki, Greece, 54627","","","https://www.freightnet.com/profile/100926.htm","No"
"cargoline ltd","N.Maltezou 39 , Athens, Greece, 17455","","","https://www.freightnet.com/profile/97855.htm","No"
"CARGO LINE HELLAS","N.MALTEZOU 39 str. , Athens, GREECE, 17455","","","https://www.freightnet.com/profile/97938.htm","No"
"ESH Int'l Transport","25, Dimokratias , 35, Evripidou, Athens, Piraeus, 18755","","","https://www.freightnet.com/profile/96713.htm","No"
"Eleftheroudis General Shipping Enterprises","33, Akti Miaouli Str , Piraeus, 18535","","","https://www.freightnet.com/profile/9627.htm","No"
"B B Vassiliadis V Co","P O Box 80470 , Piraeus, Piraeus, 185 10","","","https://www.freightnet.com/profile/647.htm","No"
"AC PHOENIX ECTS LIMITED","Akti Miaouli 85 , Piraeus, Attica, 185 38","","","https://www.freightnet.com/profile/63680.htm","No"
"SEAWAY SA","16 IPEIROU STR , KALOCHORI, THESSALONIKI, 57009","","","https://www.freightnet.com/profile/64260.htm","No"
"PRIMEWAY GLOBAL FREIGHT FORWARDERS S.A.","310 EL. VENIZELOU STREET , KALLITHEA, Athens, Attika, 176 75","","","https://www.freightnet.com/profile/42579.htm","No"
"AP Penta International Forwarding","Tsamadou 67 , Piraeus, 18532","","","https://www.freightnet.com/profile/18033.htm","No"
"Charalambidis George S.A.","57-61 Evripidou St. , Athens, Attika, 105 54","","","https://www.freightnet.com/profile/2151.htm","No"
"CargoStar","24, Andrea Koumbi Str. , Markopoulo, Athens, Greece, GR19003","","","https://www.freightnet.com/profile/82950.htm","No"
"Safeway Transport","1 Pandoras Street , Glyfada, Athens, Attika, 166 74","","","https://www.freightnet.com/profile/52753.htm","No"
"Medtainer S.A.","2, Gounari Str. , Piraeus, Attika, 18531","","","https://www.freightnet.com/profile/2739.htm","No"
"Orient Shipping & Contracting Greece S.A.","247 Syngrou , Athens, Attika,","","","https://www.freightnet.com/profile/6403.htm","No"
"Omega International Transport SA","18 Hellinidon Street , Paleo Faliro, Athens, Attika, 175 64","","","https://www.freightnet.com/profile/784.htm","No"
"CARGO BOOK S.A.","DRAGATSANIOU 63 , PIRAEUS,","","","https://www.freightnet.com/profile/6879.htm","No"
"TEU SA","Politechnioy 21 , Thessaloniki, 54626","","","https://www.freightnet.com/profile/9306.htm","No"
"Unifreight International Ltd","8, Kanari Street , Piraeus, Attika, GR18538","","","https://www.freightnet.com/profile/1730.htm","No"
"Krems Sped Hellas Ltd","1 Mak Milan st. , Athens, Attiki,","","","https://www.freightnet.com/profile/7484.htm","No"
"George Charalambidis Lymberpa S.A","Ethnikis Antistaseos 38 , Drapetsona, P O Box 3086, Piraeus, Attika, 102 10","","","https://www.freightnet.com/profile/2025.htm","No"
"Express Global Forwarding LTD","98,Artakis street , Nea Smirni, Athina, Greece, 17123","","","https://www.freightnet.com/profile/51134.htm","No"
"Pioneer","Tsamadou 17 , Piraeus, Attika, 18531","","","https://www.freightnet.com/profile/23335.htm","No"
"AE Intersea Co","3 Katouni str  , , Thessaloniki, 54625","","","https://www.freightnet.com/profile/20827.htm","No"
"Hellenic Transport Services Ltd","Gounari 15, Piraeus, 185 31","","","https://www.freightnet.com/profile/645.htm","No"
"Proodos SA","P O Box 75185 , Athens, Attika, 176 10","","","https://www.freightnet.com/profile/786.htm","No"
"Tuctor Hellas Ltd","4-6 Bouboulinas St , Keratsini, Piraeus, Attika, 18755","","","https://www.freightnet.com/profile/791.htm","No"
"Vitesse Ltd Int. Forwarders","Militou Str. 183 , Athens, Attika, 16451","","","https://www.freightnet.com/profile/792.htm","No"
"IMPERIO FORWARDING AGENT SA","11-13 MAVROKORDATOU STREET , Piraeus, Attika, 18538","","","https://www.freightnet.com/profile/1086.htm","No"
"Efthymiadis Intl Transports Logistics & Distribution Ltd","Skra 1-3 , Kalithea, Athens, Attika, 176 73","","","https://www.freightnet.com/profile/1187.htm","No"
"Delpa S.A.","46, Filonos Str. , Piraeus, Attika, 18535","","","https://www.freightnet.com/profile/1434.htm","No"
"Intergruz Ltd","Akti Ionias Str.26 , Piraeus, Attika, 18755","","","https://www.freightnet.com/profile/2358.htm","No"
"Elefsis Shipagency","29 Str. Kanellopoulou , Elefsis, Attika, 19200","","","https://www.freightnet.com/profile/3689.htm","No"
"El.Phi.El. Shipping Enterprises Inc","33, Akti Miaouli Str , 22, Kavvadia Str, Piraeus, Attika, 18535","","","https://www.freightnet.com/profile/4403.htm","No"
"Transinter","37, Xenofontos Str , Kallithea, Athens, Attika, 17673","","","https://www.freightnet.com/profile/4520.htm","No"
"Contrade International Transports","Kapodistriou 24 , Piraeus, Attika, 18531","","","https://www.freightnet.com/profile/4637.htm","No"
"AE C Spyrou Air Exelixi","Vouliagmenis 6 167 77 , Hellinikon, Athens, Attika, 167 77","","","https://www.freightnet.com/profile/5221.htm","No"
"Union Freight Ltd","Germanika str. , Thesi Germanika, Aspropirgos, Attika,","","","https://www.freightnet.com/profile/6148.htm","No"
"CONTRUST LTD","9 Shistou Ave. , Keratsini, Piraeus, 187 57","","","https://www.freightnet.com/profile/7572.htm","No"
"Dealmar Shipping","27-31 Hatzikiriakou Ave , Piraeus,","","","https://www.freightnet.com/profile/8573.htm","No"
"Paul Raptopoulos","4  Venizelou street , Thessaloniki, 54624","","","https://www.freightnet.com/profile/9702.htm","No"
"Cargo Group Services","81 Akti Miaouli , Piraeus, Attika, 18538","","","https://www.freightnet.com/profile/10367.htm","No"
"Panmar Ltd","12, Etolikou Street , Piraeus, Attika, 18545","","","https://www.freightnet.com/profile/13167.htm","No"
"Seagull Limited","85, Akti Miaouli & 2, Flessa Str , Piraeus, Attika, 18538","","","https://www.freightnet.com/profile/14721.htm","No"
"Kapa Beta Shipping Company Limited","145, Filonos street , Piraeus, Attika, 18536","","","https://www.freightnet.com/profile/14991.htm","No"
"ACE Logistics Stamoulis C. & Co","3, Michalinou str , Drapetsona, Piraeus, 18648","","","https://www.freightnet.com/profile/18494.htm","No"
"Delta Maritime Ltd","Doxis 4 Street , Thessaloniki, 54625","","","https://www.freightnet.com/profile/19522.htm","No"
"George Charalambidis Lymberpa SA","1 George Charalambidis Drive, Proek.Sporadon , Koropi Industrial Zone, Athens, Attika,","","","https://www.freightnet.com/profile/20119.htm","No"
"General Overseas Traffic","PLATONOS 83 & 25th MARCH STR., 105 , Keratsini, Piraeus, Attika, 187 56","","","https://www.freightnet.com/profile/21540.htm","No"
"STEFMAR LTD","66 Dragatsaniou st , Piraeus, Greece, 185 45","","","https://www.freightnet.com/profile/64633.htm","No"
"VK Cargo","92-94 Kolokotroni Str. , Piraeus, Greece, 18545","","","https://www.freightnet.com/profile/90857.htm","No"
"M. Hamburger Successors Ltd","61-65 Filonos Street , Piraeus, Attiki, 18535","","","https://www.freightnet.com/profile/113121.htm","No"