"name","address","phone","website","profileUrl","isPremiumMember"
"JRC Logistics, LLC","P.O. Box 315273 , Tamuning, Guam, USA, 96931","","","https://www.freightnet.com/profile/49069.htm","No"
"Asia Pacific Solutions, LLC","9242 So. 51st St , Phoenix, Arizona, 85044","","","https://www.freightnet.com/profile/24216.htm","No"
"All Movers Palau","Happy Fish PRA Bldg. Medalaii Hamlet, P.O. Box 6084 , Koror, Koror, 96940","","","https://www.freightnet.com/profile/148685.htm","No"
"Kwikspace Guam, Inc","P.O. Box 3278 , Hagatna (Andersen AFB), Guam, 96932","","","https://www.freightnet.com/profile/5018.htm","No"
"CTSI Logisitics","278 Leon Guerrero Drive , P.O. Box 6067, Tamuning, Guam, 96931","","","https://www.freightnet.com/profile/11377.htm","No"
"Guam Courier Express","P.O Box 10401 , Tamuning, Guam, 96931","","","https://www.freightnet.com/profile/11552.htm","No"