"name","address","phone","website","profileUrl","isPremiumMember"
"BIL LOGISTICS LLC","Lambayi Junction, Ratoma , Conakry, Conakry, 00000","+224628911306","","https://www.freightnet.com/profile/265917.htm","Yes"
"KBS GUINEE","8th Avenue Koulewody, Kaloum - Conakry , 5e ETAGE IMMEUBLE AL-ZAHARA, CONAKRY, guinea, N/A","","","https://www.freightnet.com/profile/265818.htm","No"
"Sierra Guinee Logistics","Wareah, Commune De Ratoma , Lambanyi, Conakry, Conakry, 224","","","https://www.freightnet.com/profile/174292.htm","No"
"ASTERIX GROUPE","Conakry - Rep of Guinea , Conakry, Guinea, 001","","","https://www.freightnet.com/profile/191580.htm","No"
"Aaroco Global Ltd","5. Coleah Route Niger, Conakry, Guinea  , Conakry, Guinea, 23001","","","https://www.freightnet.com/profile/148910.htm","No"
"KBS GUINEE","Matam sankoubaya autoroute , Immeuble Drame, conakry, conakry, bp3223","","","https://www.freightnet.com/profile/140503.htm","No"