"name","address","phone","website","profileUrl","isPremiumMember"
"PREMIER INT'L MOVERS (HK) LTD.","RM A8, BLK A, 7/F, KAILEY IND. CTR., 12 FUNG YIP STREET,, CHAI WAN, HK, 070","85225059788","","https://www.freightnet.com/profile/101469.htm","Yes"
"Hansen Exhibition Forwarding Ltd.","Unit 13, 13/F., New Commerce Centre , 19 On Sum Street, Siu Lek Yuen, Shatin, N.T., Hong Kong,","","","https://www.freightnet.com/profile/16823.htm","No"
"Adsale Exhibition Services Limited","Units 1101-6, 11/F, Island Place Tower , 510 King's Road, North Point, Hong Kong,","","","https://www.freightnet.com/profile/17958.htm","No"
"Schenker International (HK) Ltd","Exhibition & Event Department , 38/F China Resources Building 26 Harbour Road, Hong Kong,","","","https://www.freightnet.com/profile/16723.htm","No"
"Trans-Link Exhibition Forwarding (HK) Ltd","29/F., Fook Lee Commercial Centre , Town Place, No.33 Lockhart Road, Wan Chai, Hong Kong,","","","https://www.freightnet.com/profile/16824.htm","No"