"name","address","phone","website","profileUrl","isPremiumMember"
"International Freight Forwarder Fellowship","Rm.601, 6/F, Tai Yip Building, 141 Thomson  Road, Wanchai, Hong Kong , -, Hong Kong, 329506","","","https://www.freightnet.com/profile/259862.htm","No"
"REACH Alliance","Unit 1406, 14F, The Broadway , Wanchai, Wanchai, 0000","","","https://www.freightnet.com/profile/137502.htm","No"
"Neptune Cargo Network","Unit 1406, 14F, The Broadway, 54-62 Lockhart Road, Wanchai, Hong Kong , Wanchai, Wanchai, 0000","","","https://www.freightnet.com/profile/137501.htm","No"
"China Logistics Club Ltd","Suite 2202, Tung Chiu Comm. Centre, 193 Lockhart Road, Hong Kong, Wan Chai, HK","","","https://www.freightnet.com/profile/22160.htm","No"
"SZUEM EXPRESS LTD.","Unit 1209 , 12/F Tower B, HungHom Commercial Centre , HungHom, Kowloon, Hong Kong, 852","","","https://www.freightnet.com/profile/16312.htm","No"
"African Logistics Club","Suite 2202, Tung Chiu Commercial Center , 193 Lockhart Road, Wan Chai, Hong Kong, hk","","","https://www.freightnet.com/profile/43000.htm","No"