"name","address","phone","website","profileUrl","isPremiumMember"
"Trinity International Freight Ltd","Flat A , 5/F , Wah Shun Industrial Building, No 4 , Cho Yuen Street , Yau Tong , KLN, Hong Kong,","+852 2349 7911","","https://www.freightnet.com/profile/9514.htm","Yes"
"Inter Pacific Express, Inc.    ( Inter Pacific Group Int'l Ltd )","USA :       507S Stoneman Ave, Unit A Alhambra,      CA91801, California,   USA.                          , HKG : 11/F Jing Ho Ind. Bldg., 78-84 Wang Lung St., Tsuen Wan, N.T., Hong Kong, Los Angeles; New York;, Hong Kong; Qingdao;, CA91801 / HK0000","+852-25469692 / + 1-626-282-9982","http://www.ipexpress.com/","https://www.freightnet.com/profile/153588.htm","Yes"
"HONG KONG ESENG INTERNATIONAL CO., LIMITED","No.27, 12F, Block I, Golden Industrial Bldg, Nos.16-26 Kwai Tak Street, Kwai Chung, N.T, HK, HONG KONG, CHINA, 999999","+85282875709","","https://www.freightnet.com/profile/260452.htm","Yes"
"CHINA E-CARGO LTD.","29-31F , THE GATEWAY , TOWER 5 , HARBOUR CITY , 15 CANTON ROAD, KOWLOON, HONG KONG, 00000","","","https://www.freightnet.com/profile/265885.htm","No"
"HIT LOGISTICS (SHENZHEN) CO.,LTD.","2908,Shenrun Building,1001 Shennan East Road, Luohu District, Shenzhen. , luohu, China, 518000","","","https://www.freightnet.com/profile/265016.htm","No"
"Sky Cargo Logistics Ltd","Unit 10, 14/F Mai Wo Ind Building, 90 Kwai Cheong Road, Kwai Chung, Hong Kong, -","","","https://www.freightnet.com/profile/162675.htm","No"
"Sea Global Line (HK) Ltd","Unit 1909, 19/F.,Global Gateway Tower, 63 Wing Hong Street, Cheung Sha Wan, Kowloon, Hong Kong, HONG KONG, CHINA, 999077","","","https://www.freightnet.com/profile/228138.htm","No"
"Free Trade Logistics Limited,","Flat 2001, 20/F, Multifield Centre , 426 Shanghai Street, Mong Kok, Hong Kong, HKG","","","https://www.freightnet.com/profile/191870.htm","No"
"Integrity Cargo Service Ltd.","Yip Fung Industrial Building , Kwai Chung, Hong Kong, nil","","","https://www.freightnet.com/profile/128580.htm","No"
"ZAZ Shipping HK Limited","Unit 2305, Metro Plaza Hing Fong Road, KWAI HING , KWAI CHUNG NEW TERRITORIES, NEW TERRITORIES, Hong Kong, 223","","","https://www.freightnet.com/profile/245568.htm","No"
"Team Logistics (HK) Ltd.","Workshop 05, 2/F, International Enterprise Center II , 73 Chai Wan Kok Street, Tsuen Wan, N.T., Hong Kong, Nil","","","https://www.freightnet.com/profile/136906.htm","No"
"Sinstar Global Limited","RM 1137 LIVEN HOUSE , 61 KING YIP ST, KUNT TONG, HONG KONG, 999999","","","https://www.freightnet.com/profile/262815.htm","No"
"Fast Cargo Solution","Unit A01, 10/Floor, Block A, East Sun Industrial Centre  , No. 16, Shing Yip Street, Kwun Tong, Kowloon, China, 999077","","","https://www.freightnet.com/profile/249569.htm","No"
"JOINT MERIT INT'L LOGISTICS LTD","FLAT 1, 9/F., BLOCK B, TEXACO ROAD IND CENTRE, 14-22 WANG LUNG STREET, TSUEN WAN, N.T., HONG KONG. , HONG KONG, HKSAR, XX","","","https://www.freightnet.com/profile/113493.htm","No"
"Win Sino Cargo (H.K) Ltd.","Flat I, 15/F, Block 1, Golden Dargon Ind Centre, 152-160 Tai Lin Pai Road, Kwai Chung, N.T, Hong Kong, HKG","","","https://www.freightnet.com/profile/186102.htm","No"
"Helin trading co limited","ROOM 182 BEVERLY HOUSE 93-107 LOCKHART ROAD WAN CHAI , WAN CHAI, hongkong, 999077","","","https://www.freightnet.com/profile/251188.htm","No"
"M & W CHINA LIMITED","RM608,GUANGSHEN BLDG.2023# SHENNAN  EAST ROAD,SHENZHEN,CHINA , Guangdong, shenzheng, 518000","","","https://www.freightnet.com/profile/258666.htm","No"
"X JETTY Co., Ltd. Guangzhou Branch","2001B, Greenland Center, 662 Huangpu Avenue, Tianhe District, Guangzhou, Guangdong, China , Guangzhou, Huangpu, 510630","","","https://www.freightnet.com/profile/254924.htm","No"
"WE CARRY PLUS COMPANY LIMITED","Rm14, 4F Blk A Hi-Tech Ind Ctr , 5-21 Pak Tin Par St Tsuen Wan, N.T., Hong Kong, 999077","","","https://www.freightnet.com/profile/153889.htm","No"
"DocShipper","Office C, 23 / F., COS Center, 56 Tsun Yip St, Kwun Tong, Hong Kong , Kwun Tong, hong kong, 999077","","","https://www.freightnet.com/profile/209811.htm","No"
"MingHua Logistics Trading Co Ltd","Rm A1 25/F  Kin Ga Industrial Building 9 San on Street Tuen Mun, Hong Kong , Hong Kong, Hong Kong, 852","","","https://www.freightnet.com/profile/151601.htm","No"
"Initial Express Limited","Unit C1, 8/F, TML Tower, 3 Hoi Shing Rd, Hong Kong, Hong Kong, 000000","","","https://www.freightnet.com/profile/252262.htm","No"
"Global Freight Solution Limited","Workshop 6, 9th Fl, Cameron Sino Technology Centre , No.73 Chai Wan Kok Street, Tsuen Wan, NT, Hong Kong, 852","","","https://www.freightnet.com/profile/91857.htm","No"
"Crosslink Logistics Limited","Unit C1, 5/f., Wui Wah Fty Building, No. 1035-1037 Yee Kuk West Street, Lai Chi Kok, Kowloon, Hong Kong,","","","https://www.freightnet.com/profile/14760.htm","No"
"NINGBO YUNHUI INTERNATIONAL FREIGHT FORWARDING CO. LTD","No. 796 Yao'ai Road, Yinzhou District, Ningbo City, Zhejiang Province, Dongcheng International (08-07) , JIANGDONG, NINGBO CITY, 315040","","","https://www.freightnet.com/profile/253293.htm","No"
"Evergrande INTL Logistics","No.22 Yuechang Road, Fuyong Street, Baoan District, Shenzhen, P.r.china , SHENZHEN, FUTIAN, SSQ","","","https://www.freightnet.com/profile/221894.htm","No"
"SHANGHAI XINHONG LOGISTICS CO.,LTD","RM1121-1122,NO.289 WUJIN ROAD, HONGKOU, SHANGHAI, CHINA , Shanghai, China, 200201","","","https://www.freightnet.com/profile/246452.htm","No"
"Y-SOURCE INTERNATIONAL (HONG KONG) LIMITED","FLAT/ROOM 604, 6/F EASEY COMMERCIAL BUILDING, 253-261 HENNESSY ROAD  , WANCHAI, HONG KONG, 999077","","","https://www.freightnet.com/profile/216206.htm","No"
"Ferris Air Cargo Services","Hong Kong  , Hong kong, Hongkong, N/a","","","https://www.freightnet.com/profile/248565.htm","No"
"Wagon logistics Ltd.","FLAT B08, 4/F, LEAD ON IND BLDG., NO.18, NG FONG ST., SAN PO KONG, KOWLOON, H.K., HONG KONG, HONG KONG, 852","","","https://www.freightnet.com/profile/145681.htm","No"
"Far Scale Cargo Services (H K) Ltd.","unit e, 16/f, golden bear ind. centre , 66-82 chai wan kok street, tsuen wan, Hong Kong,","","","https://www.freightnet.com/profile/9284.htm","No"
"TEAM WELL LOGISTICS LIMITED","ROOM 605B, 6/F, JOIN-IN HANG SING CENTRE, 2-16 KWAI FUNG CRESCENT, KWAI CHUNG, N.T., HONG KONG, CHINA, 852","","","https://www.freightnet.com/profile/81681.htm","No"
"ONEGLOBE LOGISTICS (HK) LIMITED","ROOM 702 KOWLOON BUILDING , 555 NATHAN ROAD, HONGKONG, KOWLOON, 00000","","","https://www.freightnet.com/profile/224088.htm","No"
"Air Ocean Cargo HK","Unit 715, 7/F, Tower 1, Cheung Sha Wan Plaza, 833 Cheung Sha Wan Road, Kowloon, Hong Kong., Kowloon, Hong Kong, 00000","","","https://www.freightnet.com/profile/241703.htm","No"
"Milestone Cargo International Freight Ltd","RM2401 24/F Wah Sing Ind Bldg , 12 Wah Sing Street, Kwai Chung, Hong Kong, 000","","","https://www.freightnet.com/profile/163464.htm","No"
"UK FREIGHT EXPRESS (HK)LTD","KOWLOON , KOWLOON, KOWLOON, HONG KONG, 110046","","","https://www.freightnet.com/profile/153442.htm","No"
"FreightAmigo Services Limited","Unit 506, 5/F, InnoCentre , 72 Tat Chee Ave, Kowloon, Hong Kong, 000","","","https://www.freightnet.com/profile/185818.htm","No"
"ADVANCELOG LTD.","Unit 2801-2802, 28/F., Peninsula Tower , 534-548 Castle Peak Road, Lai Chi Kok, Kowloon, Hong Kong, HKG","","","https://www.freightnet.com/profile/9883.htm","No"
"Mainfreight Hong Kong","8/F, Tower 2, Magnet Place, 38-42 Kwai Fung Crescent, Kwai Fong, N.T.,  HONG KONG , Hong Kong, Hong Kong, 999077","","","https://www.freightnet.com/profile/197983.htm","No"
"KANKEI LTD","Lucky CTR NO 165-171 Wanchai Rd, Wanchai, Flat 1506,15/F, Hongkong, Hongkong 999077, HK, Hong Kong, HK, 999077","","","https://www.freightnet.com/profile/234045.htm","No"
"Regal Worldwide Logistics Ltd","Rm 8 Blk A 9/F Lead On Industrial Building , 18 Ng Fong Street, San Po Kong, Kowloon, Hong Kong,","","","https://www.freightnet.com/profile/11627.htm","No"
"sakura","china shenzhen , fu  tian, luo hu, 466700","","","https://www.freightnet.com/profile/230735.htm","No"
"Mainfreight Hong Kong Limited","8/F, Tower 2, Magnet Place, 38-42 Kwai Fung Cres, Kwai Chung , Kwai Chung, New Territories, Hong Kong, 0000","","","https://www.freightnet.com/profile/220084.htm","No"
"UFM Container Line","1201, Fat Lee Ind Bldg,, Hong Kong, 00000","","","https://www.freightnet.com/profile/135219.htm","No"
"LOGFRET HONG KONG LIMITED","UNIT 1201, FOOK YIP BUILDING , NOS. 53-57 KWAI FUNG CRESCENT, N.T., HONG KONG, 000852","","","https://www.freightnet.com/profile/173242.htm","No"
"CaroTrans Hong Kong","8/F, Tower II, Magnet Place, 38-42 Kwai Fung Crescent, Kwai Fong , Hong Kong, Hong Kong, 000","","","https://www.freightnet.com/profile/214694.htm","No"
"FAIRATE EXPRESS LIMITED.","UNIT 1204-06, 12/F, PORT 33 , 33 TSEUK LUK STREET, SAN PO KONG, KOWLOON, 00000","","","https://www.freightnet.com/profile/194668.htm","No"
"i-Nomad HK Ltd","Unit 901 9/F  , Orient International Tower, Lai Chi Kok, Hong Kong, nil","","","https://www.freightnet.com/profile/217466.htm","No"
"super international freight agency","Lai Chi Kok , Hong Kong, Hong Kong, Hong Kong, Hong Kong","","","https://www.freightnet.com/profile/200665.htm","No"
"PJN EXPRESS TO INDONESIA","Cibubur Country Grand Food Market 1 No.10 Jl.Green Park Avenue Cikeas Udik Kec Gn Putri Kab Bogor Jawa Barat  , Bogor, Hong Kong SAR Tiongkok, 16966","","","https://www.freightnet.com/profile/217270.htm","No"
"Alpha Global Logistics Ltd","Units 1812 One Midtown  , 11 Hoi Shoi Road, Tsuen Wan, New Territories, hong kong, 18120","","","https://www.freightnet.com/profile/141796.htm","No"
"ELEPHANT LOGISTICS LTD","TSUEN WAN , TSUEN WAN, HONG KONG, 000","","","https://www.freightnet.com/profile/167659.htm","No"
"Btrade & Logistic Limited","Unit 2605 Island Place Tower, 510 King’s Road, North Point , Hong Kong, Hong Kong, 42345","","","https://www.freightnet.com/profile/206842.htm","No"
"Alpha Global SCM Company","Units 1812 , One Midtown, New Territories, Tsuen Wan, 852","","","https://www.freightnet.com/profile/145112.htm","No"
"CBM Logistics Limited","Rm 06,1/F,Ping Fai Ind’l Bldg.,312 Un Chau St., Cheung Sha Wan,Kowloon,Hong Kong, Cheung Sha Wan, Kowloon, 000","","","https://www.freightnet.com/profile/198131.htm","No"
"Easy Ship Express Ltd.","Unit 903-904, Block B, Chung Mei Centre , Hing Yip Street, Kowloon, Hong Kong, NA","","","https://www.freightnet.com/profile/97940.htm","No"
"MR Aviation Company Limited","Unit 3A,9th Floor , Sun Cheong Industrial Building ,No.2-4 Cheung Yee Street , Lai Chi Kok ,Kowloon  , , Hong Kong, contact:Matthew Chan      matthew@mraviation.com.hk","","","https://www.freightnet.com/profile/167886.htm","No"
"Surplus Logistics Ltd","Room 03, Unit A, 21/F., Pahsang Industrial Building, No. 16 San On Street, Tuen Mun, N.T. , Tuen Mun, Hong Kong, China, 000","","","https://www.freightnet.com/profile/4301.htm","No"
"INITIAL EXPRESS LIMITED","FLAT B (E),10/F FORDA INDUSTRIAL BLDG , NO.16 WANG CHAU ROAD, HONG KONG, HONG KONG, 00000","","","https://www.freightnet.com/profile/172502.htm","No"
"Bansard International","1 sheung yuet road , kowloon bay, hong kong, hong kong, hong kong","","","https://www.freightnet.com/profile/183193.htm","No"
"Confident Logistics Company Limited","Sanpokong , Kowloon, Hong Kong,","","","https://www.freightnet.com/profile/12201.htm","No"
"Alltrans Worldwide Logistics Ltd.","Flat A, 4/F., Amiata Ind. Bldg., 58-64 Lei Muk Road, Kwai Chung, N.T., Hong Kong, 00852","","","https://www.freightnet.com/profile/150669.htm","No"
"Hosanna Logistics Limited","RM 501-2, 5/F, Block A, Regent Centre, 63 Wo Yi Hop Road, Kwai Chung, N.T. H.K. , Hong Kong, Hong Kong, 852","","","https://www.freightnet.com/profile/1369.htm","No"
"Metro Freight Limited","Unit 05, 7/F, Hong Man Industrial Centre, 2 Hong Man Street, Chai Wan, Hong Kong. , Hong Kong, Hong Kong, 999077","","","https://www.freightnet.com/profile/145616.htm","No"
"freightamigo services limited","Unit 1112, Concordia Plaza , TST EAST, HK, HK","","","https://www.freightnet.com/profile/175468.htm","No"
"Argos Pacific Logistics.","1704 fook yip bldg, kwai fung crescent , N.T, Hong Kong SAR, HK","","","https://www.freightnet.com/profile/119119.htm","No"
"Nippon Marine Logistics (HK) Co., Ltd.","Unit 3A, 9/F., Sun Cheong Industrial Bldg., Lai Chi Kok, Kowloon, -","","","https://www.freightnet.com/profile/173816.htm","No"
"365 DAYS FREIGHT SERVICES (HK) LTD","5/F, BLOCK F , COMFORT BLDG., KOWLOON, HONG KONG, hkhkg","","","https://www.freightnet.com/profile/172730.htm","No"
"Trans Asia Express Ltd","Unit 3A, 9/F., Sun Cheong Ind'l Centre, No.2-4 Cheung Yee Street, Lai Chi Kok, Kowloon, -","","","https://www.freightnet.com/profile/129723.htm","No"
"ESA LOGISTICS (HK) CO., LTD.","23/F, FUN TOWER, 35 HUNG TO ROAD, KWUN TONG, KLN, HONG KONG, Kwun Tong, Kowloon, 00000","","","https://www.freightnet.com/profile/170633.htm","No"
"Marshal Freight Int'l Ltd","room 209, Wing Fat Ind'l bldg , 12 Wang Tai Rd., Kowloon, Hong Kong, 0000","","","https://www.freightnet.com/profile/169282.htm","No"
"International Freight Forwarder Fellowship","Rm. 601, 6/F, Tai Yip Building, 141 Thomson Road, Wanchai, Hong Kong, Hong Kong, Hong Kong, -","","","https://www.freightnet.com/profile/168332.htm","No"
"L&L Logistics Solutions Limited","Unit 9B, 7/F, TCL Tower, No.8 Tai Chung Road, Tsuen Wan , N.T., Hong Kong, 000000","","","https://www.freightnet.com/profile/149133.htm","No"
"Conquest Logistics International Ltd","Room 702, 7/F, Crown Industrial Building , 106 How Ming Street, Kwun Tong, Kowloon, Hong Kong,","","","https://www.freightnet.com/profile/23946.htm","No"
"The one shipping company","18floors unit d2 , TML TOWER, Tsuen wan, Hong kong, 852","","","https://www.freightnet.com/profile/154693.htm","No"
"CAPEX GLOBAL LTD","Room D6, 1/F, King Yip Factory Building, King Yip Street , Kwun Tong, Kowloon, Hong Kong, 000000","","","https://www.freightnet.com/profile/107642.htm","No"
"Goasia International Logistics Co., Ltd","Room 510, Block A, North Wing Wenjindu Customs Mansion, Shenzhen, China, 518000","","","https://www.freightnet.com/profile/162306.htm","No"
"Sino Shipping","Office C, 23/F., COS Centre, 56 Tsun Yip St, Kwun Tong, 000","","","https://www.freightnet.com/profile/161081.htm","No"
"QILIAN LOGISTICS LIMITED","UNIT 413, 4/F, CENTURY CENTRE, 44-46 HUNG TO ROAD, KWUN TONG, KOWLOON, HONG KONG, 000852","","","https://www.freightnet.com/profile/161870.htm","No"
"Modern Century Group","2101-2103, 21/F, Tower A, Regent Centre, 63 Wo Yi Hop Road, Kwai Chung, N.T., Hong Kong, Hong Kong","","","https://www.freightnet.com/profile/155359.htm","No"
"CS Global LTL Services","Room 13018E, ATL Logistics Centre B, Berth 3, Kwai Chung Container Terminals, Kwai Chung, N.T. Hong Kong , Hong Kong, Hong Kong, 852","","","https://www.freightnet.com/profile/159571.htm","No"
"SKY G LOGISTICS LTD.","UNIT J, 12/F, GOLDEN DRAGON INDUSTRIAL CENTRE , BLOCK 1M 152 TAI LIN PAI ROAD, KWAI CHUNG, N.T. HK, HONG KONG, NA, NA","","","https://www.freightnet.com/profile/134069.htm","No"
"Ensign Freight Ltd","Units 01-09, 21/F, Tower 1, Ever Gain Plaza , 88 Container Port Road, Kwai Chung, NT, Hong Kong, Hong Kong,","","","https://www.freightnet.com/profile/144009.htm","No"
"Melodis Logistic Int'l","1/F, Wing Cheong Ind Building , 53 Kwai Cheong road, N.T, Hong Kong, 00852","","","https://www.freightnet.com/profile/16324.htm","No"
"Supernova Logistics (Hong Kong) Limited","Unit 3, 6/F., Ricky Centre , 36 Chong Yip Street, Hong Kong, Hong Kong, 00852","","","https://www.freightnet.com/profile/117195.htm","No"
"Sui Jun International Ltd","Unit 808, 8/F., Tower B, Manulife Financial Centre, 223-231 Wai Yip St., HONG KONG, HONG KONG, 852","","","https://www.freightnet.com/profile/151557.htm","No"
"Creative Supply Chain Solution Ltd","Rm 304C, Join In Hang Seng Centre, 2-16 Kwai Fung Crescent, Hng Kong, China, 00852","","","https://www.freightnet.com/profile/102326.htm","No"
"Joint Link Logistics (HK) Ltd.","Rm.1201, Block B, Hi-Tech Ind. Centre , 491-501 Castle Peak Road, N.T., Hong Kong, ..","","","https://www.freightnet.com/profile/149690.htm","No"
"Land Mart Logistics (China) Ltd","Rm F2-05, 2/F., Phase II Hang Fung Industrial Building, No. 2G Hok Yuen Street, Hung Hom, Kowloon, Hong Kong, China, nil","","","https://www.freightnet.com/profile/22205.htm","No"
"Goldvest Logistics Limited","Unit D-10, 5/F, Hoover Industrial Building , 26-38, Kwai Cheong Road, Kwai Chung, N.T., Hong Kong, China, 00000","","","https://www.freightnet.com/profile/149008.htm","No"
"G.R. Logistics Ltd","2/F, 26 Chan UK Village , Clear Water Bay, Hong Kong, Sai Kung, HK1","","","https://www.freightnet.com/profile/139874.htm","No"
"Arc worldwide hk ltd","17/F, Kin Ho Industrial Building, 14-24 AU PUI Wan Street, FO TAN,  Shatin, New Territories , Shatin, hongkong, 852","","","https://www.freightnet.com/profile/143146.htm","No"
"Team Wings Logistics HK Company Ltd","RmC, 2/F, Capital Trade Centre, 62 Tsun Yip Street , Kwun Tong, Hong Kong, 852","","","https://www.freightnet.com/profile/146151.htm","No"
"JUSTINTIME SYSTEM LTD","UNIT 2, 18/F, BLOCK ONE, TAK FUNG IND.CENTRE, No.168 TEXACO ROAD, TSUEN WAN N.T., HONG KONG, HONG KONG, 852","","","https://www.freightnet.com/profile/145871.htm","No"
"Glory Pro International Co Ltd","Unit 1906, New Trend Centre , No.704 Prince Edward Road East, Hong Kong, Hong Kong, N/A","","","https://www.freightnet.com/profile/87115.htm","No"
"Korman International","unit 603 6/F Tower One Cheung Sha Wan Plaza , Kowloon, Hong Kong, 00","","","https://www.freightnet.com/profile/144600.htm","No"
"T-Z Cargo Ltd","Unit 1201-02, 12/F., Prosperity Place, 6 Shing Yip St., Kwun Tong, Kowloon, Hong Kong, 00000","","","https://www.freightnet.com/profile/144485.htm","No"
"Hong Kong Logistics Services Regional Ltd","Room 719, 7/F, KITEC, 1 Trademart Drive , Kowloon Bay, Hong Kong, n/a","","","https://www.freightnet.com/profile/137191.htm","No"
"Corgi Logistics Ltd","Room 1543, 15/F, Block B, Profit Industrial Building  , 1-15 Kwai Fung Crescent, Kwai Chung, New Territory, Hong Kong, 00000","","","https://www.freightnet.com/profile/133713.htm","No"
"Alpha Global SCM Co","Units 1812, One Midtown  , 11 Hoi Shing Road, Tsuen Wan, Hong Kong, Hong Kong, 852","","","https://www.freightnet.com/profile/142078.htm","No"
"TES Logistic & Transport (International) Limited","Room 1511, 5th floor, Trend Centre , 29-31, Cheung Lee Street, Chai Wan, Hong Kong, -","","","https://www.freightnet.com/profile/44588.htm","No"
"FINE SKY LOGISTICS LTD","ROOM B02, 10/F., TSUEN WAN IND. BLDG., 59-71 WANG LUNG STREET, HONG KONG, HONG KONG, 852","","","https://www.freightnet.com/profile/127508.htm","No"
"SUN FREIGHT LOGISTICS LTD","ROOM 2211 22/F WING HING INDUSTRIAL  , BUILDING NO 83 CHAI WAN STREET, TSUEN WAN, HONG KONG, 00001","","","https://www.freightnet.com/profile/140434.htm","No"
"Grandways Logistics (HK) Ltd.","Unit 13, 8/F., Hong Kong Industrial Centre Block A, 489-491 Castle Peak Road, Cheung Sha Wan, Kln, HK, HONG KONG, HONG KONG, 852","","","https://www.freightnet.com/profile/140381.htm","No"
"YGL Logistics Ltd.","Unit 14, 1/F., Kowloon Bay Ind. Center, 15 Wang Hoi Road, Kowloon Bay, Kowloon, Hong Kong  , Hong Kong, China, no ZIP code","","","https://www.freightnet.com/profile/113576.htm","No"
"Unitex Int'l Forwarding (HK) Ltd","Rm 1505, Premier Center, 20 Cheung Shum St , Cheung Sha Wan, Kowloon, Hong Kong,","","","https://www.freightnet.com/profile/1776.htm","No"
"nurna nada","FLT 5 15/F HOI TIN COURT ABERDEEN CENTRE ,BERDEEN HONG KONG , ABERDEEN, HONG KONG SAR, 0000","","","https://www.freightnet.com/profile/139157.htm","No"
"Pactrans Services Group (Book Express Network)","1st Floor, United Daily News Centre , 21 Yuk Yat Street, Tokwawan, Kowloon, Hong Kong,","","","https://www.freightnet.com/profile/52603.htm","No"
"G-STAR LOGISTICS (HK) LTD","RM A1, 12/F, YEE LIM IND CENTRE , BLOCK A, NO2-28 KWAI LOT ST, KWAI CHUNG, HONG KONG, 00001","","","https://www.freightnet.com/profile/96113.htm","No"
"CORGI LOGISTICS LIMITED","Unit 408, 4/F, KAI FUK IND CENTRE , NO 1 WANG TUNG STREET, HONG KONG, HONG KONG, N/A","","","https://www.freightnet.com/profile/133529.htm","No"
"J&S Supply Chain Management Co Ltd","Rm 7-9, 8/F, Block A , Proficient Industrial Centre, 6 Wang Kwun Road, Kowloon, Hong Kong, 00000","","","https://www.freightnet.com/profile/50723.htm","No"
"Air-City Company Limited","1/F Yeung Yiu Chung Indt Bldg , 20 Wang Hoi Road, Kowloon Bay, Hong Kong, 0000","","","https://www.freightnet.com/profile/131982.htm","No"
"Vico Shipping Company","Room B, 07/F EIB Tower , 40-44 Bonham Strand East, Sheung Wan, Hong Kong,","","","https://www.freightnet.com/profile/13388.htm","No"
"Kingsway Logistics Company Limited","Flat F,10/F Block 1 Golden Dragon Industrial Centre , No.152-160 Tai Lin Pai Road, Kwai Chung, Hong Kong,","","","https://www.freightnet.com/profile/21240.htm","No"
"LEIVAR SHIPPING (HONG KONG) LIMITED","UNIT 17, 9/F., TOWER A, NO.14 SCIENCE MUSEUM ROAD, TST, KLN, Hong Kong, 999070","","","https://www.freightnet.com/profile/102918.htm","No"
"Rockwood Int'l Freight Limited","Lg/F, Edwick Industrial Centre , 4-30 Lei Muk Road, Kwai Chung, Hong Kong,","","","https://www.freightnet.com/profile/477.htm","No"
"lucky freight (hong kong) Limited","Suite 2703, 27/F, Nina Tower, 8 Yeung Uk Road, Tsuen Wan, N.T., HK , tsuen wan, Hong Kong, 999077","","","https://www.freightnet.com/profile/128347.htm","No"
"ITO International Logistics Co Ltd","Unit B, 2/F On Dak Industrial Building , No. 2-6 Wah Sing St, Kwai Chung, NT, Hong Kong","","","https://www.freightnet.com/profile/89967.htm","No"
"SAIL WIN LOGISTICS LIMITED","105, Wang Fu Building, No. 5-7 Chatham Court, Tsim Sha Tsui. , Kowloon, Hong Kong, 0000","","","https://www.freightnet.com/profile/13532.htm","No"
"FERGUE (ASIA) LTD","ROOM 13, BLOCK B, 4/F., PROFICIENT INDUSTRIAL CENTRE, NO. 6, WANG KWUN ROAD, KOWLOON BAY, KOWLOON, HONG KONG, CHINA, HK","","","https://www.freightnet.com/profile/59671.htm","No"
"Tricor Global Logistics","1A 1/F 33 NG FONG STREET,SAN PO KONG,HONG KONG , HONG KONG, CHINA, HKG","","","https://www.freightnet.com/profile/100023.htm","No"
"Collyer Logistics South China Ltd","Unit 3 & 5, 10th Floor Wayson Commercial Building , No.28, Connaught Road West, Hong Kong,","","","https://www.freightnet.com/profile/7391.htm","No"
"SATSACO Express (Hong Kong) Ltd","Room 703, 7/F, GrandTech Centre, Shatin, Hong Kong, 852","","","https://www.freightnet.com/profile/119664.htm","No"
"MCLA Logistics Company Limited","G/F, 1-5 Pun Shan Street, Tsuen Wan , Hong Kong, Hong Kong, 00000","","","https://www.freightnet.com/profile/113279.htm","No"
"Oriental Logistics","Oriental Logistics Centre , 1-11 Ka Ting Road, New Territories, Hong Kong, 999077","","","https://www.freightnet.com/profile/116496.htm","No"
"SKILS Holdings HK Ltd","3C Hoi Kung Court , 268 Gloucester Rd, Hong Kong, Hong Kong, 0000","","","https://www.freightnet.com/profile/115766.htm","No"
"Shenzhen YGL International Freight Ltd.","Rm 602, Dongjia Building, No. 2008 Jiabin Road, Luohu District, Shenzhen, China , Unit 14, 1/F, Kowloon Bay Ind. Centre, 15 Wang Hoi Road, Kowloon City Kowloon, HK, Hong Kong, 518003","","","https://www.freightnet.com/profile/52086.htm","No"
"N-Tac Group","Unit One, 9/F., Blk A , Hoplite Ind. Centre, No.3-5 Wang Tai Road, Kowloon, Hong Kong,","","","https://www.freightnet.com/profile/10726.htm","No"
"Schenker International (HK) Ltd","3801-5 China Resources Building , 26 Harbour Road, Wan Chai, Hong Kong,","","","https://www.freightnet.com/profile/4119.htm","No"
"JR Freight (HK) Limited","Unit 17, Block C, 3/F., Koon Wo Industrial Building, 63-75 Ta Chuen Ping Street,  Kwai Chung. N.T. , Kwai Chung, Hong Kong, 852","","","https://www.freightnet.com/profile/109404.htm","No"
"Argos Pacific Logistics HK Ltd.","Unit 04, 17/F, fook yip building,, 53-57 Kwai Fung Crescent, Kwai Chung, N.T. Hong Kong, Hong Kong","","","https://www.freightnet.com/profile/93123.htm","No"
"Clare Freight Int'l (HK) Ltd","Unit 3, Level 1, Kerry Cargo Centre, Kowloon, Hong Kong, NIL","","","https://www.freightnet.com/profile/59213.htm","No"
"WSA Global Ltd.","Room 102 Hing Yip Commercial Centre, 272-284 Des Voeux Road Central, Hong Kong, Hong Kong, Hong Kong","","","https://www.freightnet.com/profile/103834.htm","No"
"PARK EXPRESS LOGISTICS LIMITED","ROOM 221, 2/FLOOR, WONG\'S BUILDING , 33 HUNG TO ROAD, KOWLOON, HONG KONG, HK","","","https://www.freightnet.com/profile/85304.htm","No"
"Almuch Group Company Limited","RM 1110, Jinji Financial Centre , Hong Kong, Hong Kong, China, 852","","","https://www.freightnet.com/profile/107140.htm","No"
"Kuehne + Nagel (Asia Pacific) Mgt. Ltd","25/F, MassMutual Tower , 38 Gloucester Road, Wan Chai, Hong Kong,","","","https://www.freightnet.com/profile/18014.htm","No"
"Preford Air Express","Room 301-303 Heng Ngai Jewelry Centre , 4 Hok Yuen Street, East, Hunghom, Kowloon, Hong Kong,","","","https://www.freightnet.com/profile/1656.htm","No"
"Wellson International Ltd","12/F, Man King Building, 28 Man Wui Street, Ferry Point, Kowloon,","","","https://www.freightnet.com/profile/3116.htm","No"
"Dolphin Logistics Co., Ltd.","Flat B, 4/F., Yeung Yiu Chung (No.6) Ind. Bldg., 19 Cheung Shun Street, Kowloon, Hong Kong, 852","","","https://www.freightnet.com/profile/106349.htm","No"
"Sagit Global","Flat/RM C 2/F , Capital Trade Centre, Hong Kong, China, 00000","","","https://www.freightnet.com/profile/63083.htm","No"
"3H Global Logistics (HK) Ltd.","Unit 301, 3/F., Hung To Centre , 94-98 How Ming Street, Kowloon, Hong Kong, 852","","","https://www.freightnet.com/profile/91982.htm","No"
"Pan World Shipping Co","Unit 1304, New Trend Centre, No.704 Prince Edward Road East, Hong Kong, Hong Kong, 852","","","https://www.freightnet.com/profile/87283.htm","No"
"Eternal Faith Shipping Limited","Room 2503-4, Wealth Commercial Centre , 48 Kwong Wa Street, Mongkok, Hong Kong,","","","https://www.freightnet.com/profile/9851.htm","No"
"Transarea China Limited","Room 1008 Albion Plaza , 2-6 Granville Road, Tsimshatsui, Kowloon, Hong Kong,","","","https://www.freightnet.com/profile/4501.htm","No"
"RS LOGISTICS LTD","ROOM 1502, 15/F NINA TOWER , NO. 8 YEUNG UK ROAD, N.T., HONG KONG, 999077","","","https://www.freightnet.com/profile/94085.htm","No"
"Sun Link Logistics","7th Floor Hecny Cargo Building , 111 Wai Yip Street, Kowloon, Hong Kong, n/a","","","https://www.freightnet.com/profile/43898.htm","No"
"GREAT SHARE INTERNATIONAL LOGISTICS LIMITED","FLAT C,23/F,LUCKY PLAZA,315-321 LOCKHART ROAD,WANCHAI,HONG KONG , FLAT C,23/F,LUCKY PLAZA,315-321 LOCKHART ROAD, hongkong, 518054","","","https://www.freightnet.com/profile/60709.htm","No"
"Freight  Options Express (HK) Ltd","Yau Tong , Hong Kong, Hong Kong, SAR, 852","","","https://www.freightnet.com/profile/89953.htm","No"
"S.O.E. Lines","Unit B, 17/F, Wai Tai Centre , 55 Connaught Road West, Hong Kong,","","","https://www.freightnet.com/profile/19029.htm","No"
"Regal World Transport System Ltd.","Rm.G1, 2/Fl., Kwai Shun Ind. Centre , 51-63 Container Port Road, Kwai Chung, Hong Kong,","","","https://www.freightnet.com/profile/4951.htm","No"
"F.C.C. Logistics Ltd","Room 1805 Tung Ning Building , 2 Hillier Street, Sheung Wan, Hong Kong,","","","https://www.freightnet.com/profile/20078.htm","No"
"Apex Logistics Ltd","Unit D, 14/F, Two Chinachem Plaza, No. 68, Connaught Road , Central, Hong Kong,","","","https://www.freightnet.com/profile/2532.htm","No"
"Shun Tat Logistics Limited","Unit 1803, 18/F, Tsuen Wan Industrial Centre, 220-248 Texaco Road, Tsuen Wan, N.T., HK , Hong Kong, China, 852","","","https://www.freightnet.com/profile/61074.htm","No"
"Lakers Freight Express Services Limited","Texaco Road, Tsuen Wan , N.T., Hong Kong, 000000","","","https://www.freightnet.com/profile/64503.htm","No"
"Top King Logistics Limited","Room 1002, 10th Floor, Lemmi Centre , 50 Hoi Yuen Road, Kwun Tong, Kowloon, Hong Kong, Hong Kong","","","https://www.freightnet.com/profile/44922.htm","No"
"Parisi Grand Smooth Logsitics Ltd","6/F, Sui Sing Building , 202 Cheung Sha Wan Road, Kowloon, Hong Kong,","","","https://www.freightnet.com/profile/8692.htm","No"
"VSK Logistics (HK) Co., Ltd.","Room 624, Thriving Ind Ctr, 26-38 Sha Tsui Road, Tsuen Wan , Tsuen Wan, Hong Kong, 000","","","https://www.freightnet.com/profile/8575.htm","No"
"FREIGHT OPTIONS EXPRESS HK LTD","YAU TONG , KOWLOON, HONG KONG, 852","","","https://www.freightnet.com/profile/59772.htm","No"
"3L-Leemark Logistics (HK) Ltd","Room 1508, Tower B , New Trade Plaza, No. 6, On Ping St, Hong Kong,","","","https://www.freightnet.com/profile/2694.htm","No"
"Dream Logistics Line(HK) Ltd","Room C, 2/F., Capital Trade Centre, 62 Tsun Yip Street, Hong Kong, Hong Kong, 000000","","","https://www.freightnet.com/profile/59698.htm","No"
"PACIFIC POWER LOGISTICS - PPL NETWORK","Room no. 1204, 12/F., Bonham Strand Trade Centre , 135 Bonham Strand, Sheung Wan, Hong Kong, 0000","","","https://www.freightnet.com/profile/51078.htm","No"
"3L-Leemark Ltd, Shenzhen Office","Room 1804 , Guidu Building, Luohu District, Shengzhen, China, 518022","","","https://www.freightnet.com/profile/59115.htm","No"
"TINSON LOGISTICS LIMITED","SAN PO KONG KOWLOON , HONG KONG, HONG KONG, HONG KONG","","","https://www.freightnet.com/profile/55150.htm","No"
"Topmost Shipping Limited","Flat H, 13/F, Block 4 , 436 Kwun Tong Road, Kowloon, Hong Kong, 999077","","","https://www.freightnet.com/profile/42360.htm","No"
"Immediate Express","13/F, China Merchants Bldg  , 152-155 Connaught Rd, Hong Kong, 00852","","","https://www.freightnet.com/profile/16985.htm","No"
"Wing Land Shipping Ltd","Flat A 5F Wan Shun Industrial Building , No 4 Cho Yuen Street, Kowloon, Hong Kong, 852","","","https://www.freightnet.com/profile/44225.htm","No"
"Sun Wing Logistics","15B,Granville House, 41C Granville Road , Tsim Sha Tsui, Hong Kong,","","","https://www.freightnet.com/profile/22682.htm","No"
"Logview Cargo Solutions International Limited","Room 1601-3 Enterprise Square II , 3 Sheung Yuet Road, Hong Kong, 852","","","https://www.freightnet.com/profile/53635.htm","No"
"Asia Shipping Intl Transport (HK) Ltd","Rm. 707, 7/F., Tower 2, Cheung Sha Wan Plaza , 833 Cheung Sha Wan Rd., Kowloon, Hong Kong, 80011","","","https://www.freightnet.com/profile/12566.htm","No"
"Indo-China Express Limited","Unit 4104 41/F  Tower Ii Metroplaza , 223 Hing Fong Rd Kwai Chung, Hong Kong,","","","https://www.freightnet.com/profile/2188.htm","No"
"Trade Service Company","Unit 16, 4/Floor, Block B , Goodview Industrial Building, 11 Kin Fat Street, Hong Kong,","","","https://www.freightnet.com/profile/7421.htm","No"
"JFS Global Logistics Ltd.,","801, 8/fl, Park Sun Bldg., Kwai Chung, HK, China, 00000","","","https://www.freightnet.com/profile/51681.htm","No"
"United Victor International Limited","Room 1001-1005 , China Resources Building, Hong Kong, 852","","","https://www.freightnet.com/profile/51661.htm","No"
"Sanity Freight International Limited","Unit A3, 10/F, Blk A , Tonic Industrial Centre, Kln Bay, Kowloon, Hong Kong,","","","https://www.freightnet.com/profile/1219.htm","No"
"TFI Forwarding (HK) Co Ltd","4/F., Kam Fung Commercial  Bldg , 2-4 Tin Lok Lane, Wan Chai, Hong Kong,","","","https://www.freightnet.com/profile/2287.htm","No"
"Con-Link Shipping Limited","1904 19/Fl., Metro Plaza Tower Two , 223 Hing Fong Road, Kwai Fong, Hong Kong,","","","https://www.freightnet.com/profile/18276.htm","No"
"Cargo Union Freight Services Limited","Unit B10-B13  9/F  Block B2 Yau Tong Industrial City , 17 Ko Fai Road Yau Tong, Kowloon, Hong Kong,","","","https://www.freightnet.com/profile/9654.htm","No"
"Proud Sky Company Limited","1618 NAM FUNG COMMERICAL CENTRE , 19 LAM LOK STREET, HONG KONG, HONG KONG, CHINA, 00852","","","https://www.freightnet.com/profile/47553.htm","No"
"Access Freight Services (HK) Ltd","Unit A, 20/F., Crason Commercial Centre , 333 Nathan Road, Kowloon, Hong Kong,","","","https://www.freightnet.com/profile/483.htm","No"
"Capital Distribution Service Ltd","Rm 1701, Clifford Centre , 778-784 Cheung Sha Wan Road, Lai Chik Kok, Hong Kong,","","","https://www.freightnet.com/profile/1016.htm","No"
"Seatop Shipping Ltd","Rm 4118-22 Metro Plaza Tower I , 223 Hing Fong Road,Kwai Fong, N.T., Hong Kong, 1234","","","https://www.freightnet.com/profile/1043.htm","No"
"Unitrans Shipping & Air Cargo Ltd.","Unit 1-2, 13/F., Peninsula Tower, 538 Castle Peak Road , Cheung Sha Wan, Kowloon, Hong Kong,","","","https://www.freightnet.com/profile/1090.htm","No"
"MAT Cargo Services Ltd","Rm. 18, 18/F., Blk. C, Wah Tat Ind. Ctr., 8-10 Wah Sing St , Kwai Chung, N.T, Hong Kong,","","","https://www.freightnet.com/profile/1151.htm","No"
"Profit Cheer Shipping Ltd","Room 1702 Asia Trade Centre , 79 Lei Muk Road, Kwai Chung, Hong Kong,","","","https://www.freightnet.com/profile/1319.htm","No"
"Flying Colt Air & Sea Services Ltd","9b Air Goal Cargo Bldg , 330 Kwun Tong Road, Kwun Tong, Kowloon, Hong Kong,","","","https://www.freightnet.com/profile/1384.htm","No"
"IFL Shipping (HK) Ltd.","Room 2513, 25/F., Tower B, Regent Centre , 63 Wo Yi Hop Road, Kwai Chung, Hong Kong, HK","","","https://www.freightnet.com/profile/1455.htm","No"
"HYFA Freight Ltd","Suite 1701, CEF Lend Lease Plaza, 663 King's Road , Quarry Bay, Hong Kong,","","","https://www.freightnet.com/profile/1460.htm","No"
"Star Trans International Limited","Star Trans Int'l Building , 105 Wai Yip Street, Kwun Tong, Kowloon, Hong Kong,","","","https://www.freightnet.com/profile/1827.htm","No"
"Fliway Park (Hong Kong) Limited","Room 1706-8, Westin Centre , 26 Hung To Road, Kwun Tong, Kowloon, Hong Kong,","","","https://www.freightnet.com/profile/2184.htm","No"
"China Wheel Shipping (Holdings) Ltd","Flat A 6/F M R D Bldg , 12 Humphreys Avenue, Kowloon, Hong Kong,","","","https://www.freightnet.com/profile/2353.htm","No"
"Piff Shipping Ltd","16-17 Floors Loon Kee Bldg , 267-275 Des Voeux Road Central, Hong Kong,","","","https://www.freightnet.com/profile/2947.htm","No"
"Amco Cargo Systems Limited","Room 804-6 Yuen Fat Industrial, 25 Wang Chiu Road , Kowloon Bay, Kowloon, Hong Kong,","","","https://www.freightnet.com/profile/3135.htm","No"
"International Freight Express (Hk) Limited","Room 802-3 Yuen Fat Industrial Building, 25 Wang Chiu Road , Kowloon Bay, Kowloon, Hong Kong,","","","https://www.freightnet.com/profile/3136.htm","No"
"BAS (H.K.) Ltd","3518-19, 35/F., Metroplaza Tower I , 223 Hing Fong Road, Kwai Fong, Hong Kong,","","","https://www.freightnet.com/profile/3216.htm","No"
"East Development Group","Flat 0, 10/F, Camelpaint Building  Block 3 , 60 Hoi Yuen Road, Kwun Tong, Kowloon, Hong Kong,","","","https://www.freightnet.com/profile/3251.htm","No"
"Elite Logistics (Hong Kong) Ltd","Rm 903, Hang Bong Commercial Centre , 28 Shanghai Street, Kowloon, Hong Kong,","","","https://www.freightnet.com/profile/3308.htm","No"
"N-Tac (Hong Kong) Logistics Limited","Unit 926, 9/F., Metro Centre, Phase 2 , Kowloon Bay, Kowloon, Hong Kong,","","","https://www.freightnet.com/profile/3503.htm","No"
"Elite International Transportation - HK Ltd","Unit A-B, 26/F., CNT Tower , 338 Hennesey Road, Wan Chai, Hong Kong,","","","https://www.freightnet.com/profile/3830.htm","No"
"Mega-Trans International Logistics Ltd","1734 Star House  3 Salisbury Road , Tsim Sha Tsui, Kowloon, Hong Kong,","","","https://www.freightnet.com/profile/4310.htm","No"
"Cargo Resource Shipping Ltd","Suite 1601, 16/Floor , Grand City Plaza.No.1 Sai Lau Kok Road, Tsuen Wan, Hong Kong,","","","https://www.freightnet.com/profile/4419.htm","No"
"Rivendell Pacific Group Ltd","Rm 903, 9/Floor, Dannies House , 20 Luard Road, Wan Chai, Hong Kong,","","","https://www.freightnet.com/profile/4474.htm","No"
"Freight Depot & Logistics Ltd.,","Rm 603a Conic Investment Bldg.,13 Hok Yuen St., Hunghom Kowloon , , Hong Kong,","","","https://www.freightnet.com/profile/5096.htm","No"
"Point's Shipping Co Ltd","Unit 01, 10th Floor, win Centry Centre , No 2a Mongkok Road, Kowloon, Hong Kong,","","","https://www.freightnet.com/profile/5196.htm","No"
"Lapton Freight International Limited","Rm 905, 9/F, Elite Ind. Ctr , 883 Cheung Sha Wan Rd, Kowloon, Hong Kong,","","","https://www.freightnet.com/profile/6169.htm","No"
"International Consolidators Ltd.","Flat F, 3/F., Cheung Lok Bldg., 199 Cheung Sha Wan Rd. , Cheung Sha Wan, Kowloon, Hong Kong,","","","https://www.freightnet.com/profile/6244.htm","No"
"HYFA Business Logistics Limited","Flat B 1/F Fuk On Industrial Building , 1123 Canton Road, Mongkok, Kowloon, Hong Kong,","","","https://www.freightnet.com/profile/6528.htm","No"
"China Aviation Express (HK) Ltd","Unit B&C, G/F, Pioneer Building , , Hong Kong,","","","https://www.freightnet.com/profile/7116.htm","No"
"Prime Universal Logistic Ltd","Room 8, 26/Floor , Global Trade Centre, 15 Wing Kin Road, Kwai Chung, N.T., Hong Kong,","","","https://www.freightnet.com/profile/7158.htm","No"
"Hongyu Shipping (HK) Ltd","Rm. 1607 16F Dominion Centre. , No 43-59 Queen's Road East, Wan Chai, Hong Kong,","","","https://www.freightnet.com/profile/7380.htm","No"
"Santa Fe Transport International Ltd","18/Floor, CC Wu Building , 302 Hennessy Road, Wan Chai, Hong Kong,","","","https://www.freightnet.com/profile/7818.htm","No"
"Cargo Freight Services Ltd","Unit 05, 18th Floor, Stelux House , 698 Prince Edward Road E, San Po Kong, Kowloon, Hong Kong,","","","https://www.freightnet.com/profile/7987.htm","No"
"Happy Logistics (China) Ltd","13/F., Tung Sun Commercial Centre , 200 Lockhart Rd, Wan Chai, Hong Kong,","","","https://www.freightnet.com/profile/8045.htm","No"
"Intelligence Transport Logistics Ltd.","Unit 02, 19/F., Clifford Centre , 778-784 Cheung Sha Wan Road, Kowloon, Hong Kong,","","","https://www.freightnet.com/profile/8153.htm","No"
"TwinStar Logistics Ltd","Unit 1607-9 16/F Sterling Centre , No. 11 Cheung Yue Street, Cheung Sha Wan, Hong Kong,","","","https://www.freightnet.com/profile/8253.htm","No"
"Iditarod Logistics Ltd","Room 810, 8th Floor Wing Fat Industrial Buidling , 12 Wang Tai Road, Kowloon, Hong Kong,","","","https://www.freightnet.com/profile/8527.htm","No"
"KS Global Logistics Ltd","3/F., Flat N, Kaiser Estate , Phase 3, 11 Hok Yuen Street, Hung Hom, Kowloon, Hong Kong,","","","https://www.freightnet.com/profile/8917.htm","No"
"Narita Express (H K) Limited","Unit B 1/F Tai Tak Industrial Building , 2-12 Kwai Fat Road Kwai Chung, Hong Kong,","","","https://www.freightnet.com/profile/9415.htm","No"
"Shenship Logistics Ltd","1210 - 1212  Hunghom Commercial Centre , Tower A, 39 Matauwai Road, Hunghom, Kowloon, Hong Kong,","","","https://www.freightnet.com/profile/9452.htm","No"
"Imperial Cargo Logistics (HK) Ltd","15/F, Ashley Nine , 9-11 Ashley Road, Kowloon, Hong Kong, 15","","","https://www.freightnet.com/profile/9816.htm","No"
"Pacific Aviation Freight Forwarding Ltd","Room 3807A, Wharf Cable Tower , 9 Hoi Shing Road, Tsuen Wan, Hong Kong,","","","https://www.freightnet.com/profile/9992.htm","No"
"Albatros Sea-Air Service","16/F, Wharf T & T Centre , 7 Canton Road, Tsimshatsui, Kowloon, Hong Kong, Kowloon","","","https://www.freightnet.com/profile/10016.htm","No"
"Link First Global Logistics Ltd","1305, Tower A, Regent Centre , 63 Wo Yi Hop Road, Kwai Chung, Hong Kong, NT","","","https://www.freightnet.com/profile/10093.htm","No"
"ASL International Limited","Unit 204, Kerry Cargo Centre , 55 Wing Kei Rd, Kwai Chung, Hong Kong,","","","https://www.freightnet.com/profile/10677.htm","No"
"World Trade Freight Agencies Ltd","suite 708. Grand City Plaza , 1 Sai Lau Kok Road, Tsuen Wan, Hong Kong, 00852","","","https://www.freightnet.com/profile/11021.htm","No"
"F S International Ltd","9/F Nam Wo Hong Building , 148 Wing Lok Street, Sheung Wan, Hong Kong,","","","https://www.freightnet.com/profile/11260.htm","No"
"Korman International","13th Floor, Quality Education Tower , 476 Nathan Road, Yaumatei, Kowloon, Hong Kong,","","","https://www.freightnet.com/profile/11994.htm","No"
"Grand Power Express International Ltd","Unit 4205-07A, Metroplaza, Tower II , Kw223 Hing Fong Road, Kwai Chung, Hong Kong, 0852","","","https://www.freightnet.com/profile/12742.htm","No"
"Air & Ground Logistics","Unit 2902, Metro Plaza Tower 2 , 223 Hing Fong Road, Kwai Chung, Hong Kong, 1","","","https://www.freightnet.com/profile/13180.htm","No"
"American Logistics Limited","B3, 8/F, Block B, Tin On Industrial Building , 777 Cheung Sha Wan Road, Kowloon, Hong Kong, 00852","","","https://www.freightnet.com/profile/13248.htm","No"
"World Link Logistics Service","Suite 1703, Pacific Plaza , 418 Des Voeux Road West, Hong Kong,","","","https://www.freightnet.com/profile/13345.htm","No"
"Sun Cargo International Ltd","Unit 8, 1/F., Sino Industrial Plaza , 9 Kai Cheung Road, Kowloon, Hong Kong,","","","https://www.freightnet.com/profile/13990.htm","No"
"BFP Logistics Service Ltd","Flat A, 6/F., S.B. Comm Bldg , 478 Nathan Road, Yau Ma Tei, Kowloon, Hong Kong, 00000","","","https://www.freightnet.com/profile/14829.htm","No"
"Promise Logistics Ltd","Rm 903, Tonic Industrial Centre, Blk B , 19 Lam Hing Street, Kowloon, Hong Kong,","","","https://www.freightnet.com/profile/14860.htm","No"
"TH Freight (Hongkong) Co Ltd","Suite 403, 4/F, Stag Building , No. 1 Queen's Road, Central, Hong Kong, 5180","","","https://www.freightnet.com/profile/14897.htm","No"
"Triple Eagle Container Line Ltd","18/F Peninsular Tower , 451-453 Castle Peak Road, Kowloon, Hong Kong,","","","https://www.freightnet.com/profile/15484.htm","No"
"Jolly-B Box Express (HK) Co Ltd","Unit 2, 9/Floor, Kai Tak Commercial Bldg , No. 317-319 Des Voeux Road Central, Hong Kong,","","","https://www.freightnet.com/profile/17070.htm","No"
"Reynold Express Company Limited","10/F., United Centre , 95 Queensway, Hong Kong,","","","https://www.freightnet.com/profile/17240.htm","No"
"Chun Yu Logistics Holdings","Room A, 4/F, Chun Yu Cargo Centre , Block E, 52-62 Tsing Yi Road, Tsing Yi, Hong Kong,","","","https://www.freightnet.com/profile/17810.htm","No"
"Voyage Logistics Ltd","902 Apec Plaza , 49 Hoi Yuen Road, Kwun Tong, Hong Kong,","","","https://www.freightnet.com/profile/18231.htm","No"
"Yoostar Industrial Co Ltd","Rooms 1318-20, 13/F , Hollywood Plaza, 610 Nathan Road, Mongkok, Kowloon, Hong Kong,","","","https://www.freightnet.com/profile/18432.htm","No"
"Peak Ocean International Company","Unit 2202 , No. 99 Hennessy Road, Wan Chai, Hong Kong,","","","https://www.freightnet.com/profile/18514.htm","No"
"ASA Logistics Asia Limited","Room 2302, 23rd Floor , 287-299 Queens Road, Central, Hong Kong,","","","https://www.freightnet.com/profile/18570.htm","No"
"Wealth International Logistics Co Ltd","Flat K, 16/F. Wing Hong Factory Building  , No.16-28 Kwai Fung Crescent, Kwai Chung, Hong Kong,","","","https://www.freightnet.com/profile/18946.htm","No"
"LFS Global Logistics Ltd","1306 Tower A, Regent Centre , 63 Wo Yi Hop Road, Kwai Chung, Hong Kong, NT","","","https://www.freightnet.com/profile/19266.htm","No"
"The Janel Group Of Hong Kong Ltd","Rm 1301-2 Austin Tower , 22-26 Austin Ave, Hong Kong,","","","https://www.freightnet.com/profile/19557.htm","No"
"Smart Freight (HK) Limited","Room 807, Futura Plaza, 111-113 How Ming Street , Kwun Tong, Kowloon, Hong Kong,","","","https://www.freightnet.com/profile/19567.htm","No"
"Freightman Intl Logistics & Solutions Ltd","3703, Office Tower, Langham Placa, Mongkok, Hong Kong, Hong Kong, Kowloon, 852","","","https://www.freightnet.com/profile/19676.htm","No"
"V-Logic Limited","1003-5, 10/F, Phase One, Modern Terminals , Berth One, Kwai Chung, Hong Kong,","","","https://www.freightnet.com/profile/19974.htm","No"
"Sam Lee Logistics Ltd","Room 155 Tak Shing Building , , Hong Kong, 9087","","","https://www.freightnet.com/profile/21047.htm","No"
"EKK Logistics Limited","B301, 3/F Wah Mow Fty Bldg , 202-204 Choi Hung Rd, San Po Kong, Kowloon, Hong Kong, HK","","","https://www.freightnet.com/profile/21053.htm","No"
"Max Mount Holdings Limited","Room 1407-08, Harbour Centre , 25 Harbour Road, Wan Chai, Hong Kong,","","","https://www.freightnet.com/profile/21079.htm","No"
"Joyhigh Shipping Ltd","Kwoloo , Hongkong, 8561230","","","https://www.freightnet.com/profile/21912.htm","No"
"Wangfoong Logistics Ltd","2/F Harbour Commercial Building , 122 Connaught Road Central, Hong Kong,","","","https://www.freightnet.com/profile/21989.htm","No"
"MAQ Logistics HK Ltd","Room No. 16,  Second Floor, Sheung Che Tsuen Pat Heung Yuen Long Fan Kam Road , DD 111 Lot 60 61, Yuen Long, Hong Kong,","","","https://www.freightnet.com/profile/22331.htm","No"
"Sky Max Logistics","Flat I, 17/F., Block 3, Golden Dragon Industrial Centre , 172-180 Tai Lin Pai Road, Kwai Chung, Kowloon, Hong Kong,","","","https://www.freightnet.com/profile/22599.htm","No"
"Manta international logistics ltd","401 Dapeng Building ,Luofang,Luohu , Shenzhen, China, 518002","","","https://www.freightnet.com/profile/45418.htm","No"
"Indo-China Global Logistics Ltd","Room 903, 9/F. Fook Yip Bldg , 53-57 Kwai Chung, N.T., Hong Kong, China, 0852","","","https://www.freightnet.com/profile/23368.htm","No"
"Soar International Logistics Co","RM 810, 8/F., Sterling Centre , No.11 Cheung Yue Street, Kowloon, Hong Kong, 000000","","","https://www.freightnet.com/profile/43586.htm","No"
"TPF Forwarding Network (Hong Kong)","Unit 307 - 309, 3/F, Block B, Hi - Tech Industrial Centre 491 - 501 Castle Peak Rd, Tsuen Wan, N.T. , Hong Kong, Hong Kong, 00000","","","https://www.freightnet.com/profile/111571.htm","No"
"SHANGHAI DRAGON (LOGISTICS) LTD.","7/F, SHIU FUNG HONG BUILDING , 239 WING LOK STREET, HONG KONG, HONG KONG, +852","","","https://www.freightnet.com/profile/133416.htm","No"
"Bansard International","Unit B, 17/F, YHC Tower, 1 Sheung Yuet Road, Kowloon Bay, Hong Kong , Hong Kong, Hong Kong, 00000","","","https://www.freightnet.com/profile/194836.htm","No"