"name","address","phone","website","profileUrl","isPremiumMember"
"PMG CONTAINERS PVT LTD","13A AIRDINA COLONY  , TEMPLE ROAD, CHENNAI, TAMILNADU, 600010","","","https://www.freightnet.com/profile/263569.htm","No"
"Vagmine Marine Services","B 7001/ 7002, Olive Shallots , Sector 16A, plot 17, Sanpada, NAVI mumbai, Maharashtra, 400705","","","https://www.freightnet.com/profile/182683.htm","No"
"Self","Sector 43 , , Gurgaon,","","","https://www.freightnet.com/profile/156025.htm","No"
"Prime Forklift Service","Main Vikas marg , Delhi, India, 110092","","","https://www.freightnet.com/profile/83176.htm","No"
"AKC & Associates","AD/118-D , Shalimar Bagh, Delhi, Delhi, 110088","","","https://www.freightnet.com/profile/59168.htm","No"
"Sealite Marine","Plot No.7, Madhav Baug , Near Water Tank, Bhavnagar, India, 364002","","","https://www.freightnet.com/profile/58043.htm","No"
"Muntazir Marine","Near Kumbharwada Railway Crossing , Bhavnagar, Gujarat, 364003","","","https://www.freightnet.com/profile/17515.htm","No"